Restaurant_ID,Restaurant_Name,Cuisine,City,Area,Opening_Year,Average_Rating,Price_Range,Pure_Veg,Online_Since,Partner_Type,Commission_Tier,Popularity
1,Restaurant_1,Mughlai,Kolkata,Area_6,2010,3.4,Low,False,2021-06-15,Regular,Tier 2,1.2644459537196964
2,Restaurant_2,Bakery,Pune,Area_2,2020,4.0,Medium,True,2022-02-10,Bolt Partner,Tier 1,4.504427110344625
3,Restaurant_3,Desserts,Mumbai,Area_19,2019,4.5,High,False,2020-03-09,Gold,Tier 1,1.9316466907271714
4,Restaurant_4,Street Food,Jaipur,Area_4,2012,3.9,High,False,2020-07-29,Regular,Tier 2,1.5784940772771696
5,Restaurant_5,American,Lucknow,Area_14,2021,4.0,Low,True,2020-07-15,Regular,Tier 2,1.0885128808830968
6,Restaurant_6,Healthy Food,Jaipur,Area_4,2021,3.3,Low,True,2020-05-26,Bolt Partner,Tier 1,1.0884973269355578
7,Restaurant_7,North Indian,Kolkata,Area_2,2022,3.8,Low,True,2021-11-08,Gold,Tier 1,1.0303714664927321
8,Restaurant_8,American,Jaipur,Area_15,2016,4.3,Low,True,2022-03-01,Regular,Tier 2,2.7335890941086682
9,Restaurant_9,Bakery,Chennai,Area_17,2019,4.0,Medium,False,2021-05-12,Bolt Partner,Tier 1,1.5833471834996309
10,Restaurant_10,Mexican,Noida,Area_17,2019,3.3,High,False,2021-03-07,Bolt Partner,Tier 1,1.8508130533712097
11,Restaurant_11,Continental,Kolkata,Area_2,2011,4.9,High,False,2020-01-09,Toing Partner,Tier 3,1.0104539183482386
12,Restaurant_12,Italian,Kolkata,Area_19,2022,4.4,Medium,False,2020-04-26,Regular,Tier 2,5.764847712953568
13,Restaurant_13,Healthy Food,Mumbai,Area_8,2020,3.3,Medium,False,2020-01-17,Toing Partner,Tier 3,2.442970633854936
14,Restaurant_14,South Indian,Chennai,Area_14,2019,3.4,Medium,False,2022-01-31,Regular,Tier 2,1.1267572450661902
15,Restaurant_15,Mexican,Gurgaon,Area_7,2019,4.8,High,True,2022-02-07,Toing Partner,Tier 3,1.1055461810817975
16,Restaurant_16,Bakery,Lucknow,Area_20,2014,4.7,Low,True,2021-10-22,Bolt Partner,Tier 1,1.1066148948634897
17,Restaurant_17,Thai,Chennai,Area_6,2017,4.6,High,True,2020-02-01,Regular,Tier 2,1.198866904820821
18,Restaurant_18,Thai,Hyderabad,Area_10,2022,4.4,High,False,2021-05-22,Regular,Tier 2,1.4505806367708411
19,Restaurant_19,Mughlai,Chennai,Area_19,2018,3.2,Low,True,2020-04-30,Toing Partner,Tier 3,1.3267980168327367
20,Restaurant_20,South Indian,Ahmedabad,Area_20,2015,3.5,Medium,False,2021-02-12,Regular,Tier 2,1.187810262253085
21,Restaurant_21,Bakery,Jaipur,Area_17,2021,3.9,Low,False,2022-02-09,Bolt Partner,Tier 1,1.60509900004366
22,Restaurant_22,Chinese,Chennai,Area_17,2018,3.2,High,False,2021-10-01,Gold,Tier 1,1.0780105556949393
23,Restaurant_23,Italian,Noida,Area_16,2012,3.6,Low,False,2022-07-11,Regular,Tier 2,1.1885781442844963
24,Restaurant_24,American,Bangalore,Area_20,2022,4.4,High,True,2021-07-03,Bolt Partner,Tier 1,1.2562594423687363
25,Restaurant_25,American,Hyderabad,Area_15,2019,4.5,Medium,True,2021-06-30,Regular,Tier 2,1.355902580881852
26,Restaurant_26,Street Food,Kolkata,Area_19,2018,3.6,Low,True,2021-10-03,Toing Partner,Tier 3,2.157538536616732
27,Restaurant_27,Japanese,Ahmedabad,Area_7,2015,4.6,Low,False,2020-03-02,Toing Partner,Tier 3,1.1178061067938079
28,Restaurant_28,Fast Food,Hyderabad,Area_17,2012,3.6,Medium,True,2020-02-11,Gold,Tier 1,1.4347843763191193
29,Restaurant_29,Healthy Food,Noida,Area_3,2018,4.7,Medium,False,2022-01-05,Bolt Partner,Tier 1,1.5663567176151074
30,Restaurant_30,Continental,Lucknow,Area_19,2010,4.8,Low,False,2021-06-27,Regular,Tier 2,1.0240669700089868
31,Restaurant_31,Bakery,Noida,Area_8,2020,3.1,High,False,2021-12-17,Regular,Tier 2,1.5962649760242102
32,Restaurant_32,Italian,Bangalore,Area_9,2018,4.8,Medium,True,2020-05-22,Regular,Tier 2,1.097989330677541
33,Restaurant_33,Mexican,Gurgaon,Area_18,2022,3.7,Medium,False,2022-03-26,Regular,Tier 2,1.0342039138955947
34,Restaurant_34,Desserts,Kolkata,Area_5,2018,3.5,High,False,2020-06-17,Bolt Partner,Tier 1,4.423113663127404
35,Restaurant_35,Healthy Food,Pune,Area_14,2020,3.5,Low,False,2022-02-02,Regular,Tier 2,5.394150745597778
36,Restaurant_36,Desserts,Lucknow,Area_13,2016,3.4,Low,False,2022-07-02,Bolt Partner,Tier 1,2.2845425021134633
37,Restaurant_37,Thai,Hyderabad,Area_6,2020,4.0,Medium,True,2021-02-18,Regular,Tier 2,1.1991871232731455
38,Restaurant_38,Fast Food,Pune,Area_18,2011,3.5,Medium,False,2022-07-11,Regular,Tier 2,1.0527319659588514
39,Restaurant_39,Japanese,Lucknow,Area_10,2012,3.9,Low,False,2020-06-23,Gold,Tier 1,1.7795764410985562
40,Restaurant_40,Street Food,Kolkata,Area_18,2012,3.9,High,True,2022-05-26,Toing Partner,Tier 3,1.3364881916681854
41,Restaurant_41,Desserts,Kolkata,Area_3,2012,3.1,High,False,2022-06-01,Toing Partner,Tier 3,1.0672402563948746
42,Restaurant_42,Mughlai,Gurgaon,Area_19,2022,4.3,High,True,2021-06-17,Gold,Tier 1,1.4074416364573665
43,Restaurant_43,Healthy Food,Kolkata,Area_2,2011,3.8,Low,False,2022-06-26,Toing Partner,Tier 3,1.017650827456628
44,Restaurant_44,Japanese,Chennai,Area_13,2023,4.8,Medium,False,2022-06-07,Regular,Tier 2,3.3208190147553927
45,Restaurant_45,South Indian,Kolkata,Area_18,2015,3.0,Low,False,2020-05-07,Toing Partner,Tier 3,1.1615192987058522
46,Restaurant_46,Street Food,Noida,Area_7,2011,4.2,Low,True,2021-09-11,Gold,Tier 1,1.7213827620714943
47,Restaurant_47,Street Food,Chennai,Area_7,2019,3.6,Low,True,2021-04-21,Bolt Partner,Tier 1,1.20535398926787
48,Restaurant_48,Italian,Chennai,Area_3,2023,4.7,Low,False,2021-11-24,Toing Partner,Tier 3,1.4434779547963743
49,Restaurant_49,South Indian,Delhi,Area_15,2014,4.4,Low,False,2021-04-14,Bolt Partner,Tier 1,1.4852927620579766
50,Restaurant_50,Thai,Bangalore,Area_18,2012,3.6,Medium,False,2022-07-16,Gold,Tier 1,1.1075986569685643
51,Restaurant_51,American,Bangalore,Area_10,2016,3.7,High,False,2022-08-17,Gold,Tier 1,5.733943800807773
52,Restaurant_52,Continental,Hyderabad,Area_2,2020,4.2,Medium,False,2021-12-12,Bolt Partner,Tier 1,2.1088076407087213
53,Restaurant_53,South Indian,Bangalore,Area_17,2011,3.4,Low,False,2021-08-21,Bolt Partner,Tier 1,4.065542578123296
54,Restaurant_54,Thai,Kolkata,Area_16,2013,4.3,Low,False,2021-07-27,Bolt Partner,Tier 1,3.0835329421860562
55,Restaurant_55,Mexican,Noida,Area_15,2016,3.6,High,True,2022-05-26,Toing Partner,Tier 3,1.577004570484954
56,Restaurant_56,American,Lucknow,Area_3,2021,4.0,High,False,2022-05-05,Toing Partner,Tier 3,3.5776912481955003
57,Restaurant_57,Italian,Pune,Area_12,2011,4.7,High,False,2021-03-03,Toing Partner,Tier 3,1.0474176243430569
58,Restaurant_58,American,Delhi,Area_20,2014,4.9,Low,True,2020-08-21,Bolt Partner,Tier 1,1.115237456061295
59,Restaurant_59,Chinese,Lucknow,Area_10,2015,4.5,Low,False,2022-07-23,Toing Partner,Tier 3,1.023410812743319
60,Restaurant_60,Mexican,Bangalore,Area_13,2012,4.9,Low,False,2020-04-03,Regular,Tier 2,1.2174591747767853
61,Restaurant_61,South Indian,Delhi,Area_2,2016,5.0,High,False,2021-12-17,Gold,Tier 1,1.2789828913156454
62,Restaurant_62,Desserts,Gurgaon,Area_9,2015,4.0,Low,False,2021-06-17,Bolt Partner,Tier 1,1.1714944267644936
63,Restaurant_63,South Indian,Kolkata,Area_9,2017,3.2,Medium,False,2020-07-03,Regular,Tier 2,2.4164002497059993
64,Restaurant_64,Bakery,Ahmedabad,Area_1,2020,3.2,High,False,2022-05-21,Regular,Tier 2,1.246841432917052
65,Restaurant_65,American,Noida,Area_8,2010,3.1,Medium,False,2022-01-01,Bolt Partner,Tier 1,1.179276859947399
66,Restaurant_66,American,Jaipur,Area_12,2012,4.5,Low,False,2021-01-19,Gold,Tier 1,1.4787594718579702
67,Restaurant_67,Mughlai,Pune,Area_16,2011,4.3,Medium,False,2022-06-16,Regular,Tier 2,1.078907628211568
68,Restaurant_68,Healthy Food,Ahmedabad,Area_5,2022,4.5,High,True,2021-12-10,Regular,Tier 2,2.2484515917972785
69,Restaurant_69,American,Lucknow,Area_5,2022,3.6,Medium,True,2020-03-15,Bolt Partner,Tier 1,1.0394980312821323
70,Restaurant_70,Italian,Lucknow,Area_14,2011,4.8,Low,False,2020-09-24,Regular,Tier 2,8.732687507081005
71,Restaurant_71,Fast Food,Delhi,Area_13,2019,3.5,High,True,2021-04-13,Gold,Tier 1,2.095394598451375
72,Restaurant_72,Continental,Pune,Area_19,2018,3.9,Medium,False,2021-06-30,Gold,Tier 1,1.1171376230627053
73,Restaurant_73,Continental,Bangalore,Area_6,2019,3.4,Low,False,2020-08-16,Bolt Partner,Tier 1,1.0027725466058461
74,Restaurant_74,Chinese,Lucknow,Area_4,2016,3.9,High,False,2021-11-27,Bolt Partner,Tier 1,2.327857667809593
75,Restaurant_75,Mexican,Hyderabad,Area_5,2018,3.8,Low,False,2022-07-20,Toing Partner,Tier 3,1.8469727615247973
76,Restaurant_76,Street Food,Ahmedabad,Area_3,2013,3.4,Low,True,2022-05-11,Toing Partner,Tier 3,1.9209722813371433
77,Restaurant_77,Bakery,Hyderabad,Area_7,2018,4.0,High,False,2021-09-01,Bolt Partner,Tier 1,2.0909264871171387
78,Restaurant_78,North Indian,Noida,Area_16,2013,3.3,High,False,2020-10-12,Regular,Tier 2,1.039213973574792
79,Restaurant_79,South Indian,Noida,Area_19,2013,4.3,Low,False,2020-01-25,Regular,Tier 2,1.248504376587497
80,Restaurant_80,Healthy Food,Noida,Area_1,2016,3.0,Medium,False,2021-08-05,Regular,Tier 2,1.0635103124309664
81,Restaurant_81,Desserts,Noida,Area_9,2011,3.3,Low,False,2022-06-08,Bolt Partner,Tier 1,2.7027365204419618
82,Restaurant_82,South Indian,Mumbai,Area_12,2012,3.4,Low,False,2020-02-29,Toing Partner,Tier 3,1.6293001973561674
83,Restaurant_83,Chinese,Pune,Area_13,2017,3.3,Medium,False,2021-08-25,Bolt Partner,Tier 1,1.222514007801587
84,Restaurant_84,Continental,Delhi,Area_16,2018,4.2,Low,False,2022-05-27,Regular,Tier 2,1.0333790180919031
85,Restaurant_85,Mughlai,Pune,Area_8,2017,4.8,Medium,False,2021-03-30,Bolt Partner,Tier 1,1.204716386337849
86,Restaurant_86,Italian,Mumbai,Area_20,2016,4.2,High,False,2022-03-07,Toing Partner,Tier 3,1.2173265558822866
87,Restaurant_87,South Indian,Ahmedabad,Area_9,2010,4.9,Low,False,2021-08-31,Toing Partner,Tier 3,1.9230988935335906
88,Restaurant_88,Desserts,Delhi,Area_13,2012,3.6,High,False,2020-04-07,Bolt Partner,Tier 1,1.661041274422515
89,Restaurant_89,Mughlai,Jaipur,Area_19,2015,3.6,High,True,2021-08-13,Gold,Tier 1,2.977624860964304
90,Restaurant_90,Street Food,Delhi,Area_14,2010,4.1,Medium,False,2020-01-04,Bolt Partner,Tier 1,1.3764848876100815
91,Restaurant_91,Healthy Food,Bangalore,Area_15,2015,4.9,Medium,False,2022-01-25,Regular,Tier 2,1.065757908048413
92,Restaurant_92,Fast Food,Noida,Area_11,2014,4.5,Medium,False,2022-07-22,Toing Partner,Tier 3,1.867430033804925
93,Restaurant_93,American,Bangalore,Area_14,2016,3.1,High,False,2020-01-13,Bolt Partner,Tier 1,2.0445881519814546
94,Restaurant_94,Mughlai,Bangalore,Area_14,2019,5.0,Medium,True,2021-10-17,Toing Partner,Tier 3,1.509749506669703
95,Restaurant_95,Street Food,Bangalore,Area_6,2020,4.4,High,True,2022-07-14,Regular,Tier 2,2.0895421674858854
96,Restaurant_96,American,Noida,Area_1,2015,4.7,High,False,2022-01-09,Bolt Partner,Tier 1,1.4055200346889047
97,Restaurant_97,Mexican,Hyderabad,Area_17,2021,3.0,Medium,True,2020-09-23,Gold,Tier 1,1.4475021552185448
98,Restaurant_98,Continental,Noida,Area_3,2013,4.2,High,False,2020-10-05,Toing Partner,Tier 3,1.321684549645418
99,Restaurant_99,Desserts,Gurgaon,Area_18,2010,4.4,Medium,False,2020-12-26,Toing Partner,Tier 3,1.0129571122388845
100,Restaurant_100,Desserts,Ahmedabad,Area_11,2021,4.7,Low,False,2020-11-07,Regular,Tier 2,1.0587444422248369
101,Restaurant_101,Italian,Hyderabad,Area_18,2021,3.1,High,False,2021-11-15,Regular,Tier 2,1.0160949917944735
102,Restaurant_102,Italian,Pune,Area_8,2018,3.0,High,False,2021-11-26,Gold,Tier 1,1.6584190606386235
103,Restaurant_103,Italian,Chennai,Area_4,2010,4.5,Medium,False,2020-04-14,Bolt Partner,Tier 1,1.2076766071963452
104,Restaurant_104,Japanese,Noida,Area_15,2015,3.4,Medium,False,2020-11-21,Bolt Partner,Tier 1,1.4264924351417425
105,Restaurant_105,Chinese,Kolkata,Area_18,2012,4.4,High,False,2021-04-27,Bolt Partner,Tier 1,3.289161815268585
106,Restaurant_106,Fast Food,Gurgaon,Area_18,2014,3.6,Medium,True,2021-11-28,Gold,Tier 1,1.1541560814444807
107,Restaurant_107,Mexican,Chennai,Area_7,2012,4.4,Low,False,2021-06-15,Bolt Partner,Tier 1,1.3023117929656902
108,Restaurant_108,North Indian,Pune,Area_7,2013,4.3,High,False,2022-04-22,Toing Partner,Tier 3,2.0225813138580393
109,Restaurant_109,Healthy Food,Chennai,Area_10,2022,3.4,High,False,2022-06-29,Bolt Partner,Tier 1,1.1387174423123487
110,Restaurant_110,Street Food,Lucknow,Area_8,2015,4.4,Low,False,2021-07-17,Regular,Tier 2,1.0408650427264072
111,Restaurant_111,American,Gurgaon,Area_10,2023,3.8,Medium,False,2021-09-07,Bolt Partner,Tier 1,1.186573986573338
112,Restaurant_112,Chinese,Jaipur,Area_9,2012,4.5,Low,False,2021-01-02,Gold,Tier 1,1.0918834919203357
113,Restaurant_113,North Indian,Kolkata,Area_2,2011,4.2,Low,True,2022-06-02,Toing Partner,Tier 3,3.771508458083867
114,Restaurant_114,Fast Food,Kolkata,Area_7,2019,4.6,Low,False,2022-04-14,Bolt Partner,Tier 1,2.28289309576487
115,Restaurant_115,Desserts,Hyderabad,Area_6,2017,3.3,Low,False,2020-02-23,Bolt Partner,Tier 1,1.6516042615141378
116,Restaurant_116,American,Noida,Area_20,2017,3.1,High,False,2022-06-19,Bolt Partner,Tier 1,2.789214082415403
117,Restaurant_117,Bakery,Gurgaon,Area_11,2022,4.6,High,False,2021-06-18,Bolt Partner,Tier 1,2.2568825770658583
118,Restaurant_118,Street Food,Delhi,Area_9,2020,4.1,Low,True,2020-10-27,Toing Partner,Tier 3,1.108766058738682
119,Restaurant_119,Italian,Jaipur,Area_9,2021,3.7,Medium,False,2022-04-18,Gold,Tier 1,3.050808698788443
120,Restaurant_120,South Indian,Lucknow,Area_2,2023,3.1,Medium,False,2020-07-29,Gold,Tier 1,1.47336654788846
121,Restaurant_121,Healthy Food,Jaipur,Area_16,2015,3.0,Medium,False,2021-02-11,Toing Partner,Tier 3,2.278857328555781
122,Restaurant_122,Continental,Delhi,Area_18,2012,5.0,Medium,False,2021-11-24,Gold,Tier 1,3.1022303627282097
123,Restaurant_123,North Indian,Lucknow,Area_13,2010,4.9,High,False,2021-01-02,Regular,Tier 2,1.210901784178883
124,Restaurant_124,North Indian,Delhi,Area_7,2020,3.7,Medium,False,2020-12-22,Toing Partner,Tier 3,1.0600288026455367
125,Restaurant_125,South Indian,Pune,Area_2,2010,4.2,Low,False,2020-10-28,Regular,Tier 2,1.1380808433934144
126,Restaurant_126,American,Gurgaon,Area_17,2020,4.3,Medium,False,2020-12-31,Gold,Tier 1,1.3211847162351593
127,Restaurant_127,Street Food,Mumbai,Area_8,2018,3.2,High,False,2022-02-10,Regular,Tier 2,2.3441312479957905
128,Restaurant_128,North Indian,Jaipur,Area_14,2013,3.3,High,False,2021-08-06,Gold,Tier 1,2.679613280902079
129,Restaurant_129,American,Mumbai,Area_13,2018,3.6,Medium,False,2021-03-12,Toing Partner,Tier 3,1.0034942954564618
130,Restaurant_130,American,Noida,Area_20,2013,3.5,High,False,2021-08-25,Bolt Partner,Tier 1,1.4296620385610046
131,Restaurant_131,North Indian,Kolkata,Area_8,2016,5.0,Medium,True,2020-08-04,Toing Partner,Tier 3,1.3101434833098564
132,Restaurant_132,Mexican,Hyderabad,Area_12,2021,4.9,Medium,True,2020-04-28,Toing Partner,Tier 3,1.1338100298997627
133,Restaurant_133,Chinese,Chennai,Area_17,2019,3.1,Low,True,2021-09-24,Bolt Partner,Tier 1,1.0659220463015064
134,Restaurant_134,Mexican,Lucknow,Area_11,2018,4.7,Medium,False,2021-04-03,Toing Partner,Tier 3,1.2286970388855043
135,Restaurant_135,Continental,Kolkata,Area_20,2018,4.5,High,True,2020-01-14,Regular,Tier 2,4.185225399305966
136,Restaurant_136,Healthy Food,Pune,Area_11,2022,3.2,Low,False,2021-03-21,Toing Partner,Tier 3,1.2155442287980336
137,Restaurant_137,Desserts,Hyderabad,Area_15,2022,4.6,Low,False,2021-02-19,Toing Partner,Tier 3,1.4415607818172016
138,Restaurant_138,Street Food,Noida,Area_8,2012,4.3,Low,False,2020-06-27,Regular,Tier 2,1.8349981777246
139,Restaurant_139,North Indian,Pune,Area_3,2016,4.6,Low,False,2021-04-12,Gold,Tier 1,1.2535596816428591
140,Restaurant_140,Desserts,Noida,Area_12,2020,4.0,Low,False,2020-11-27,Gold,Tier 1,5.953022472466191
141,Restaurant_141,Chinese,Jaipur,Area_16,2012,4.3,Medium,False,2021-08-17,Bolt Partner,Tier 1,5.1603527123847925
142,Restaurant_142,Chinese,Jaipur,Area_13,2010,3.2,Medium,False,2021-02-28,Gold,Tier 1,1.1560750005291676
143,Restaurant_143,Mughlai,Pune,Area_16,2023,4.3,High,True,2021-10-05,Toing Partner,Tier 3,1.4103383487162036
144,Restaurant_144,Healthy Food,Noida,Area_18,2017,3.8,Low,False,2022-02-12,Gold,Tier 1,1.195979159296836
145,Restaurant_145,Continental,Gurgaon,Area_6,2020,4.8,Medium,False,2022-05-09,Toing Partner,Tier 3,1.1824929012451002
146,Restaurant_146,Continental,Hyderabad,Area_13,2011,4.6,Low,True,2022-09-20,Bolt Partner,Tier 1,1.0189699242942245
147,Restaurant_147,Bakery,Noida,Area_13,2021,4.3,Low,False,2021-10-12,Regular,Tier 2,1.6003878970053265
148,Restaurant_148,Healthy Food,Hyderabad,Area_13,2013,4.6,Medium,False,2020-11-30,Toing Partner,Tier 3,1.4180175667251356
149,Restaurant_149,Mughlai,Chennai,Area_19,2015,4.3,High,False,2020-11-16,Gold,Tier 1,1.0267777943299616
150,Restaurant_150,Bakery,Chennai,Area_11,2022,4.9,Low,False,2022-08-14,Gold,Tier 1,1.1774051133335108
151,Restaurant_151,North Indian,Mumbai,Area_16,2011,3.9,High,True,2021-10-22,Bolt Partner,Tier 1,3.301676849227949
152,Restaurant_152,Desserts,Gurgaon,Area_6,2020,3.3,High,False,2022-08-30,Bolt Partner,Tier 1,1.1467481899435852
153,Restaurant_153,Thai,Delhi,Area_5,2021,5.0,Low,True,2021-04-20,Gold,Tier 1,1.0814096596778051
154,Restaurant_154,Mughlai,Bangalore,Area_15,2016,3.6,High,False,2022-05-30,Gold,Tier 1,1.3995294244657641
155,Restaurant_155,Street Food,Gurgaon,Area_3,2012,5.0,High,False,2022-07-02,Gold,Tier 1,8.347970799520725
156,Restaurant_156,Japanese,Gurgaon,Area_5,2010,4.2,High,False,2022-03-08,Bolt Partner,Tier 1,1.1486328473649814
157,Restaurant_157,Fast Food,Gurgaon,Area_13,2015,3.7,Low,True,2022-01-25,Regular,Tier 2,1.746436637926625
158,Restaurant_158,Continental,Bangalore,Area_17,2011,4.3,Medium,False,2021-04-21,Regular,Tier 2,2.048164063541323
159,Restaurant_159,Chinese,Delhi,Area_17,2021,3.1,Medium,False,2020-12-28,Toing Partner,Tier 3,1.1452999710770173
160,Restaurant_160,Street Food,Kolkata,Area_4,2018,3.2,Medium,False,2022-08-02,Toing Partner,Tier 3,1.9181754815985494
161,Restaurant_161,Desserts,Chennai,Area_18,2015,4.6,Medium,False,2020-09-22,Regular,Tier 2,1.2576707507170135
162,Restaurant_162,Street Food,Hyderabad,Area_9,2020,3.9,Medium,False,2020-08-27,Toing Partner,Tier 3,1.6491365928025434
163,Restaurant_163,American,Lucknow,Area_18,2021,3.5,Low,False,2022-08-18,Regular,Tier 2,1.6518880617450906
164,Restaurant_164,American,Hyderabad,Area_11,2023,4.1,Medium,False,2021-08-10,Regular,Tier 2,1.4676942397895216
165,Restaurant_165,Continental,Hyderabad,Area_10,2022,3.7,High,False,2020-07-26,Gold,Tier 1,1.0484517785451106
166,Restaurant_166,American,Kolkata,Area_19,2023,4.6,High,True,2022-09-24,Bolt Partner,Tier 1,2.4640895716054394
167,Restaurant_167,Desserts,Bangalore,Area_13,2020,4.7,Medium,False,2022-06-13,Bolt Partner,Tier 1,1.213374288699696
168,Restaurant_168,North Indian,Pune,Area_13,2012,4.8,Low,False,2020-10-02,Regular,Tier 2,1.1087309281806632
169,Restaurant_169,South Indian,Bangalore,Area_16,2011,3.1,Medium,False,2020-03-03,Toing Partner,Tier 3,1.0210330204036004
170,Restaurant_170,Japanese,Gurgaon,Area_6,2021,3.9,High,True,2022-05-07,Bolt Partner,Tier 1,1.5634410640113479
171,Restaurant_171,American,Bangalore,Area_9,2021,3.1,High,False,2021-11-24,Bolt Partner,Tier 1,1.7610775519557142
172,Restaurant_172,Street Food,Bangalore,Area_11,2014,4.6,Low,True,2020-12-03,Toing Partner,Tier 3,1.0083985453312168
173,Restaurant_173,Street Food,Gurgaon,Area_17,2013,3.9,Low,False,2022-08-24,Bolt Partner,Tier 1,1.4316323435951068
174,Restaurant_174,Thai,Delhi,Area_1,2019,4.4,High,False,2020-10-24,Regular,Tier 2,1.1370214426112637
175,Restaurant_175,North Indian,Delhi,Area_8,2023,4.7,Low,False,2022-09-20,Bolt Partner,Tier 1,1.678771323481166
176,Restaurant_176,Mexican,Lucknow,Area_20,2019,3.9,High,True,2020-11-07,Toing Partner,Tier 3,1.1005412577317055
177,Restaurant_177,Street Food,Mumbai,Area_9,2010,5.0,Medium,False,2020-12-20,Bolt Partner,Tier 1,1.798775694543766
178,Restaurant_178,Thai,Pune,Area_14,2014,4.4,High,False,2020-06-03,Toing Partner,Tier 3,1.2769562934310368
179,Restaurant_179,South Indian,Chennai,Area_16,2020,4.6,Low,False,2021-11-30,Regular,Tier 2,3.9755850072075445
180,Restaurant_180,American,Delhi,Area_15,2013,4.7,Low,True,2022-01-02,Gold,Tier 1,1.0767768779186753
181,Restaurant_181,South Indian,Mumbai,Area_13,2011,4.0,Low,False,2020-03-22,Toing Partner,Tier 3,1.231910500774884
182,Restaurant_182,Continental,Lucknow,Area_9,2012,3.2,High,True,2022-08-16,Gold,Tier 1,1.0620724517913653
183,Restaurant_183,Mexican,Delhi,Area_10,2016,4.1,High,False,2021-01-29,Toing Partner,Tier 3,3.6440481710017463
184,Restaurant_184,Bakery,Chennai,Area_17,2022,3.5,Low,False,2022-03-19,Toing Partner,Tier 3,2.855271267785491
185,Restaurant_185,Bakery,Gurgaon,Area_7,2011,3.4,High,False,2021-09-18,Toing Partner,Tier 3,1.1608629895526903
186,Restaurant_186,Desserts,Ahmedabad,Area_12,2012,4.5,Low,True,2020-05-24,Regular,Tier 2,1.7149456163327401
187,Restaurant_187,Mexican,Hyderabad,Area_12,2011,3.3,Low,False,2020-05-17,Gold,Tier 1,2.3390433858527677
188,Restaurant_188,Japanese,Gurgaon,Area_16,2011,3.6,High,True,2020-08-18,Regular,Tier 2,1.4994017276942857
189,Restaurant_189,Chinese,Chennai,Area_5,2019,4.4,High,False,2022-05-04,Toing Partner,Tier 3,1.4581080002621405
190,Restaurant_190,Italian,Jaipur,Area_15,2019,3.8,Medium,True,2022-01-19,Regular,Tier 2,1.1484790740290087
191,Restaurant_191,Fast Food,Jaipur,Area_18,2014,4.6,Medium,False,2022-08-26,Toing Partner,Tier 3,1.0500765541620378
192,Restaurant_192,Chinese,Jaipur,Area_1,2017,4.3,Medium,False,2021-10-19,Toing Partner,Tier 3,3.1191533805076155
193,Restaurant_193,American,Bangalore,Area_9,2017,3.2,Medium,False,2021-12-14,Gold,Tier 1,3.168908522163143
194,Restaurant_194,Healthy Food,Chennai,Area_16,2012,3.6,Medium,True,2022-07-14,Bolt Partner,Tier 1,1.6509237169828477
195,Restaurant_195,Thai,Jaipur,Area_18,2018,4.0,Medium,False,2022-08-15,Regular,Tier 2,1.2300111752420095
196,Restaurant_196,North Indian,Pune,Area_14,2013,3.7,High,True,2021-11-19,Toing Partner,Tier 3,1.2395938775989432
197,Restaurant_197,Continental,Noida,Area_1,2011,4.6,High,False,2021-05-22,Bolt Partner,Tier 1,1.910247309067143
198,Restaurant_198,Healthy Food,Kolkata,Area_2,2018,4.3,Low,False,2021-07-23,Regular,Tier 2,3.117553858337776
199,Restaurant_199,Fast Food,Jaipur,Area_20,2011,3.4,Medium,False,2021-08-29,Regular,Tier 2,2.975958835441625
200,Restaurant_200,Japanese,Hyderabad,Area_13,2013,3.1,Low,False,2021-12-19,Bolt Partner,Tier 1,2.131404380374087
201,Restaurant_201,North Indian,Hyderabad,Area_8,2019,3.4,Low,True,2020-05-06,Bolt Partner,Tier 1,1.6713895507718932
202,Restaurant_202,Healthy Food,Hyderabad,Area_13,2023,4.1,Low,False,2020-03-04,Regular,Tier 2,1.044925784312441
203,Restaurant_203,North Indian,Gurgaon,Area_19,2021,4.3,Medium,False,2022-04-20,Toing Partner,Tier 3,1.0921487733142055
204,Restaurant_204,Japanese,Ahmedabad,Area_4,2010,4.1,High,True,2022-01-24,Bolt Partner,Tier 1,3.1396623116888613
205,Restaurant_205,Italian,Gurgaon,Area_19,2011,4.0,High,False,2021-04-07,Bolt Partner,Tier 1,1.5940006266250688
206,Restaurant_206,Healthy Food,Chennai,Area_7,2010,4.4,Medium,True,2021-12-28,Bolt Partner,Tier 1,1.0046304905465586
207,Restaurant_207,Japanese,Mumbai,Area_12,2012,3.5,Low,False,2021-05-13,Gold,Tier 1,1.0549553573429524
208,Restaurant_208,North Indian,Hyderabad,Area_8,2014,3.8,High,False,2020-12-29,Bolt Partner,Tier 1,1.7238862566521937
209,Restaurant_209,Desserts,Chennai,Area_20,2012,3.9,Medium,True,2022-05-27,Regular,Tier 2,1.0025404399887647
210,Restaurant_210,Bakery,Lucknow,Area_6,2014,4.5,Low,False,2021-02-17,Bolt Partner,Tier 1,1.091614625573156
211,Restaurant_211,Mexican,Mumbai,Area_4,2011,4.5,Medium,True,2022-01-03,Toing Partner,Tier 3,1.4886191169112055
212,Restaurant_212,Thai,Gurgaon,Area_7,2023,3.1,Low,True,2021-05-18,Bolt Partner,Tier 1,1.801568444106854
213,Restaurant_213,North Indian,Noida,Area_8,2012,3.9,High,True,2021-11-14,Gold,Tier 1,1.6950644116225029
214,Restaurant_214,Mexican,Noida,Area_17,2021,4.8,High,True,2021-01-22,Bolt Partner,Tier 1,1.135388557382379
215,Restaurant_215,American,Lucknow,Area_3,2022,3.3,High,False,2020-06-23,Bolt Partner,Tier 1,1.863970042379199
216,Restaurant_216,Healthy Food,Bangalore,Area_11,2017,4.1,High,False,2020-01-12,Gold,Tier 1,1.145008292715659
217,Restaurant_217,Italian,Delhi,Area_8,2016,4.5,High,False,2021-06-14,Regular,Tier 2,1.217521767249381
218,Restaurant_218,Healthy Food,Jaipur,Area_6,2021,3.5,Medium,False,2020-07-07,Toing Partner,Tier 3,1.9861116366144196
219,Restaurant_219,Healthy Food,Bangalore,Area_8,2018,3.3,Medium,False,2021-10-26,Gold,Tier 1,1.6894227577905898
220,Restaurant_220,Fast Food,Gurgaon,Area_6,2022,3.7,Low,False,2022-09-24,Gold,Tier 1,2.5753309206481627
221,Restaurant_221,Bakery,Noida,Area_12,2014,5.0,Low,True,2020-08-22,Regular,Tier 2,1.7089969920796364
222,Restaurant_222,Desserts,Jaipur,Area_17,2016,4.5,Medium,False,2021-06-01,Bolt Partner,Tier 1,1.5219952716923375
223,Restaurant_223,American,Bangalore,Area_10,2012,3.7,Medium,False,2020-05-12,Regular,Tier 2,1.0504078640777688
224,Restaurant_224,Fast Food,Chennai,Area_14,2013,4.9,High,True,2020-01-17,Gold,Tier 1,1.257603786527003
225,Restaurant_225,Thai,Ahmedabad,Area_10,2018,4.2,High,True,2022-04-16,Toing Partner,Tier 3,1.1665842960271442
226,Restaurant_226,Italian,Pune,Area_1,2012,3.4,Low,True,2021-03-12,Toing Partner,Tier 3,1.1501013878435427
227,Restaurant_227,Healthy Food,Jaipur,Area_1,2013,4.0,High,False,2020-07-24,Gold,Tier 1,6.0869960651798865
228,Restaurant_228,Mughlai,Kolkata,Area_13,2020,4.0,High,False,2020-11-24,Toing Partner,Tier 3,1.283632242211744
229,Restaurant_229,American,Noida,Area_17,2021,4.7,Low,False,2020-12-20,Bolt Partner,Tier 1,3.043559156087405
230,Restaurant_230,South Indian,Bangalore,Area_1,2019,4.6,Low,False,2022-04-05,Gold,Tier 1,1.6465253069553984
231,Restaurant_231,Desserts,Noida,Area_11,2020,3.8,High,True,2021-06-25,Gold,Tier 1,2.2076147330439255
232,Restaurant_232,American,Lucknow,Area_15,2019,3.8,Low,False,2022-05-02,Toing Partner,Tier 3,1.417957792559924
233,Restaurant_233,Healthy Food,Kolkata,Area_2,2013,4.7,Medium,False,2022-06-24,Gold,Tier 1,1.5373773594732638
234,Restaurant_234,Desserts,Gurgaon,Area_19,2020,3.8,Medium,False,2021-12-07,Regular,Tier 2,1.4037492835266472
235,Restaurant_235,South Indian,Delhi,Area_14,2016,3.3,High,False,2020-05-29,Bolt Partner,Tier 1,1.114724676664795
236,Restaurant_236,Japanese,Ahmedabad,Area_14,2016,4.3,Medium,True,2020-07-14,Gold,Tier 1,1.8981522282574985
237,Restaurant_237,South Indian,Bangalore,Area_11,2016,4.1,High,False,2022-03-28,Toing Partner,Tier 3,1.1791439206217773
238,Restaurant_238,Mexican,Kolkata,Area_16,2020,4.1,Medium,False,2021-06-12,Bolt Partner,Tier 1,1.0123842986598286
239,Restaurant_239,Desserts,Hyderabad,Area_7,2014,3.1,Low,False,2022-05-06,Bolt Partner,Tier 1,1.6794802879542174
240,Restaurant_240,Mexican,Hyderabad,Area_3,2016,4.6,Medium,True,2020-07-13,Toing Partner,Tier 3,1.1023748256993173
241,Restaurant_241,Chinese,Jaipur,Area_15,2023,4.5,Low,True,2020-06-13,Gold,Tier 1,4.0981742663193375
242,Restaurant_242,Fast Food,Gurgaon,Area_15,2015,4.9,High,False,2022-09-21,Toing Partner,Tier 3,4.658908561310332
243,Restaurant_243,Continental,Jaipur,Area_5,2015,5.0,Low,False,2020-03-17,Bolt Partner,Tier 1,3.4272388682519797
244,Restaurant_244,Mexican,Pune,Area_11,2021,4.4,Medium,True,2021-05-07,Toing Partner,Tier 3,1.2600402920236853
245,Restaurant_245,Mexican,Bangalore,Area_15,2020,4.4,High,False,2021-04-17,Toing Partner,Tier 3,1.0078190681812886
246,Restaurant_246,Mughlai,Pune,Area_5,2011,4.3,High,False,2022-06-17,Gold,Tier 1,3.7350519545144936
247,Restaurant_247,Fast Food,Delhi,Area_9,2011,3.7,Medium,True,2020-10-06,Bolt Partner,Tier 1,1.3224276001008706
248,Restaurant_248,Bakery,Mumbai,Area_18,2010,4.1,Medium,False,2021-04-13,Bolt Partner,Tier 1,5.4762524528953795
249,Restaurant_249,Italian,Kolkata,Area_15,2010,3.3,High,False,2020-08-10,Gold,Tier 1,5.24286307808879
250,Restaurant_250,Chinese,Lucknow,Area_3,2011,4.6,Medium,True,2021-01-13,Regular,Tier 2,2.6082865424221255
251,Restaurant_251,Fast Food,Mumbai,Area_12,2018,4.7,High,False,2022-04-05,Bolt Partner,Tier 1,1.190517437549422
252,Restaurant_252,Fast Food,Pune,Area_6,2015,3.6,High,True,2022-09-20,Toing Partner,Tier 3,1.275254754432191
253,Restaurant_253,Thai,Pune,Area_18,2018,4.5,High,True,2022-01-18,Regular,Tier 2,2.59182776148832
254,Restaurant_254,Bakery,Lucknow,Area_1,2023,3.5,Medium,False,2020-04-29,Gold,Tier 1,1.2099428362394475
255,Restaurant_255,South Indian,Delhi,Area_18,2019,4.7,High,False,2021-01-17,Gold,Tier 1,1.0973073422050912
256,Restaurant_256,South Indian,Delhi,Area_2,2022,3.1,High,False,2021-08-06,Toing Partner,Tier 3,1.5021065596974037
257,Restaurant_257,North Indian,Delhi,Area_8,2012,4.4,High,False,2021-04-20,Bolt Partner,Tier 1,3.957635438377683
258,Restaurant_258,Desserts,Lucknow,Area_2,2011,4.1,High,False,2020-06-17,Toing Partner,Tier 3,1.8137795165959076
259,Restaurant_259,Fast Food,Kolkata,Area_16,2013,3.5,Low,False,2022-09-26,Bolt Partner,Tier 1,1.5250941840999288
260,Restaurant_260,Continental,Kolkata,Area_11,2020,4.1,Low,False,2020-05-04,Bolt Partner,Tier 1,1.0524429687807406
261,Restaurant_261,Mughlai,Pune,Area_5,2011,3.1,High,True,2021-12-13,Bolt Partner,Tier 1,1.6116610540822636
262,Restaurant_262,Street Food,Chennai,Area_10,2021,3.5,Medium,True,2021-04-09,Gold,Tier 1,10.027034286195619
263,Restaurant_263,South Indian,Jaipur,Area_11,2022,4.8,Low,False,2022-08-31,Bolt Partner,Tier 1,1.0783804079633854
264,Restaurant_264,Thai,Bangalore,Area_11,2011,4.5,Low,False,2020-07-09,Regular,Tier 2,1.4408708136182802
265,Restaurant_265,Thai,Delhi,Area_13,2021,4.2,Low,False,2020-01-08,Gold,Tier 1,2.8556637956853606
266,Restaurant_266,Mexican,Gurgaon,Area_12,2021,3.7,Medium,False,2022-05-20,Gold,Tier 1,1.9640666087058032
267,Restaurant_267,Mexican,Hyderabad,Area_7,2018,4.3,High,True,2022-02-22,Bolt Partner,Tier 1,1.8167282393463162
268,Restaurant_268,Japanese,Pune,Area_1,2021,3.3,Medium,False,2021-08-23,Bolt Partner,Tier 1,1.8333479533851647
269,Restaurant_269,American,Gurgaon,Area_10,2013,4.0,Medium,False,2021-04-13,Bolt Partner,Tier 1,1.2495033734853773
270,Restaurant_270,South Indian,Mumbai,Area_17,2015,4.4,High,False,2021-01-02,Bolt Partner,Tier 1,1.1897950223177765
271,Restaurant_271,Desserts,Hyderabad,Area_9,2019,4.7,Medium,False,2021-02-06,Bolt Partner,Tier 1,2.290310169589491
272,Restaurant_272,Thai,Chennai,Area_3,2017,4.2,Low,True,2022-05-19,Regular,Tier 2,2.294842238013813
273,Restaurant_273,North Indian,Hyderabad,Area_7,2022,4.2,Low,False,2021-09-19,Bolt Partner,Tier 1,2.742788280742478
274,Restaurant_274,Japanese,Bangalore,Area_13,2017,3.6,Low,False,2020-09-26,Gold,Tier 1,3.39501432661673
275,Restaurant_275,South Indian,Bangalore,Area_16,2017,4.0,Low,False,2021-03-12,Gold,Tier 1,1.4305323081478631
276,Restaurant_276,American,Jaipur,Area_15,2017,4.3,Medium,False,2021-02-17,Gold,Tier 1,1.416362816475393
277,Restaurant_277,Italian,Jaipur,Area_10,2023,3.1,Low,True,2022-04-08,Bolt Partner,Tier 1,2.2265982361811925
278,Restaurant_278,Chinese,Mumbai,Area_4,2016,4.2,Low,False,2020-03-29,Bolt Partner,Tier 1,1.6902214188836338
279,Restaurant_279,Japanese,Bangalore,Area_2,2023,3.8,Low,False,2021-05-22,Toing Partner,Tier 3,1.8317564664512749
280,Restaurant_280,Desserts,Lucknow,Area_16,2018,3.1,Low,False,2021-05-05,Regular,Tier 2,2.2129129786023323
281,Restaurant_281,Mughlai,Bangalore,Area_15,2023,4.4,High,False,2020-03-18,Bolt Partner,Tier 1,3.0151866583803812
282,Restaurant_282,South Indian,Jaipur,Area_12,2020,4.3,Low,True,2021-11-18,Gold,Tier 1,1.229049619400113
283,Restaurant_283,North Indian,Hyderabad,Area_9,2010,4.8,Low,False,2021-03-17,Gold,Tier 1,1.2655013836487685
284,Restaurant_284,Desserts,Lucknow,Area_11,2017,4.7,Low,False,2022-02-20,Gold,Tier 1,1.05058591160725
285,Restaurant_285,South Indian,Delhi,Area_9,2010,5.0,High,False,2021-02-20,Regular,Tier 2,1.539883883571762
286,Restaurant_286,North Indian,Pune,Area_13,2013,3.3,High,True,2022-05-30,Gold,Tier 1,1.0184705611114495
287,Restaurant_287,Street Food,Mumbai,Area_11,2018,3.3,Medium,False,2020-02-24,Regular,Tier 2,1.367936601359592
288,Restaurant_288,South Indian,Chennai,Area_12,2023,3.9,High,False,2020-04-20,Toing Partner,Tier 3,1.4786762958101782
289,Restaurant_289,Italian,Kolkata,Area_7,2010,4.7,High,False,2021-09-16,Bolt Partner,Tier 1,1.1839014878338832
290,Restaurant_290,North Indian,Bangalore,Area_16,2017,4.7,Medium,False,2022-07-20,Bolt Partner,Tier 1,1.563327035118458
291,Restaurant_291,Mexican,Chennai,Area_14,2010,4.3,High,False,2021-01-16,Toing Partner,Tier 3,1.0156080844136843
292,Restaurant_292,Desserts,Noida,Area_14,2019,4.0,High,False,2021-08-21,Regular,Tier 2,1.019214007782961
293,Restaurant_293,Japanese,Chennai,Area_16,2023,4.3,Low,True,2022-01-23,Gold,Tier 1,2.37423596021838
294,Restaurant_294,South Indian,Delhi,Area_20,2010,4.0,High,False,2022-07-24,Toing Partner,Tier 3,1.2501862148560898
295,Restaurant_295,South Indian,Bangalore,Area_20,2016,3.9,Low,False,2020-01-04,Bolt Partner,Tier 1,1.0703059269530604
296,Restaurant_296,Japanese,Delhi,Area_2,2021,3.2,Medium,False,2020-10-27,Regular,Tier 2,1.446760319223792
297,Restaurant_297,Street Food,Hyderabad,Area_15,2020,3.2,Low,False,2020-03-01,Gold,Tier 1,2.0851149178836534
298,Restaurant_298,Chinese,Jaipur,Area_19,2015,3.0,Low,True,2020-06-04,Gold,Tier 1,1.1292559919997593
299,Restaurant_299,Bakery,Lucknow,Area_14,2014,3.5,Low,False,2020-09-25,Bolt Partner,Tier 1,1.628419331961003
300,Restaurant_300,Continental,Pune,Area_14,2014,4.2,Low,True,2021-03-02,Regular,Tier 2,1.045615298460209
301,Restaurant_301,North Indian,Pune,Area_8,2016,3.9,High,True,2020-11-09,Toing Partner,Tier 3,1.0268876698115874
302,Restaurant_302,Healthy Food,Kolkata,Area_8,2020,3.4,High,True,2021-08-07,Toing Partner,Tier 3,1.4607565264415876
303,Restaurant_303,South Indian,Ahmedabad,Area_17,2013,4.6,Medium,False,2022-08-01,Toing Partner,Tier 3,1.475438481706564
304,Restaurant_304,North Indian,Kolkata,Area_18,2016,3.6,High,True,2020-01-27,Bolt Partner,Tier 1,1.6607490310175839
305,Restaurant_305,Continental,Pune,Area_3,2018,4.5,High,False,2022-06-15,Regular,Tier 2,1.910720281032256
306,Restaurant_306,Mexican,Pune,Area_4,2010,3.1,Medium,False,2022-03-11,Bolt Partner,Tier 1,6.4351715806352106
307,Restaurant_307,Thai,Ahmedabad,Area_7,2017,4.2,Low,False,2021-12-16,Bolt Partner,Tier 1,1.4378451361944138
308,Restaurant_308,Fast Food,Hyderabad,Area_20,2012,3.4,High,True,2020-09-03,Toing Partner,Tier 3,1.215322965933564
309,Restaurant_309,Bakery,Ahmedabad,Area_12,2013,3.7,Low,False,2020-04-08,Bolt Partner,Tier 1,2.20963421855801
310,Restaurant_310,Mughlai,Mumbai,Area_7,2016,4.5,Low,True,2022-01-17,Toing Partner,Tier 3,1.1710792186074779
311,Restaurant_311,Desserts,Ahmedabad,Area_4,2015,3.0,Medium,False,2021-11-21,Gold,Tier 1,1.3350806681893386
312,Restaurant_312,Italian,Kolkata,Area_15,2016,4.9,Low,False,2020-09-23,Bolt Partner,Tier 1,1.0416985314994287
313,Restaurant_313,Thai,Pune,Area_7,2015,4.1,Low,True,2021-08-27,Regular,Tier 2,1.0129215760735941
314,Restaurant_314,Desserts,Hyderabad,Area_11,2019,3.5,Low,False,2022-01-14,Bolt Partner,Tier 1,5.174227029082519
315,Restaurant_315,Bakery,Jaipur,Area_10,2019,4.6,Medium,True,2020-05-30,Toing Partner,Tier 3,2.4691743439598945
316,Restaurant_316,Mexican,Hyderabad,Area_6,2020,3.7,Medium,False,2022-01-22,Gold,Tier 1,1.8136136858190808
317,Restaurant_317,American,Ahmedabad,Area_16,2016,4.5,High,False,2022-06-08,Toing Partner,Tier 3,1.3007354330399343
318,Restaurant_318,North Indian,Hyderabad,Area_1,2023,4.1,High,True,2022-08-20,Bolt Partner,Tier 1,1.0998274106344048
319,Restaurant_319,Continental,Delhi,Area_12,2018,4.5,Low,False,2020-10-11,Regular,Tier 2,1.0887827953879383
320,Restaurant_320,Chinese,Bangalore,Area_2,2021,3.6,Medium,False,2021-08-09,Toing Partner,Tier 3,1.1548875669036496
321,Restaurant_321,Fast Food,Pune,Area_18,2012,4.2,Medium,True,2021-01-02,Toing Partner,Tier 3,1.4894327222722845
322,Restaurant_322,Italian,Kolkata,Area_16,2022,4.5,High,False,2022-01-24,Gold,Tier 1,1.8718451280460422
323,Restaurant_323,Continental,Noida,Area_18,2011,3.1,Low,False,2022-04-01,Toing Partner,Tier 3,1.7154838598491278
324,Restaurant_324,Healthy Food,Delhi,Area_14,2010,4.1,Low,True,2020-08-26,Gold,Tier 1,1.1784572062605623
325,Restaurant_325,Desserts,Mumbai,Area_5,2016,4.8,High,False,2021-01-03,Toing Partner,Tier 3,4.707004645148301
326,Restaurant_326,Desserts,Delhi,Area_13,2022,3.1,Low,True,2021-05-06,Gold,Tier 1,1.9532774444157166
327,Restaurant_327,South Indian,Ahmedabad,Area_9,2020,3.8,High,True,2020-07-05,Bolt Partner,Tier 1,1.4979765652775239
328,Restaurant_328,Bakery,Lucknow,Area_2,2013,3.3,High,False,2021-09-19,Regular,Tier 2,1.6048258339464352
329,Restaurant_329,Thai,Ahmedabad,Area_12,2017,4.0,Low,False,2020-05-22,Toing Partner,Tier 3,1.312611852448942
330,Restaurant_330,Italian,Pune,Area_7,2015,4.1,Low,False,2020-09-16,Gold,Tier 1,1.1529578065642188
331,Restaurant_331,American,Pune,Area_17,2015,3.8,Medium,False,2022-01-09,Regular,Tier 2,1.246085533728851
332,Restaurant_332,South Indian,Chennai,Area_15,2021,4.5,High,False,2021-06-06,Regular,Tier 2,2.032143045972172
333,Restaurant_333,Continental,Delhi,Area_7,2013,3.1,High,True,2022-08-17,Bolt Partner,Tier 1,1.007275377752865
334,Restaurant_334,Mughlai,Lucknow,Area_15,2014,4.5,Medium,False,2022-07-23,Regular,Tier 2,1.063632776118903
335,Restaurant_335,Chinese,Lucknow,Area_7,2017,3.7,Low,False,2021-07-07,Gold,Tier 1,1.023826612424538
336,Restaurant_336,Mexican,Pune,Area_3,2016,4.2,Medium,True,2020-12-24,Gold,Tier 1,1.0210083587326317
337,Restaurant_337,American,Pune,Area_12,2015,3.8,Medium,False,2021-08-03,Bolt Partner,Tier 1,2.630309491934447
338,Restaurant_338,American,Hyderabad,Area_3,2022,3.4,Low,False,2021-06-06,Toing Partner,Tier 3,1.8369751999644874
339,Restaurant_339,Desserts,Mumbai,Area_5,2013,3.2,High,True,2020-02-12,Gold,Tier 1,1.3790464708700856
340,Restaurant_340,Japanese,Chennai,Area_20,2019,3.8,Medium,False,2020-08-27,Regular,Tier 2,1.0528265073478131
341,Restaurant_341,Continental,Lucknow,Area_6,2010,4.6,Medium,False,2021-09-25,Bolt Partner,Tier 1,1.4025036808435032
342,Restaurant_342,Healthy Food,Kolkata,Area_17,2011,3.9,Medium,True,2020-12-07,Regular,Tier 2,1.3781267728130255
343,Restaurant_343,Mexican,Chennai,Area_15,2022,5.0,High,False,2022-08-22,Bolt Partner,Tier 1,1.09976591916519
344,Restaurant_344,Healthy Food,Bangalore,Area_4,2016,3.8,Medium,False,2021-10-23,Bolt Partner,Tier 1,1.3290302828327611
345,Restaurant_345,North Indian,Lucknow,Area_7,2015,4.1,High,True,2020-08-17,Toing Partner,Tier 3,1.2893887995430233
346,Restaurant_346,American,Bangalore,Area_1,2014,3.5,High,False,2022-09-26,Toing Partner,Tier 3,1.6134281749466766
347,Restaurant_347,Japanese,Hyderabad,Area_15,2022,4.4,Low,False,2021-01-23,Gold,Tier 1,1.6554241633073683
348,Restaurant_348,South Indian,Delhi,Area_15,2019,4.1,Low,False,2021-03-12,Toing Partner,Tier 3,1.0234519333632124
349,Restaurant_349,Mexican,Jaipur,Area_5,2022,4.4,Medium,False,2021-06-23,Gold,Tier 1,1.264519239766323
350,Restaurant_350,Healthy Food,Bangalore,Area_14,2010,4.0,Medium,False,2020-08-15,Gold,Tier 1,1.6348687033959972
351,Restaurant_351,Italian,Noida,Area_8,2019,4.1,Low,False,2020-05-11,Regular,Tier 2,1.4186698770174346
352,Restaurant_352,Mexican,Kolkata,Area_4,2010,3.4,Medium,True,2022-09-08,Gold,Tier 1,2.639724951222859
353,Restaurant_353,Mexican,Noida,Area_18,2016,4.7,Medium,False,2020-03-29,Regular,Tier 2,1.7117006047574401
354,Restaurant_354,Healthy Food,Pune,Area_2,2015,4.1,High,True,2020-04-18,Toing Partner,Tier 3,1.0930002461318804
355,Restaurant_355,Bakery,Ahmedabad,Area_12,2016,3.8,Medium,True,2020-01-11,Gold,Tier 1,1.0372689174314604
356,Restaurant_356,North Indian,Jaipur,Area_18,2017,3.8,High,False,2020-02-13,Bolt Partner,Tier 1,1.6722952325295137
357,Restaurant_357,Bakery,Chennai,Area_12,2013,4.4,Medium,False,2021-07-29,Gold,Tier 1,1.0135251852039182
358,Restaurant_358,Mexican,Jaipur,Area_7,2022,3.5,Low,False,2022-04-02,Gold,Tier 1,1.5537536125675133
359,Restaurant_359,Italian,Gurgaon,Area_17,2010,3.3,Low,False,2021-11-07,Regular,Tier 2,4.090338492749197
360,Restaurant_360,Healthy Food,Hyderabad,Area_9,2020,4.6,High,False,2020-12-30,Regular,Tier 2,1.5347864069476165
361,Restaurant_361,Mexican,Ahmedabad,Area_15,2020,3.6,High,False,2022-01-23,Bolt Partner,Tier 1,1.2784524795020682
362,Restaurant_362,Healthy Food,Gurgaon,Area_20,2014,3.3,Medium,True,2021-01-25,Regular,Tier 2,1.6743308265613388
363,Restaurant_363,Japanese,Lucknow,Area_3,2015,4.7,High,False,2021-09-10,Gold,Tier 1,1.3586315596262555
364,Restaurant_364,North Indian,Kolkata,Area_19,2020,3.8,Low,True,2020-12-11,Bolt Partner,Tier 1,1.4835044794934935
365,Restaurant_365,Fast Food,Hyderabad,Area_17,2015,3.6,High,False,2021-05-25,Regular,Tier 2,4.133248142795548
366,Restaurant_366,Fast Food,Bangalore,Area_12,2013,5.0,Medium,False,2021-01-16,Gold,Tier 1,1.276298081299558
367,Restaurant_367,Street Food,Delhi,Area_17,2016,3.9,Low,False,2022-05-23,Toing Partner,Tier 3,5.076113606725978
368,Restaurant_368,Fast Food,Chennai,Area_16,2016,3.3,Low,False,2022-08-22,Toing Partner,Tier 3,3.250432589302984
369,Restaurant_369,Continental,Lucknow,Area_6,2016,4.9,High,False,2020-10-18,Bolt Partner,Tier 1,1.1151045088948301
370,Restaurant_370,Chinese,Noida,Area_9,2011,3.0,Medium,False,2020-10-17,Gold,Tier 1,1.0365958026887458
371,Restaurant_371,Bakery,Lucknow,Area_10,2016,5.0,Medium,True,2021-01-12,Regular,Tier 2,1.0545484520180468
372,Restaurant_372,Thai,Delhi,Area_16,2016,3.2,Low,True,2022-05-27,Toing Partner,Tier 3,1.0092373472863638
373,Restaurant_373,Desserts,Bangalore,Area_14,2014,4.0,Low,True,2020-02-20,Bolt Partner,Tier 1,1.0508533052821567
374,Restaurant_374,Fast Food,Pune,Area_10,2016,4.9,High,False,2021-10-02,Bolt Partner,Tier 1,1.7761310589277153
375,Restaurant_375,Continental,Ahmedabad,Area_5,2022,3.3,Low,True,2020-08-31,Toing Partner,Tier 3,1.0376150032370226
376,Restaurant_376,American,Chennai,Area_9,2014,3.6,Low,False,2020-09-26,Bolt Partner,Tier 1,1.2117657509185193
377,Restaurant_377,Japanese,Gurgaon,Area_8,2012,4.8,High,False,2020-06-23,Toing Partner,Tier 3,2.5389815093582913
378,Restaurant_378,North Indian,Pune,Area_19,2022,3.4,High,False,2021-05-25,Regular,Tier 2,1.011843082060673
379,Restaurant_379,American,Gurgaon,Area_1,2013,4.0,High,False,2022-06-22,Gold,Tier 1,2.321620081799613
380,Restaurant_380,Continental,Jaipur,Area_1,2010,3.5,Medium,True,2020-12-17,Toing Partner,Tier 3,1.180032208471407
381,Restaurant_381,Mughlai,Bangalore,Area_2,2012,3.6,High,True,2021-05-07,Bolt Partner,Tier 1,1.0648937829992111
382,Restaurant_382,Mexican,Bangalore,Area_10,2010,3.1,Medium,False,2021-11-22,Regular,Tier 2,1.8158936291736099
383,Restaurant_383,Mughlai,Jaipur,Area_9,2010,4.9,Low,False,2020-09-24,Toing Partner,Tier 3,1.6416463138374275
384,Restaurant_384,Mughlai,Ahmedabad,Area_4,2015,4.0,High,False,2021-04-21,Toing Partner,Tier 3,2.85681654019246
385,Restaurant_385,Continental,Delhi,Area_6,2019,3.4,Low,False,2020-01-24,Bolt Partner,Tier 1,1.942832168940354
386,Restaurant_386,Chinese,Gurgaon,Area_13,2015,4.9,Low,True,2021-04-01,Toing Partner,Tier 3,2.2557847187511912
387,Restaurant_387,North Indian,Kolkata,Area_2,2013,3.0,High,True,2022-09-26,Toing Partner,Tier 3,1.180179955078006
388,Restaurant_388,South Indian,Gurgaon,Area_18,2019,3.7,Low,False,2021-12-18,Gold,Tier 1,1.102595171556229
389,Restaurant_389,Bakery,Kolkata,Area_8,2010,3.1,Low,False,2021-02-23,Toing Partner,Tier 3,2.0024635509114996
390,Restaurant_390,Chinese,Delhi,Area_5,2017,3.3,Medium,False,2020-07-09,Bolt Partner,Tier 1,2.2752833443661378
391,Restaurant_391,Japanese,Kolkata,Area_6,2020,3.2,Medium,False,2022-04-15,Bolt Partner,Tier 1,10.262561270300123
392,Restaurant_392,Chinese,Kolkata,Area_8,2012,3.4,High,False,2022-01-22,Gold,Tier 1,1.3047868277864223
393,Restaurant_393,Fast Food,Chennai,Area_6,2019,4.2,High,False,2022-01-25,Gold,Tier 1,1.261904333755834
394,Restaurant_394,Italian,Jaipur,Area_18,2018,4.9,High,True,2020-11-04,Bolt Partner,Tier 1,2.114835965213482
395,Restaurant_395,Japanese,Noida,Area_9,2019,3.9,Medium,False,2021-05-15,Gold,Tier 1,1.2316649050561337
396,Restaurant_396,Chinese,Chennai,Area_3,2017,3.5,Medium,True,2021-09-03,Bolt Partner,Tier 1,3.8002580115346354
397,Restaurant_397,Fast Food,Pune,Area_15,2018,3.8,High,True,2020-10-25,Regular,Tier 2,2.6575896850936975
398,Restaurant_398,Italian,Noida,Area_10,2012,4.1,Medium,True,2022-05-22,Gold,Tier 1,1.3233650919809679
399,Restaurant_399,Street Food,Kolkata,Area_4,2021,4.8,Medium,True,2022-02-25,Regular,Tier 2,2.0034934027932363
400,Restaurant_400,Desserts,Noida,Area_10,2014,3.9,Medium,False,2022-06-07,Bolt Partner,Tier 1,2.0184229595977023
401,Restaurant_401,Italian,Noida,Area_9,2019,4.7,Low,True,2021-10-20,Bolt Partner,Tier 1,1.0559266888148457
402,Restaurant_402,Healthy Food,Jaipur,Area_1,2021,3.7,High,True,2021-01-25,Bolt Partner,Tier 1,3.2034323374667597
403,Restaurant_403,Bakery,Pune,Area_1,2016,4.6,Medium,False,2021-04-11,Bolt Partner,Tier 1,1.4217005775214733
404,Restaurant_404,American,Kolkata,Area_4,2010,4.5,Low,True,2020-07-04,Gold,Tier 1,2.400474146208849
405,Restaurant_405,Italian,Lucknow,Area_19,2010,4.1,High,False,2021-09-10,Toing Partner,Tier 3,1.2127223556049305
406,Restaurant_406,Mexican,Chennai,Area_10,2010,3.4,Low,False,2022-03-21,Gold,Tier 1,3.0937849903188646
407,Restaurant_407,South Indian,Bangalore,Area_11,2011,3.6,Low,False,2021-05-12,Gold,Tier 1,1.2795317964977155
408,Restaurant_408,Japanese,Pune,Area_13,2018,3.9,Medium,False,2022-02-24,Toing Partner,Tier 3,1.0054632728497106
409,Restaurant_409,Healthy Food,Jaipur,Area_3,2010,3.2,Low,False,2020-01-22,Gold,Tier 1,3.2509707644068557
410,Restaurant_410,Mughlai,Pune,Area_17,2020,3.5,Medium,False,2020-09-12,Bolt Partner,Tier 1,1.0490267245176348
411,Restaurant_411,North Indian,Kolkata,Area_3,2015,3.5,High,False,2021-02-09,Toing Partner,Tier 3,1.2120665758314775
412,Restaurant_412,Fast Food,Lucknow,Area_20,2017,4.3,Medium,True,2020-12-18,Regular,Tier 2,4.474909784315658
413,Restaurant_413,Thai,Hyderabad,Area_6,2010,3.1,Low,True,2020-11-08,Regular,Tier 2,4.499538203437482
414,Restaurant_414,South Indian,Ahmedabad,Area_13,2010,3.3,Medium,False,2020-05-07,Regular,Tier 2,1.5311187012738696
415,Restaurant_415,Desserts,Bangalore,Area_18,2013,3.9,Low,False,2020-02-26,Gold,Tier 1,1.64808670143136
416,Restaurant_416,Healthy Food,Lucknow,Area_6,2010,4.1,Medium,True,2020-07-14,Bolt Partner,Tier 1,1.346498247587825
417,Restaurant_417,South Indian,Gurgaon,Area_18,2023,4.5,Medium,True,2022-04-26,Regular,Tier 2,1.1894742340583035
418,Restaurant_418,Healthy Food,Lucknow,Area_4,2011,5.0,Medium,False,2021-09-04,Gold,Tier 1,1.220478710301564
419,Restaurant_419,Bakery,Gurgaon,Area_2,2018,3.2,Medium,True,2020-05-13,Bolt Partner,Tier 1,1.7474573525005592
420,Restaurant_420,Mughlai,Mumbai,Area_20,2023,3.2,Medium,False,2020-01-25,Gold,Tier 1,2.009566318461434
421,Restaurant_421,North Indian,Chennai,Area_13,2013,3.9,High,False,2020-12-17,Toing Partner,Tier 3,2.1904296419167624
422,Restaurant_422,Continental,Lucknow,Area_14,2022,4.0,Medium,False,2021-02-08,Toing Partner,Tier 3,2.1801976022440654
423,Restaurant_423,Healthy Food,Mumbai,Area_7,2020,3.2,Low,False,2022-06-09,Regular,Tier 2,1.0489802200914307
424,Restaurant_424,Japanese,Ahmedabad,Area_13,2020,3.5,Low,True,2022-05-20,Regular,Tier 2,1.4063881164454322
425,Restaurant_425,Mughlai,Delhi,Area_2,2017,4.8,High,True,2021-03-27,Bolt Partner,Tier 1,1.0300845159795715
426,Restaurant_426,American,Pune,Area_1,2020,4.1,Medium,True,2022-03-13,Bolt Partner,Tier 1,1.489932262996335
427,Restaurant_427,Thai,Mumbai,Area_2,2012,4.5,Medium,False,2020-03-02,Gold,Tier 1,1.338136049120149
428,Restaurant_428,Healthy Food,Gurgaon,Area_17,2010,3.5,Medium,True,2022-01-16,Bolt Partner,Tier 1,2.9841332378848544
429,Restaurant_429,South Indian,Pune,Area_7,2013,3.3,Low,False,2020-02-07,Toing Partner,Tier 3,1.241221294385934
430,Restaurant_430,Healthy Food,Pune,Area_12,2022,3.5,Medium,True,2021-02-19,Bolt Partner,Tier 1,1.0642315493110095
431,Restaurant_431,Italian,Mumbai,Area_13,2019,4.7,Medium,True,2022-07-05,Regular,Tier 2,1.0802082290969224
432,Restaurant_432,Thai,Kolkata,Area_17,2014,4.7,High,False,2020-07-28,Bolt Partner,Tier 1,2.0476960304701706
433,Restaurant_433,North Indian,Bangalore,Area_6,2021,4.2,Low,True,2022-03-13,Bolt Partner,Tier 1,1.6184240059094777
434,Restaurant_434,Desserts,Hyderabad,Area_16,2012,4.7,Low,True,2022-05-16,Regular,Tier 2,1.0547506160800575
435,Restaurant_435,Thai,Bangalore,Area_16,2021,4.9,Low,False,2022-02-21,Regular,Tier 2,1.044906868961511
436,Restaurant_436,Italian,Noida,Area_1,2015,3.7,Medium,False,2020-05-29,Toing Partner,Tier 3,1.8286979956144143
437,Restaurant_437,Desserts,Mumbai,Area_20,2012,5.0,Medium,False,2021-11-21,Gold,Tier 1,1.0384955141350687
438,Restaurant_438,North Indian,Bangalore,Area_10,2021,4.2,Medium,False,2022-08-04,Toing Partner,Tier 3,2.36929614760188
439,Restaurant_439,North Indian,Noida,Area_2,2014,4.3,Low,True,2021-01-23,Toing Partner,Tier 3,1.8450380056802242
440,Restaurant_440,American,Pune,Area_20,2017,4.1,High,False,2020-03-28,Gold,Tier 1,1.0433371513207919
441,Restaurant_441,Healthy Food,Delhi,Area_12,2012,3.7,High,False,2020-10-28,Gold,Tier 1,1.04532405088652
442,Restaurant_442,Chinese,Hyderabad,Area_19,2023,3.3,High,False,2020-04-03,Gold,Tier 1,8.651470279678373
443,Restaurant_443,Desserts,Bangalore,Area_12,2017,3.7,Medium,True,2021-07-01,Bolt Partner,Tier 1,1.264173806325594
444,Restaurant_444,Italian,Hyderabad,Area_19,2021,3.9,Low,False,2020-12-05,Gold,Tier 1,1.26052415467842
445,Restaurant_445,Japanese,Pune,Area_17,2015,3.7,Medium,False,2020-07-03,Toing Partner,Tier 3,2.3112481461982917
446,Restaurant_446,Healthy Food,Bangalore,Area_9,2011,3.2,Medium,False,2020-10-07,Regular,Tier 2,4.3539447314117705
447,Restaurant_447,Desserts,Jaipur,Area_8,2015,3.1,High,False,2021-04-15,Toing Partner,Tier 3,8.451863670738275
448,Restaurant_448,Thai,Gurgaon,Area_18,2012,4.6,Low,False,2021-04-11,Regular,Tier 2,2.0136512472135086
449,Restaurant_449,Chinese,Gurgaon,Area_8,2022,3.2,Low,True,2021-01-19,Gold,Tier 1,1.2661876048258056
450,Restaurant_450,Street Food,Bangalore,Area_12,2015,3.8,Low,True,2021-11-23,Regular,Tier 2,1.0445613085538603
451,Restaurant_451,Thai,Delhi,Area_13,2011,3.3,Medium,False,2022-03-09,Regular,Tier 2,2.118315654335173
452,Restaurant_452,Italian,Ahmedabad,Area_6,2019,4.6,High,False,2021-02-19,Toing Partner,Tier 3,1.504830404454176
453,Restaurant_453,North Indian,Hyderabad,Area_10,2021,3.4,High,False,2022-06-22,Regular,Tier 2,1.3178696912642638
454,Restaurant_454,South Indian,Lucknow,Area_19,2017,3.6,Low,False,2020-10-12,Gold,Tier 1,3.267806085055973
455,Restaurant_455,Mexican,Kolkata,Area_12,2011,4.6,High,False,2022-05-13,Regular,Tier 2,1.06071170643417
456,Restaurant_456,Chinese,Chennai,Area_14,2023,4.2,High,False,2022-05-14,Regular,Tier 2,1.4038978614277147
457,Restaurant_457,Thai,Delhi,Area_9,2017,4.5,Low,True,2021-04-05,Gold,Tier 1,1.00572562380041
458,Restaurant_458,Japanese,Jaipur,Area_12,2014,4.8,High,False,2022-08-17,Regular,Tier 2,1.371873309178911
459,Restaurant_459,Italian,Chennai,Area_5,2013,4.5,High,False,2020-11-06,Gold,Tier 1,1.0293990810513716
460,Restaurant_460,Bakery,Bangalore,Area_7,2022,3.7,Low,False,2021-01-13,Bolt Partner,Tier 1,1.0652883332504424
461,Restaurant_461,North Indian,Kolkata,Area_5,2023,4.1,High,True,2021-05-30,Regular,Tier 2,1.0645084209227138
462,Restaurant_462,Italian,Delhi,Area_4,2014,3.7,High,False,2022-07-13,Regular,Tier 2,1.688404825922255
463,Restaurant_463,Healthy Food,Lucknow,Area_18,2015,4.7,Low,False,2020-07-29,Regular,Tier 2,1.984364791804589
464,Restaurant_464,American,Delhi,Area_19,2020,3.0,High,False,2022-01-11,Toing Partner,Tier 3,1.549259211467178
465,Restaurant_465,Bakery,Chennai,Area_14,2011,3.8,High,False,2020-07-23,Regular,Tier 2,5.141578351216659
466,Restaurant_466,Mexican,Hyderabad,Area_16,2018,4.4,Low,False,2022-01-29,Toing Partner,Tier 3,1.2647801200892923
467,Restaurant_467,Continental,Hyderabad,Area_19,2010,4.2,Low,True,2021-01-26,Toing Partner,Tier 3,1.1832141349416516
468,Restaurant_468,Mexican,Ahmedabad,Area_19,2016,3.2,Medium,True,2020-08-20,Toing Partner,Tier 3,2.7586771437437365
469,Restaurant_469,Thai,Delhi,Area_10,2016,3.1,Medium,False,2021-04-12,Bolt Partner,Tier 1,1.1348960193917284
470,Restaurant_470,Continental,Pune,Area_16,2015,4.8,Low,False,2022-01-11,Toing Partner,Tier 3,5.214457483991745
471,Restaurant_471,Street Food,Jaipur,Area_16,2018,3.3,High,True,2020-11-15,Toing Partner,Tier 3,1.006133203722874
472,Restaurant_472,Continental,Ahmedabad,Area_11,2010,3.6,Medium,False,2022-02-23,Bolt Partner,Tier 1,5.761877989659205
473,Restaurant_473,Chinese,Pune,Area_4,2012,4.4,Low,False,2021-05-19,Toing Partner,Tier 3,1.0223046090789936
474,Restaurant_474,Thai,Mumbai,Area_16,2011,3.8,Low,False,2022-07-19,Regular,Tier 2,3.0309030595749045
475,Restaurant_475,Fast Food,Hyderabad,Area_11,2014,3.8,Medium,False,2022-04-21,Toing Partner,Tier 3,1.455095632364716
476,Restaurant_476,American,Noida,Area_11,2022,3.5,Medium,False,2022-06-26,Bolt Partner,Tier 1,11.922344207001291
477,Restaurant_477,South Indian,Noida,Area_10,2018,4.1,High,True,2021-02-10,Bolt Partner,Tier 1,1.0390747856100295
478,Restaurant_478,Healthy Food,Mumbai,Area_8,2017,4.6,Low,True,2020-10-16,Toing Partner,Tier 3,1.4971373207623624
479,Restaurant_479,Italian,Mumbai,Area_9,2016,3.5,High,False,2020-12-25,Toing Partner,Tier 3,5.707537162830311
480,Restaurant_480,Japanese,Chennai,Area_18,2014,5.0,Low,False,2021-09-28,Regular,Tier 2,1.4480559990467003
481,Restaurant_481,Thai,Hyderabad,Area_9,2010,3.3,Low,False,2020-01-02,Gold,Tier 1,1.6426555091006414
482,Restaurant_482,South Indian,Mumbai,Area_13,2016,4.0,Low,False,2022-06-01,Bolt Partner,Tier 1,1.8129414179954022
483,Restaurant_483,Italian,Jaipur,Area_13,2023,3.8,Low,True,2021-07-09,Bolt Partner,Tier 1,1.354000952334058
484,Restaurant_484,Desserts,Gurgaon,Area_11,2022,4.5,Low,False,2021-05-09,Regular,Tier 2,1.6385915903633217
485,Restaurant_485,Japanese,Jaipur,Area_2,2016,3.8,Medium,False,2021-06-25,Gold,Tier 1,1.5510202355768499
486,Restaurant_486,Mughlai,Hyderabad,Area_16,2019,3.3,High,False,2021-07-11,Regular,Tier 2,3.1807479856337335
487,Restaurant_487,Street Food,Noida,Area_9,2014,3.9,Medium,False,2021-07-12,Toing Partner,Tier 3,1.0235282538541863
488,Restaurant_488,Mughlai,Ahmedabad,Area_2,2017,3.2,Medium,True,2022-05-07,Gold,Tier 1,1.1793003783614744
489,Restaurant_489,Street Food,Hyderabad,Area_4,2013,4.2,Medium,False,2020-12-30,Toing Partner,Tier 3,4.4906524496813045
490,Restaurant_490,Italian,Delhi,Area_17,2014,3.4,Medium,False,2021-05-14,Gold,Tier 1,3.0187351351319904
491,Restaurant_491,Mughlai,Pune,Area_2,2011,3.6,Low,False,2021-11-21,Toing Partner,Tier 3,1.3553878248487983
492,Restaurant_492,North Indian,Hyderabad,Area_15,2011,4.0,Medium,False,2020-12-01,Toing Partner,Tier 3,1.6224973143970327
493,Restaurant_493,Street Food,Bangalore,Area_18,2010,3.4,High,False,2022-09-14,Toing Partner,Tier 3,1.1763738633290879
494,Restaurant_494,Desserts,Mumbai,Area_14,2011,4.9,High,False,2021-06-28,Bolt Partner,Tier 1,1.1098247064299311
495,Restaurant_495,Fast Food,Gurgaon,Area_10,2011,3.1,High,False,2020-06-10,Regular,Tier 2,1.365511794516805
496,Restaurant_496,Mughlai,Gurgaon,Area_15,2011,3.6,Medium,False,2020-08-31,Gold,Tier 1,1.2435581760798162
497,Restaurant_497,Fast Food,Noida,Area_6,2014,3.9,Low,False,2020-10-04,Toing Partner,Tier 3,1.5497937429362934
498,Restaurant_498,American,Chennai,Area_8,2013,3.4,Low,True,2020-06-01,Toing Partner,Tier 3,1.0412908466621866
499,Restaurant_499,Fast Food,Pune,Area_9,2015,3.9,High,False,2020-03-27,Regular,Tier 2,6.2493662665877
500,Restaurant_500,American,Pune,Area_1,2022,4.7,Medium,False,2021-09-13,Bolt Partner,Tier 1,8.515881123814442
501,Restaurant_501,Mexican,Lucknow,Area_12,2019,4.6,Medium,True,2020-09-14,Gold,Tier 1,1.82017370884844
502,Restaurant_502,Continental,Kolkata,Area_6,2022,3.1,High,False,2021-06-04,Toing Partner,Tier 3,1.4682030193732905
503,Restaurant_503,American,Mumbai,Area_5,2011,3.2,Medium,False,2021-06-23,Bolt Partner,Tier 1,1.2034466530796808
504,Restaurant_504,Healthy Food,Bangalore,Area_12,2017,3.7,High,True,2021-01-30,Bolt Partner,Tier 1,2.3174178815055266
505,Restaurant_505,South Indian,Mumbai,Area_3,2014,4.7,Medium,True,2021-05-31,Toing Partner,Tier 3,1.7809818116604432
506,Restaurant_506,Desserts,Bangalore,Area_10,2019,3.1,Low,False,2020-09-16,Toing Partner,Tier 3,1.0927930249157474
507,Restaurant_507,Desserts,Delhi,Area_14,2016,3.1,Medium,True,2022-06-04,Regular,Tier 2,3.3506372311434847
508,Restaurant_508,Thai,Gurgaon,Area_16,2014,3.8,Low,True,2022-09-04,Regular,Tier 2,2.3738123652593526
509,Restaurant_509,Thai,Bangalore,Area_13,2011,4.1,High,True,2021-07-14,Regular,Tier 2,4.463214572226898
510,Restaurant_510,Thai,Hyderabad,Area_15,2018,4.3,High,False,2020-06-03,Toing Partner,Tier 3,1.909424718328764
511,Restaurant_511,Fast Food,Gurgaon,Area_11,2017,4.2,High,False,2022-04-15,Regular,Tier 2,1.6083390649173748
512,Restaurant_512,Street Food,Jaipur,Area_6,2018,4.1,High,True,2021-12-13,Gold,Tier 1,1.3110800370462035
513,Restaurant_513,Japanese,Noida,Area_7,2018,3.5,Low,False,2020-04-20,Bolt Partner,Tier 1,3.8555326966396173
514,Restaurant_514,Street Food,Gurgaon,Area_10,2023,4.7,Medium,False,2021-07-30,Gold,Tier 1,2.732443298357585
515,Restaurant_515,Chinese,Kolkata,Area_14,2010,3.1,Medium,False,2020-06-04,Toing Partner,Tier 3,1.0234061935717909
516,Restaurant_516,Street Food,Pune,Area_1,2017,4.5,High,False,2022-01-11,Regular,Tier 2,1.0134500574944585
517,Restaurant_517,Fast Food,Kolkata,Area_10,2017,3.7,High,False,2021-08-02,Toing Partner,Tier 3,1.2663944927004769
518,Restaurant_518,Fast Food,Mumbai,Area_9,2018,4.2,Low,True,2021-11-07,Bolt Partner,Tier 1,2.297505252666156
519,Restaurant_519,Healthy Food,Gurgaon,Area_7,2016,4.2,Medium,True,2021-04-07,Gold,Tier 1,8.865237537168726
520,Restaurant_520,Healthy Food,Hyderabad,Area_9,2023,3.3,High,False,2022-09-08,Regular,Tier 2,1.084918376323072
521,Restaurant_521,Healthy Food,Pune,Area_9,2012,3.7,Low,True,2021-06-22,Toing Partner,Tier 3,1.5696647556215177
522,Restaurant_522,Fast Food,Chennai,Area_13,2017,4.7,Low,True,2020-04-29,Regular,Tier 2,1.2709146649655987
523,Restaurant_523,Fast Food,Pune,Area_18,2015,3.2,Medium,True,2022-09-13,Regular,Tier 2,5.765283203742936
524,Restaurant_524,South Indian,Delhi,Area_15,2015,3.1,Low,False,2021-09-19,Toing Partner,Tier 3,2.51672034553451
525,Restaurant_525,North Indian,Delhi,Area_1,2016,4.1,Medium,True,2020-09-04,Gold,Tier 1,2.487044414271358
526,Restaurant_526,Bakery,Delhi,Area_18,2022,4.0,High,True,2020-06-01,Gold,Tier 1,1.3719152902123934
527,Restaurant_527,Chinese,Pune,Area_13,2022,4.1,Medium,False,2021-04-09,Regular,Tier 2,1.3072392467071334
528,Restaurant_528,Bakery,Noida,Area_5,2011,4.8,Low,False,2020-12-10,Bolt Partner,Tier 1,1.173152354914971
529,Restaurant_529,Desserts,Jaipur,Area_16,2012,3.1,High,False,2020-03-13,Toing Partner,Tier 3,1.0294384731912045
530,Restaurant_530,Bakery,Ahmedabad,Area_11,2015,4.3,Low,False,2022-01-19,Toing Partner,Tier 3,2.718861074480518
531,Restaurant_531,South Indian,Pune,Area_11,2022,4.1,High,True,2020-11-07,Bolt Partner,Tier 1,2.3118746208996472
532,Restaurant_532,Fast Food,Chennai,Area_2,2010,3.9,Low,True,2020-01-28,Toing Partner,Tier 3,59.51466774589408
533,Restaurant_533,Desserts,Noida,Area_1,2011,3.8,Low,False,2020-01-14,Bolt Partner,Tier 1,17.24352482204178
534,Restaurant_534,Mexican,Noida,Area_14,2012,3.4,Medium,False,2021-10-18,Regular,Tier 2,1.4997910468739535
535,Restaurant_535,Mughlai,Hyderabad,Area_20,2010,3.9,Medium,True,2020-01-13,Gold,Tier 1,2.080569272778591
536,Restaurant_536,Japanese,Kolkata,Area_8,2010,4.6,High,False,2021-03-01,Regular,Tier 2,4.254962043066851
537,Restaurant_537,Street Food,Ahmedabad,Area_15,2014,3.4,Medium,False,2021-11-04,Regular,Tier 2,2.578959459613155
538,Restaurant_538,Thai,Gurgaon,Area_17,2013,3.9,Low,False,2022-06-13,Gold,Tier 1,1.1526645039174443
539,Restaurant_539,Street Food,Gurgaon,Area_15,2020,3.8,Medium,False,2020-02-09,Gold,Tier 1,1.3490672310791147
540,Restaurant_540,North Indian,Kolkata,Area_4,2017,4.6,High,False,2020-02-14,Bolt Partner,Tier 1,1.0715949779243208
541,Restaurant_541,Fast Food,Lucknow,Area_7,2015,3.6,Low,False,2022-01-09,Gold,Tier 1,4.665112236219153
542,Restaurant_542,Bakery,Bangalore,Area_18,2022,3.5,Low,False,2020-03-28,Bolt Partner,Tier 1,1.593485652858352
543,Restaurant_543,Mughlai,Mumbai,Area_15,2014,4.1,High,False,2021-07-25,Toing Partner,Tier 3,1.1386027613069172
544,Restaurant_544,North Indian,Delhi,Area_16,2018,4.6,Medium,False,2021-05-13,Bolt Partner,Tier 1,1.7452795957087153
545,Restaurant_545,Japanese,Bangalore,Area_6,2019,4.6,Low,False,2022-05-03,Toing Partner,Tier 3,1.6182336540228783
546,Restaurant_546,Healthy Food,Jaipur,Area_14,2019,4.2,Low,False,2022-08-15,Gold,Tier 1,1.2482096331838717
547,Restaurant_547,Mexican,Jaipur,Area_4,2011,3.2,Medium,False,2022-09-02,Gold,Tier 1,1.0621228145288848
548,Restaurant_548,North Indian,Hyderabad,Area_7,2020,4.3,High,False,2020-07-06,Toing Partner,Tier 3,1.7449408212570017
549,Restaurant_549,South Indian,Ahmedabad,Area_19,2010,3.7,High,False,2021-11-09,Toing Partner,Tier 3,1.4438385288514195
550,Restaurant_550,American,Noida,Area_17,2020,3.9,Medium,True,2022-05-13,Bolt Partner,Tier 1,2.095733351311664
551,Restaurant_551,Bakery,Ahmedabad,Area_2,2023,3.7,Low,False,2021-03-06,Gold,Tier 1,1.443621562384539
552,Restaurant_552,Italian,Gurgaon,Area_1,2014,3.6,High,True,2022-02-28,Regular,Tier 2,2.600971569112666
553,Restaurant_553,Desserts,Kolkata,Area_12,2021,3.1,High,False,2020-11-06,Toing Partner,Tier 3,1.4938804441473004
554,Restaurant_554,Healthy Food,Jaipur,Area_16,2013,5.0,Medium,False,2020-01-20,Regular,Tier 2,1.5091661662010527
555,Restaurant_555,Healthy Food,Pune,Area_11,2021,3.6,High,True,2022-07-30,Regular,Tier 2,2.847323190762032
556,Restaurant_556,American,Hyderabad,Area_11,2022,3.5,Low,False,2020-01-20,Bolt Partner,Tier 1,1.2947578082363687
557,Restaurant_557,American,Delhi,Area_19,2017,4.5,High,True,2021-09-21,Regular,Tier 2,1.0745951410808898
558,Restaurant_558,Street Food,Bangalore,Area_12,2021,3.0,Low,False,2021-12-25,Gold,Tier 1,1.01470964823269
559,Restaurant_559,Italian,Bangalore,Area_12,2018,4.6,Low,False,2021-08-29,Toing Partner,Tier 3,2.020871241967489
560,Restaurant_560,Mexican,Bangalore,Area_10,2013,4.3,Medium,False,2021-09-20,Toing Partner,Tier 3,1.6228753502684912
561,Restaurant_561,Desserts,Gurgaon,Area_10,2011,3.6,High,False,2021-10-28,Regular,Tier 2,1.8382842686169834
562,Restaurant_562,Mughlai,Gurgaon,Area_6,2019,3.4,Low,False,2020-08-14,Toing Partner,Tier 3,1.1272045822400683
563,Restaurant_563,Street Food,Jaipur,Area_18,2016,3.6,High,False,2021-01-28,Gold,Tier 1,1.0760600574050148
564,Restaurant_564,Thai,Gurgaon,Area_19,2022,4.9,High,False,2021-09-26,Gold,Tier 1,1.0073526369969894
565,Restaurant_565,South Indian,Bangalore,Area_17,2023,3.6,Low,False,2021-03-16,Regular,Tier 2,1.2409083239343628
566,Restaurant_566,North Indian,Jaipur,Area_12,2023,3.7,Low,True,2020-02-02,Toing Partner,Tier 3,1.5615808723220144
567,Restaurant_567,American,Delhi,Area_1,2010,4.3,Low,False,2020-08-01,Regular,Tier 2,1.2827304035017926
568,Restaurant_568,Street Food,Gurgaon,Area_6,2014,4.6,Low,False,2020-02-09,Gold,Tier 1,1.3333036122811708
569,Restaurant_569,Continental,Bangalore,Area_6,2016,3.5,High,False,2020-02-07,Toing Partner,Tier 3,3.2301570601658187
570,Restaurant_570,Italian,Bangalore,Area_20,2019,3.2,Medium,True,2020-10-13,Gold,Tier 1,1.2386862066995998
571,Restaurant_571,Thai,Mumbai,Area_7,2015,4.5,Low,False,2021-12-27,Regular,Tier 2,1.4344227651519952
572,Restaurant_572,Japanese,Lucknow,Area_19,2018,3.9,High,False,2021-08-15,Bolt Partner,Tier 1,2.1499312585475514
573,Restaurant_573,Mexican,Bangalore,Area_19,2017,3.6,Medium,False,2021-08-27,Toing Partner,Tier 3,1.2872910712745746
574,Restaurant_574,North Indian,Kolkata,Area_10,2018,5.0,Medium,False,2020-08-21,Regular,Tier 2,1.6266866853299897
575,Restaurant_575,Japanese,Hyderabad,Area_2,2011,5.0,Medium,False,2020-10-06,Gold,Tier 1,2.695463896533021
576,Restaurant_576,American,Ahmedabad,Area_9,2014,4.3,Medium,True,2021-08-13,Regular,Tier 2,4.450850527486081
577,Restaurant_577,South Indian,Noida,Area_4,2016,4.4,Low,False,2021-09-09,Regular,Tier 2,1.0827898876691
578,Restaurant_578,Continental,Noida,Area_16,2013,3.8,Low,True,2022-05-15,Toing Partner,Tier 3,3.6907562450826834
579,Restaurant_579,Desserts,Delhi,Area_5,2010,3.6,Low,True,2022-03-19,Gold,Tier 1,1.403194454370894
580,Restaurant_580,Desserts,Ahmedabad,Area_20,2013,3.1,High,True,2021-09-20,Gold,Tier 1,1.1610998786939382
581,Restaurant_581,Italian,Kolkata,Area_15,2021,3.2,Medium,True,2021-11-11,Gold,Tier 1,1.3597399710164992
582,Restaurant_582,Healthy Food,Gurgaon,Area_12,2015,3.8,Low,False,2021-05-29,Regular,Tier 2,7.076833407234009
583,Restaurant_583,Bakery,Gurgaon,Area_9,2017,4.4,High,True,2022-03-18,Gold,Tier 1,1.4038881628394972
584,Restaurant_584,American,Bangalore,Area_11,2010,3.8,High,True,2022-06-20,Regular,Tier 2,1.2205578594172415
585,Restaurant_585,Thai,Lucknow,Area_13,2016,3.3,Low,False,2021-05-13,Regular,Tier 2,1.651597724012589
586,Restaurant_586,Continental,Chennai,Area_17,2018,3.8,Medium,False,2020-05-28,Gold,Tier 1,1.1471885773802528
587,Restaurant_587,North Indian,Ahmedabad,Area_3,2021,3.3,Medium,True,2021-01-11,Regular,Tier 2,1.0402360436910156
588,Restaurant_588,Continental,Mumbai,Area_8,2015,4.9,Low,True,2021-04-27,Toing Partner,Tier 3,1.0714229339818917
589,Restaurant_589,Thai,Bangalore,Area_6,2017,4.2,Medium,False,2020-07-16,Gold,Tier 1,1.0709104901688546
590,Restaurant_590,North Indian,Jaipur,Area_8,2015,5.0,Medium,False,2020-01-24,Gold,Tier 1,1.0858683079688758
591,Restaurant_591,Healthy Food,Delhi,Area_6,2018,3.1,Medium,True,2021-07-23,Gold,Tier 1,1.0775931970461867
592,Restaurant_592,Chinese,Bangalore,Area_18,2014,3.5,Medium,False,2021-07-24,Gold,Tier 1,1.6686952364810177
593,Restaurant_593,Thai,Pune,Area_6,2013,3.8,Low,True,2020-02-12,Toing Partner,Tier 3,1.105583421083996
594,Restaurant_594,Continental,Lucknow,Area_20,2019,4.8,High,False,2022-02-04,Toing Partner,Tier 3,1.236233995540159
595,Restaurant_595,North Indian,Mumbai,Area_3,2016,3.3,Low,True,2021-04-08,Regular,Tier 2,3.1126892481602195
596,Restaurant_596,Thai,Jaipur,Area_4,2012,3.8,Low,False,2022-08-18,Gold,Tier 1,1.3787683088705724
597,Restaurant_597,Mexican,Ahmedabad,Area_10,2018,4.0,Low,False,2020-07-25,Regular,Tier 2,1.7343705320364051
598,Restaurant_598,Italian,Bangalore,Area_15,2016,4.0,Medium,True,2021-01-12,Bolt Partner,Tier 1,1.0991797925706164
599,Restaurant_599,Mughlai,Lucknow,Area_5,2021,3.5,Medium,False,2022-03-18,Toing Partner,Tier 3,1.1126844182099478
600,Restaurant_600,Fast Food,Pune,Area_8,2022,3.1,Medium,False,2020-09-30,Gold,Tier 1,1.0210827729419945
601,Restaurant_601,Thai,Pune,Area_12,2012,4.1,Low,False,2022-04-18,Bolt Partner,Tier 1,1.0969391080314976
602,Restaurant_602,Street Food,Jaipur,Area_1,2013,4.8,High,False,2021-03-30,Regular,Tier 2,1.1773593117648204
603,Restaurant_603,Fast Food,Mumbai,Area_6,2017,4.0,High,False,2020-07-04,Gold,Tier 1,1.1023077191632262
604,Restaurant_604,Mughlai,Bangalore,Area_19,2011,3.9,Low,False,2020-02-09,Toing Partner,Tier 3,1.0475383194199186
605,Restaurant_605,Thai,Kolkata,Area_1,2021,4.6,High,False,2022-05-02,Toing Partner,Tier 3,1.0663889274815888
606,Restaurant_606,Mughlai,Hyderabad,Area_12,2015,3.9,Low,True,2020-07-20,Gold,Tier 1,1.3618099651658753
607,Restaurant_607,North Indian,Gurgaon,Area_3,2019,3.5,Low,False,2020-09-10,Regular,Tier 2,1.1224862635332646
608,Restaurant_608,Thai,Lucknow,Area_1,2016,4.9,High,False,2021-06-01,Gold,Tier 1,1.2541907674020676
609,Restaurant_609,Italian,Kolkata,Area_2,2018,4.2,High,False,2020-12-08,Toing Partner,Tier 3,1.419071227327953
610,Restaurant_610,Chinese,Pune,Area_3,2021,3.3,High,False,2020-02-22,Regular,Tier 2,1.797197877134961
611,Restaurant_611,Italian,Mumbai,Area_4,2013,3.3,High,False,2022-07-26,Regular,Tier 2,1.0202552744472246
612,Restaurant_612,North Indian,Hyderabad,Area_13,2016,3.3,Low,False,2021-08-31,Toing Partner,Tier 3,2.2327792767494326
613,Restaurant_613,American,Gurgaon,Area_8,2018,4.0,Low,False,2022-02-12,Regular,Tier 2,1.6393451202770575
614,Restaurant_614,Italian,Mumbai,Area_7,2022,4.8,Medium,False,2020-03-19,Regular,Tier 2,1.0435701961568953
615,Restaurant_615,Mughlai,Hyderabad,Area_8,2023,4.4,Low,False,2021-05-25,Gold,Tier 1,2.8124819486271675
616,Restaurant_616,American,Bangalore,Area_4,2011,4.9,Low,True,2020-11-14,Toing Partner,Tier 3,3.554970528938452
617,Restaurant_617,North Indian,Bangalore,Area_8,2011,4.7,High,False,2021-10-08,Bolt Partner,Tier 1,1.032013154699613
618,Restaurant_618,Fast Food,Noida,Area_3,2020,4.0,Medium,False,2022-03-25,Bolt Partner,Tier 1,1.1759642173197578
619,Restaurant_619,Italian,Delhi,Area_12,2012,3.8,Low,False,2020-03-25,Regular,Tier 2,2.271561752466394
620,Restaurant_620,American,Delhi,Area_14,2023,3.2,Low,False,2021-09-27,Bolt Partner,Tier 1,1.9930748961081046
621,Restaurant_621,Mexican,Lucknow,Area_2,2016,4.4,High,False,2020-05-23,Toing Partner,Tier 3,1.1073721942263006
622,Restaurant_622,Desserts,Chennai,Area_4,2017,3.5,Medium,False,2020-05-08,Gold,Tier 1,1.1246248524892697
623,Restaurant_623,South Indian,Kolkata,Area_12,2019,3.1,High,True,2020-08-26,Toing Partner,Tier 3,1.260353900592828
624,Restaurant_624,Bakery,Delhi,Area_6,2017,4.8,Medium,False,2020-03-26,Toing Partner,Tier 3,1.3928211329231643
625,Restaurant_625,Chinese,Delhi,Area_11,2014,3.9,Medium,False,2021-11-23,Gold,Tier 1,1.618501817002137
626,Restaurant_626,Bakery,Bangalore,Area_10,2011,4.3,Low,False,2022-07-25,Gold,Tier 1,1.2587967211979163
627,Restaurant_627,Street Food,Delhi,Area_5,2019,4.7,Low,True,2020-04-20,Bolt Partner,Tier 1,1.3640327298307307
628,Restaurant_628,Continental,Chennai,Area_8,2020,4.6,Low,False,2020-01-27,Regular,Tier 2,1.9899598650071886
629,Restaurant_629,Continental,Delhi,Area_1,2016,4.8,Medium,False,2022-08-19,Bolt Partner,Tier 1,1.018862160960145
630,Restaurant_630,Healthy Food,Delhi,Area_17,2011,3.7,High,False,2020-12-12,Toing Partner,Tier 3,1.1565810830355168
631,Restaurant_631,Chinese,Noida,Area_9,2021,4.1,Low,True,2021-03-18,Gold,Tier 1,1.8677713664430295
632,Restaurant_632,Continental,Lucknow,Area_1,2011,3.1,High,False,2021-01-07,Bolt Partner,Tier 1,3.089111092411564
633,Restaurant_633,Fast Food,Hyderabad,Area_2,2023,4.4,High,False,2020-03-25,Gold,Tier 1,1.4310229756477102
634,Restaurant_634,Italian,Chennai,Area_12,2020,4.3,Medium,False,2021-12-04,Gold,Tier 1,1.461940629164699
635,Restaurant_635,South Indian,Ahmedabad,Area_7,2019,3.9,Medium,False,2022-02-03,Regular,Tier 2,1.0583178030340399
636,Restaurant_636,Healthy Food,Pune,Area_4,2017,3.1,High,False,2020-11-03,Toing Partner,Tier 3,1.3452389066492991
637,Restaurant_637,Thai,Gurgaon,Area_14,2023,3.5,Low,False,2022-01-30,Gold,Tier 1,1.4627283131973277
638,Restaurant_638,Chinese,Bangalore,Area_2,2019,3.5,High,True,2020-02-24,Regular,Tier 2,1.1489476099699298
639,Restaurant_639,Japanese,Pune,Area_11,2022,3.0,Low,False,2020-11-02,Gold,Tier 1,1.1698052780471304
640,Restaurant_640,Continental,Hyderabad,Area_20,2017,3.2,Medium,True,2021-05-19,Gold,Tier 1,1.2672288295375131
641,Restaurant_641,Italian,Hyderabad,Area_4,2010,3.7,High,False,2022-03-17,Bolt Partner,Tier 1,1.010189240743737
642,Restaurant_642,Chinese,Delhi,Area_1,2019,4.4,Low,False,2021-09-24,Regular,Tier 2,1.2145363276568075
643,Restaurant_643,Desserts,Pune,Area_16,2017,3.5,High,False,2022-06-27,Gold,Tier 1,1.1261204187327603
644,Restaurant_644,Japanese,Hyderabad,Area_10,2013,4.8,High,False,2020-11-02,Bolt Partner,Tier 1,1.2194191211033238
645,Restaurant_645,Continental,Chennai,Area_12,2019,4.4,Low,True,2021-02-15,Toing Partner,Tier 3,1.0658595380628806
646,Restaurant_646,Healthy Food,Gurgaon,Area_20,2021,3.9,Low,False,2022-08-03,Bolt Partner,Tier 1,3.022365944412502
647,Restaurant_647,Italian,Gurgaon,Area_3,2021,3.9,Low,False,2021-06-13,Regular,Tier 2,1.5686249490062683
648,Restaurant_648,American,Chennai,Area_18,2019,3.9,Medium,True,2020-09-16,Regular,Tier 2,1.7652926410682168
649,Restaurant_649,Desserts,Chennai,Area_7,2022,4.4,High,True,2021-11-26,Gold,Tier 1,2.177885639877416
650,Restaurant_650,North Indian,Bangalore,Area_13,2015,4.2,Medium,False,2021-04-23,Toing Partner,Tier 3,1.4120156335435359
651,Restaurant_651,Japanese,Kolkata,Area_11,2011,5.0,Medium,False,2021-09-16,Toing Partner,Tier 3,1.0465154719416803
652,Restaurant_652,South Indian,Kolkata,Area_14,2023,3.4,High,True,2020-12-16,Toing Partner,Tier 3,1.4698041809031623
653,Restaurant_653,South Indian,Mumbai,Area_1,2012,3.8,High,False,2020-12-01,Toing Partner,Tier 3,1.5557558876980044
654,Restaurant_654,North Indian,Bangalore,Area_3,2022,5.0,Medium,True,2020-11-17,Bolt Partner,Tier 1,1.9820037430034159
655,Restaurant_655,Chinese,Ahmedabad,Area_17,2020,4.0,Low,True,2022-01-05,Bolt Partner,Tier 1,1.3264647554903473
656,Restaurant_656,Mexican,Chennai,Area_11,2017,4.2,Medium,True,2022-07-24,Bolt Partner,Tier 1,1.0706247251367755
657,Restaurant_657,North Indian,Ahmedabad,Area_4,2010,4.9,Low,False,2022-06-15,Toing Partner,Tier 3,1.1816137514177183
658,Restaurant_658,Italian,Delhi,Area_8,2019,3.5,Low,False,2020-10-19,Bolt Partner,Tier 1,1.2530209714151928
659,Restaurant_659,Fast Food,Gurgaon,Area_2,2019,3.3,High,True,2020-07-28,Toing Partner,Tier 3,1.6805351860520534
660,Restaurant_660,Desserts,Delhi,Area_14,2012,4.2,Medium,False,2020-09-29,Regular,Tier 2,1.5263677000216551
661,Restaurant_661,Chinese,Chennai,Area_16,2023,3.4,High,True,2022-04-06,Regular,Tier 2,1.2462055564417334
662,Restaurant_662,Bakery,Ahmedabad,Area_13,2015,3.7,Low,True,2022-04-20,Bolt Partner,Tier 1,8.611494547124508
663,Restaurant_663,Desserts,Bangalore,Area_6,2013,3.6,Low,True,2022-01-02,Toing Partner,Tier 3,1.5926774076438537
664,Restaurant_664,Italian,Kolkata,Area_8,2015,4.0,Low,False,2020-05-26,Toing Partner,Tier 3,1.144991558372284
665,Restaurant_665,American,Jaipur,Area_19,2019,4.2,Medium,False,2020-12-25,Regular,Tier 2,1.0551379348468426
666,Restaurant_666,Healthy Food,Jaipur,Area_16,2022,3.9,Low,False,2021-12-13,Bolt Partner,Tier 1,1.0864811228572748
667,Restaurant_667,Japanese,Mumbai,Area_9,2014,3.2,Low,False,2021-02-12,Toing Partner,Tier 3,1.1516013185156013
668,Restaurant_668,Mexican,Hyderabad,Area_3,2014,3.7,Low,False,2021-08-08,Gold,Tier 1,1.0915322438984727
669,Restaurant_669,Italian,Ahmedabad,Area_9,2023,3.7,Low,True,2021-04-29,Regular,Tier 2,1.108763990390717
670,Restaurant_670,Chinese,Chennai,Area_14,2023,4.6,Medium,False,2022-09-04,Toing Partner,Tier 3,1.1827035053302344
671,Restaurant_671,Mughlai,Mumbai,Area_8,2021,4.1,Medium,False,2021-09-01,Regular,Tier 2,1.0998801472597046
672,Restaurant_672,Chinese,Noida,Area_12,2016,4.1,Low,False,2021-08-08,Toing Partner,Tier 3,3.1123427072107925
673,Restaurant_673,Mughlai,Jaipur,Area_4,2018,3.9,Low,False,2022-07-21,Bolt Partner,Tier 1,1.0427045393861774
674,Restaurant_674,North Indian,Chennai,Area_16,2015,3.7,High,False,2022-08-10,Toing Partner,Tier 3,1.4502068117518623
675,Restaurant_675,Chinese,Mumbai,Area_1,2016,4.3,Medium,False,2020-07-22,Gold,Tier 1,1.3023271483584218
676,Restaurant_676,Bakery,Lucknow,Area_7,2017,3.2,Medium,False,2021-10-14,Bolt Partner,Tier 1,7.533208773693425
677,Restaurant_677,Thai,Hyderabad,Area_7,2020,3.2,Medium,False,2021-12-18,Gold,Tier 1,1.0612141454310469
678,Restaurant_678,Healthy Food,Jaipur,Area_2,2015,3.7,High,False,2022-01-03,Toing Partner,Tier 3,1.2886936062068532
679,Restaurant_679,Italian,Lucknow,Area_15,2022,3.1,Medium,False,2020-10-10,Gold,Tier 1,5.72320997291786
680,Restaurant_680,North Indian,Ahmedabad,Area_12,2021,4.8,Medium,False,2021-11-27,Bolt Partner,Tier 1,2.72678165000002
681,Restaurant_681,North Indian,Mumbai,Area_8,2020,4.0,High,False,2022-05-03,Gold,Tier 1,2.338083360463739
682,Restaurant_682,Thai,Bangalore,Area_19,2018,3.4,Medium,False,2021-09-12,Gold,Tier 1,1.1608326412018
683,Restaurant_683,Chinese,Mumbai,Area_11,2014,4.1,Low,False,2021-02-21,Toing Partner,Tier 3,1.098229970869673
684,Restaurant_684,Fast Food,Chennai,Area_12,2019,3.3,Medium,False,2021-10-06,Bolt Partner,Tier 1,1.7372089946583409
685,Restaurant_685,Continental,Gurgaon,Area_13,2016,3.3,Low,False,2021-10-28,Gold,Tier 1,3.762909824054332
686,Restaurant_686,Fast Food,Kolkata,Area_5,2010,4.1,Medium,False,2020-09-19,Gold,Tier 1,1.5020415423053408
687,Restaurant_687,Chinese,Pune,Area_10,2017,3.1,Low,False,2020-03-07,Toing Partner,Tier 3,1.5278534565246316
688,Restaurant_688,Mexican,Pune,Area_3,2018,4.5,Low,True,2020-11-10,Regular,Tier 2,1.1784941923795995
689,Restaurant_689,Healthy Food,Noida,Area_10,2020,3.9,Low,False,2022-07-18,Bolt Partner,Tier 1,2.0828494398009196
690,Restaurant_690,Bakery,Pune,Area_1,2017,4.6,Medium,True,2021-01-12,Bolt Partner,Tier 1,1.1090890370936508
691,Restaurant_691,Thai,Mumbai,Area_20,2013,4.8,Low,False,2021-10-08,Bolt Partner,Tier 1,1.2159721819052178
692,Restaurant_692,Mughlai,Kolkata,Area_11,2012,4.0,High,False,2020-10-07,Bolt Partner,Tier 1,1.3192617172760195
693,Restaurant_693,Healthy Food,Noida,Area_12,2013,4.9,High,False,2020-03-31,Gold,Tier 1,1.4251007048907176
694,Restaurant_694,South Indian,Jaipur,Area_19,2018,3.3,Low,False,2021-07-07,Toing Partner,Tier 3,1.14890152678298
695,Restaurant_695,South Indian,Ahmedabad,Area_20,2016,3.0,High,True,2020-05-31,Toing Partner,Tier 3,1.0628900242144552
696,Restaurant_696,Mexican,Gurgaon,Area_13,2016,3.2,High,False,2020-04-24,Toing Partner,Tier 3,1.6025559585174387
697,Restaurant_697,Street Food,Gurgaon,Area_10,2016,3.2,High,False,2022-05-19,Bolt Partner,Tier 1,1.1856387800198367
698,Restaurant_698,Bakery,Bangalore,Area_11,2020,5.0,Medium,False,2022-09-09,Gold,Tier 1,1.5453130854838262
699,Restaurant_699,Continental,Chennai,Area_11,2017,4.0,High,False,2020-12-08,Bolt Partner,Tier 1,1.0874465968013056
700,Restaurant_700,Thai,Ahmedabad,Area_3,2021,3.6,Low,False,2021-09-20,Gold,Tier 1,1.3882732226662629
701,Restaurant_701,Japanese,Pune,Area_13,2018,3.6,High,False,2022-02-25,Toing Partner,Tier 3,1.462684760432809
702,Restaurant_702,Thai,Ahmedabad,Area_8,2015,3.3,Medium,True,2021-05-27,Gold,Tier 1,1.0269644610561772
703,Restaurant_703,North Indian,Jaipur,Area_9,2018,4.7,Medium,False,2021-03-17,Gold,Tier 1,1.2277605276981254
704,Restaurant_704,North Indian,Hyderabad,Area_20,2023,3.9,High,False,2021-07-20,Gold,Tier 1,1.0748430634305695
705,Restaurant_705,South Indian,Delhi,Area_2,2015,3.3,High,False,2022-01-26,Gold,Tier 1,1.0332778516048964
706,Restaurant_706,Mughlai,Pune,Area_3,2014,3.7,Medium,False,2020-07-30,Regular,Tier 2,9.980175303975045
707,Restaurant_707,Fast Food,Chennai,Area_9,2019,3.3,Low,False,2020-04-18,Toing Partner,Tier 3,1.2147824548556458
708,Restaurant_708,Continental,Noida,Area_20,2021,3.6,Low,False,2022-07-19,Toing Partner,Tier 3,2.2933997116345126
709,Restaurant_709,North Indian,Lucknow,Area_20,2021,4.7,Low,False,2021-12-13,Gold,Tier 1,1.1582895802007669
710,Restaurant_710,Chinese,Ahmedabad,Area_1,2021,4.8,Medium,True,2020-03-05,Gold,Tier 1,1.7719323522272434
711,Restaurant_711,Thai,Pune,Area_13,2016,3.6,Medium,True,2021-07-24,Toing Partner,Tier 3,2.04221113670817
712,Restaurant_712,Fast Food,Mumbai,Area_8,2011,3.4,High,True,2021-01-11,Gold,Tier 1,1.5725889863490785
713,Restaurant_713,Fast Food,Delhi,Area_2,2011,4.9,High,True,2020-03-09,Gold,Tier 1,1.3756527173677509
714,Restaurant_714,Chinese,Kolkata,Area_13,2023,3.1,Medium,True,2020-06-18,Bolt Partner,Tier 1,1.3039249481555797
715,Restaurant_715,Desserts,Lucknow,Area_11,2023,3.7,Medium,True,2021-04-05,Toing Partner,Tier 3,1.2392689519126818
716,Restaurant_716,Healthy Food,Lucknow,Area_10,2020,3.6,Low,False,2020-01-20,Bolt Partner,Tier 1,3.7669965923751736
717,Restaurant_717,Japanese,Hyderabad,Area_12,2021,4.6,Low,True,2021-06-07,Gold,Tier 1,2.4297868454201
718,Restaurant_718,Thai,Gurgaon,Area_16,2019,3.4,Medium,False,2022-06-02,Toing Partner,Tier 3,5.347280932029314
719,Restaurant_719,Street Food,Delhi,Area_6,2013,4.6,High,False,2020-01-24,Toing Partner,Tier 3,1.0686159119748153
720,Restaurant_720,Chinese,Pune,Area_13,2013,4.6,Medium,True,2021-03-13,Regular,Tier 2,1.927599953633921
721,Restaurant_721,Mexican,Ahmedabad,Area_20,2014,4.9,High,True,2020-01-12,Gold,Tier 1,4.027168939259308
722,Restaurant_722,Healthy Food,Jaipur,Area_14,2017,3.9,Medium,False,2022-01-08,Toing Partner,Tier 3,1.1051464994286457
723,Restaurant_723,Desserts,Kolkata,Area_1,2023,4.3,High,False,2020-10-01,Bolt Partner,Tier 1,1.035003862646786
724,Restaurant_724,Desserts,Kolkata,Area_20,2012,4.9,Low,False,2022-06-26,Toing Partner,Tier 3,1.965401551975031
725,Restaurant_725,Chinese,Ahmedabad,Area_14,2020,5.0,High,True,2020-08-31,Regular,Tier 2,1.5329800285274977
726,Restaurant_726,Mexican,Bangalore,Area_1,2017,3.2,High,False,2022-04-01,Gold,Tier 1,2.514410973266637
727,Restaurant_727,American,Pune,Area_3,2021,4.8,High,False,2021-11-30,Bolt Partner,Tier 1,1.078185055358462
728,Restaurant_728,Chinese,Delhi,Area_16,2018,4.3,High,True,2020-11-20,Toing Partner,Tier 3,2.210071914539705
729,Restaurant_729,Mexican,Pune,Area_17,2012,3.5,High,False,2020-06-10,Gold,Tier 1,1.1191728509596606
730,Restaurant_730,South Indian,Mumbai,Area_12,2019,3.6,High,True,2022-07-05,Gold,Tier 1,1.0934716113021288
731,Restaurant_731,Fast Food,Bangalore,Area_3,2016,3.2,Low,False,2022-07-19,Gold,Tier 1,1.0938705046272286
732,Restaurant_732,Mexican,Lucknow,Area_5,2010,3.6,High,False,2022-06-29,Toing Partner,Tier 3,2.322285061587077
733,Restaurant_733,American,Noida,Area_5,2014,4.2,Low,True,2021-02-11,Bolt Partner,Tier 1,1.7282456511490707
734,Restaurant_734,Mughlai,Noida,Area_2,2014,3.8,Low,False,2020-12-06,Gold,Tier 1,1.4480067827512384
735,Restaurant_735,Desserts,Pune,Area_16,2016,3.5,Medium,False,2020-07-14,Bolt Partner,Tier 1,1.2488594575575864
736,Restaurant_736,American,Lucknow,Area_19,2013,4.8,Low,False,2020-12-07,Bolt Partner,Tier 1,2.853657011458578
737,Restaurant_737,Fast Food,Lucknow,Area_1,2012,3.4,Low,False,2022-08-23,Bolt Partner,Tier 1,1.2829426373455055
738,Restaurant_738,Thai,Mumbai,Area_18,2017,4.0,High,True,2020-10-18,Toing Partner,Tier 3,2.335068744119831
739,Restaurant_739,South Indian,Jaipur,Area_8,2016,3.4,Low,True,2020-12-27,Toing Partner,Tier 3,1.3352752368897005
740,Restaurant_740,North Indian,Bangalore,Area_7,2021,4.3,Medium,False,2020-03-04,Toing Partner,Tier 3,1.2668832913246135
741,Restaurant_741,Mexican,Ahmedabad,Area_2,2013,3.1,Medium,False,2021-11-06,Regular,Tier 2,1.3642168530370804
742,Restaurant_742,American,Jaipur,Area_3,2015,4.4,Medium,True,2020-01-26,Bolt Partner,Tier 1,1.1964066878249004
743,Restaurant_743,Continental,Chennai,Area_6,2020,4.2,Low,False,2020-11-01,Gold,Tier 1,1.9905055594946364
744,Restaurant_744,Bakery,Lucknow,Area_10,2011,4.9,Medium,False,2022-03-16,Bolt Partner,Tier 1,1.4180765453342186
745,Restaurant_745,North Indian,Gurgaon,Area_17,2021,4.1,Low,False,2022-07-12,Gold,Tier 1,1.141246704726972
746,Restaurant_746,Mexican,Hyderabad,Area_11,2019,3.8,Low,True,2022-01-01,Bolt Partner,Tier 1,3.15557245973634
747,Restaurant_747,Desserts,Noida,Area_16,2022,4.6,Medium,False,2020-09-22,Toing Partner,Tier 3,1.2740054960852905
748,Restaurant_748,Japanese,Ahmedabad,Area_14,2012,4.1,High,False,2022-04-03,Bolt Partner,Tier 1,1.4801466801711554
749,Restaurant_749,Desserts,Kolkata,Area_12,2021,5.0,High,False,2022-03-16,Gold,Tier 1,3.269862072496229
750,Restaurant_750,Italian,Lucknow,Area_16,2015,3.3,High,False,2020-09-05,Regular,Tier 2,1.6313365561599795
751,Restaurant_751,Continental,Lucknow,Area_10,2014,3.7,Low,True,2020-11-15,Regular,Tier 2,1.0641297276058814
752,Restaurant_752,Fast Food,Pune,Area_3,2015,4.4,Low,False,2021-07-26,Toing Partner,Tier 3,4.0767835909556345
753,Restaurant_753,American,Noida,Area_15,2016,3.3,Medium,True,2020-04-24,Regular,Tier 2,1.6389215998278386
754,Restaurant_754,Chinese,Pune,Area_20,2021,3.1,Medium,True,2021-12-30,Gold,Tier 1,1.2261916636208279
755,Restaurant_755,Healthy Food,Ahmedabad,Area_12,2014,4.9,High,True,2020-11-27,Regular,Tier 2,1.0778716586119315
756,Restaurant_756,American,Noida,Area_3,2013,3.7,Low,False,2022-07-19,Regular,Tier 2,2.2033979638749295
757,Restaurant_757,Chinese,Noida,Area_19,2023,3.4,Medium,False,2020-12-07,Regular,Tier 2,1.6223695305866512
758,Restaurant_758,Desserts,Hyderabad,Area_3,2023,4.5,High,True,2021-05-02,Regular,Tier 2,1.4640505286145715
759,Restaurant_759,Mexican,Kolkata,Area_12,2021,4.3,High,True,2021-02-27,Toing Partner,Tier 3,3.069920499293582
760,Restaurant_760,Fast Food,Pune,Area_15,2017,3.9,Medium,True,2021-04-23,Toing Partner,Tier 3,2.1749267957505203
761,Restaurant_761,Bakery,Delhi,Area_19,2020,3.7,High,False,2022-01-28,Gold,Tier 1,1.0857224957280567
762,Restaurant_762,Fast Food,Chennai,Area_2,2011,5.0,High,True,2022-09-25,Gold,Tier 1,1.2053636139001052
763,Restaurant_763,Italian,Ahmedabad,Area_14,2012,4.7,High,False,2021-10-08,Gold,Tier 1,1.1535392319435576
764,Restaurant_764,Continental,Ahmedabad,Area_16,2018,4.1,Low,True,2020-01-07,Bolt Partner,Tier 1,1.97621624869046
765,Restaurant_765,Italian,Bangalore,Area_17,2019,3.9,Medium,False,2022-08-15,Regular,Tier 2,1.0172000156273366
766,Restaurant_766,Continental,Kolkata,Area_6,2012,3.4,High,False,2022-08-23,Regular,Tier 2,1.5247901258469043
767,Restaurant_767,Chinese,Pune,Area_7,2014,4.5,Low,False,2020-07-06,Toing Partner,Tier 3,2.051778253617256
768,Restaurant_768,Chinese,Kolkata,Area_19,2012,4.1,High,False,2020-04-22,Regular,Tier 2,2.848617167637055
769,Restaurant_769,Mexican,Lucknow,Area_9,2016,3.5,High,False,2020-06-24,Toing Partner,Tier 3,1.23286076836557
770,Restaurant_770,South Indian,Kolkata,Area_3,2021,4.9,High,True,2020-01-17,Regular,Tier 2,2.36529791375211
771,Restaurant_771,Bakery,Lucknow,Area_10,2021,4.0,Medium,True,2020-06-07,Gold,Tier 1,1.0603742825543636
772,Restaurant_772,Bakery,Delhi,Area_16,2011,3.6,High,False,2022-07-16,Bolt Partner,Tier 1,2.55198625272769
773,Restaurant_773,North Indian,Kolkata,Area_12,2011,3.2,High,False,2020-11-25,Toing Partner,Tier 3,1.0705684994361802
774,Restaurant_774,Mexican,Pune,Area_5,2018,3.2,Low,False,2020-08-12,Regular,Tier 2,1.2880858969086395
775,Restaurant_775,Mexican,Ahmedabad,Area_9,2016,4.0,High,False,2021-08-12,Gold,Tier 1,2.221100250986355
776,Restaurant_776,Street Food,Lucknow,Area_11,2017,3.5,Low,False,2022-07-27,Gold,Tier 1,1.0845996090401488
777,Restaurant_777,Mexican,Delhi,Area_4,2014,4.1,Medium,True,2021-01-24,Regular,Tier 2,1.1390521978726198
778,Restaurant_778,South Indian,Pune,Area_5,2017,4.1,Medium,False,2020-03-26,Toing Partner,Tier 3,1.8974702446530964
779,Restaurant_779,South Indian,Pune,Area_19,2013,3.1,High,True,2022-08-31,Gold,Tier 1,1.8899456763676379
780,Restaurant_780,Desserts,Mumbai,Area_10,2017,4.2,Medium,True,2021-04-30,Toing Partner,Tier 3,1.6693295927605076
781,Restaurant_781,Chinese,Gurgaon,Area_8,2019,4.1,High,False,2022-03-17,Toing Partner,Tier 3,1.807601547286055
782,Restaurant_782,North Indian,Gurgaon,Area_8,2019,3.7,Low,False,2020-05-29,Bolt Partner,Tier 1,1.4788053274124444
783,Restaurant_783,Thai,Delhi,Area_6,2014,3.9,Low,True,2022-08-16,Bolt Partner,Tier 1,1.1560879511083146
784,Restaurant_784,Mexican,Lucknow,Area_4,2020,4.9,High,True,2020-06-15,Regular,Tier 2,1.236261117574348
785,Restaurant_785,Desserts,Pune,Area_3,2010,4.1,High,True,2021-08-18,Toing Partner,Tier 3,1.105392678784552
786,Restaurant_786,Chinese,Hyderabad,Area_18,2018,3.5,Medium,True,2021-04-19,Toing Partner,Tier 3,3.3050052759679835
787,Restaurant_787,Fast Food,Ahmedabad,Area_9,2014,3.3,Low,False,2021-10-03,Bolt Partner,Tier 1,1.549302031595618
788,Restaurant_788,South Indian,Ahmedabad,Area_19,2018,3.3,High,True,2020-02-12,Regular,Tier 2,1.291911403335619
789,Restaurant_789,Desserts,Bangalore,Area_16,2015,5.0,Low,True,2020-05-06,Bolt Partner,Tier 1,1.3633620614878696
790,Restaurant_790,Thai,Lucknow,Area_1,2015,3.6,Low,False,2021-12-30,Gold,Tier 1,4.355380026015427
791,Restaurant_791,Desserts,Gurgaon,Area_9,2016,3.0,Medium,True,2022-01-07,Toing Partner,Tier 3,1.0867969314182229
792,Restaurant_792,Desserts,Pune,Area_10,2014,4.6,High,False,2021-08-19,Toing Partner,Tier 3,1.554606259983066
793,Restaurant_793,Street Food,Mumbai,Area_4,2020,3.8,High,False,2020-03-29,Gold,Tier 1,1.4226157014356766
794,Restaurant_794,Fast Food,Pune,Area_7,2017,3.9,Low,True,2020-03-02,Bolt Partner,Tier 1,1.6042753495209063
795,Restaurant_795,Desserts,Mumbai,Area_14,2011,3.1,High,True,2021-02-13,Toing Partner,Tier 3,1.009179970019507
796,Restaurant_796,Thai,Kolkata,Area_10,2018,3.2,Low,False,2021-08-23,Bolt Partner,Tier 1,2.7964388300024106
797,Restaurant_797,Thai,Delhi,Area_15,2018,4.4,Medium,False,2022-04-07,Gold,Tier 1,3.8381645415043164
798,Restaurant_798,South Indian,Delhi,Area_16,2022,4.9,Medium,False,2020-06-29,Bolt Partner,Tier 1,1.5164282467184746
799,Restaurant_799,Bakery,Delhi,Area_13,2018,3.1,Low,True,2022-03-09,Toing Partner,Tier 3,1.8156351842411005
800,Restaurant_800,South Indian,Jaipur,Area_4,2012,4.2,Medium,False,2022-05-29,Gold,Tier 1,3.5920916994809025
801,Restaurant_801,American,Hyderabad,Area_17,2019,3.3,High,False,2020-11-28,Gold,Tier 1,1.8481751127212034
802,Restaurant_802,Italian,Mumbai,Area_19,2019,3.2,High,True,2020-12-01,Bolt Partner,Tier 1,1.0862759149369172
803,Restaurant_803,Healthy Food,Hyderabad,Area_5,2019,3.3,Low,False,2021-03-20,Gold,Tier 1,1.5362602821989395
804,Restaurant_804,North Indian,Delhi,Area_7,2021,3.0,Low,True,2022-06-08,Toing Partner,Tier 3,1.5945800794735028
805,Restaurant_805,Mexican,Kolkata,Area_10,2013,3.3,Medium,False,2020-11-03,Bolt Partner,Tier 1,1.317765174253014
806,Restaurant_806,Street Food,Bangalore,Area_12,2018,4.1,High,False,2020-07-10,Bolt Partner,Tier 1,1.94788691549569
807,Restaurant_807,Italian,Noida,Area_13,2023,3.9,High,False,2020-03-17,Toing Partner,Tier 3,3.903362818989411
808,Restaurant_808,Healthy Food,Bangalore,Area_4,2015,4.1,High,False,2022-05-08,Gold,Tier 1,3.665402333487555
809,Restaurant_809,Healthy Food,Hyderabad,Area_17,2016,4.1,Medium,False,2021-05-11,Gold,Tier 1,1.3494298206399749
810,Restaurant_810,Japanese,Pune,Area_16,2019,4.5,Medium,True,2022-09-20,Toing Partner,Tier 3,1.061931428296306
811,Restaurant_811,Chinese,Delhi,Area_7,2012,3.3,Medium,False,2020-06-16,Toing Partner,Tier 3,8.122085811789432
812,Restaurant_812,American,Kolkata,Area_7,2011,4.3,Medium,True,2020-05-02,Gold,Tier 1,2.491435512517633
813,Restaurant_813,Mughlai,Gurgaon,Area_12,2014,3.3,Medium,False,2020-01-29,Toing Partner,Tier 3,1.0688389649453476
814,Restaurant_814,Fast Food,Jaipur,Area_9,2020,4.0,High,False,2022-03-22,Toing Partner,Tier 3,3.554285187064239
815,Restaurant_815,Bakery,Pune,Area_18,2015,3.4,Medium,False,2020-11-16,Regular,Tier 2,2.7723961035379796
816,Restaurant_816,Mexican,Ahmedabad,Area_10,2022,4.3,Low,True,2020-09-07,Toing Partner,Tier 3,1.4416318382495932
817,Restaurant_817,South Indian,Mumbai,Area_8,2011,4.1,High,False,2021-07-06,Toing Partner,Tier 3,1.5641724425256087
818,Restaurant_818,Mughlai,Lucknow,Area_19,2018,4.8,High,True,2021-03-15,Bolt Partner,Tier 1,1.2899228646031375
819,Restaurant_819,Healthy Food,Delhi,Area_7,2011,4.2,Low,False,2020-03-05,Toing Partner,Tier 3,1.0285592890881579
820,Restaurant_820,North Indian,Noida,Area_3,2020,4.1,Medium,False,2020-08-22,Bolt Partner,Tier 1,1.226460579002786
821,Restaurant_821,Mexican,Pune,Area_11,2018,4.2,High,False,2020-05-06,Toing Partner,Tier 3,2.2521919804983104
822,Restaurant_822,Thai,Chennai,Area_9,2010,4.2,Low,False,2022-05-30,Regular,Tier 2,1.002324088549811
823,Restaurant_823,Mexican,Ahmedabad,Area_18,2020,4.3,Low,False,2022-06-12,Toing Partner,Tier 3,1.2248972320764866
824,Restaurant_824,Street Food,Chennai,Area_7,2019,3.8,Low,False,2021-12-21,Toing Partner,Tier 3,1.289028775274383
825,Restaurant_825,Continental,Hyderabad,Area_9,2012,4.1,High,False,2022-09-03,Bolt Partner,Tier 1,1.4702633171496358
826,Restaurant_826,Chinese,Noida,Area_19,2011,4.9,High,False,2020-04-22,Toing Partner,Tier 3,3.532347761361739
827,Restaurant_827,Healthy Food,Pune,Area_20,2020,3.9,Medium,False,2020-06-12,Gold,Tier 1,1.2368756407888655
828,Restaurant_828,Fast Food,Lucknow,Area_4,2013,3.2,Low,False,2021-06-01,Toing Partner,Tier 3,1.2374505350428175
829,Restaurant_829,North Indian,Bangalore,Area_1,2022,3.0,Medium,True,2021-03-08,Regular,Tier 2,1.9518047860294017
830,Restaurant_830,Healthy Food,Jaipur,Area_12,2017,4.9,Medium,False,2021-03-12,Toing Partner,Tier 3,1.3511267672617653
831,Restaurant_831,Mughlai,Bangalore,Area_13,2012,3.7,High,False,2021-08-29,Bolt Partner,Tier 1,1.1356341721202448
832,Restaurant_832,Healthy Food,Bangalore,Area_15,2018,3.8,Medium,False,2020-02-16,Bolt Partner,Tier 1,1.3514001123718071
833,Restaurant_833,Fast Food,Lucknow,Area_18,2013,4.7,Low,True,2020-10-04,Toing Partner,Tier 3,1.0788654297825124
834,Restaurant_834,Japanese,Ahmedabad,Area_15,2021,4.2,Low,True,2021-06-25,Bolt Partner,Tier 1,1.101890401492781
835,Restaurant_835,Desserts,Jaipur,Area_9,2019,3.9,High,True,2022-06-15,Regular,Tier 2,1.4119108806629983
836,Restaurant_836,Continental,Kolkata,Area_18,2012,3.6,Medium,False,2020-02-27,Toing Partner,Tier 3,1.3118496765115883
837,Restaurant_837,Healthy Food,Pune,Area_8,2023,4.1,High,True,2022-04-11,Toing Partner,Tier 3,3.4268667770527497
838,Restaurant_838,Thai,Lucknow,Area_12,2018,4.8,High,False,2020-07-25,Regular,Tier 2,1.2523443709422089
839,Restaurant_839,South Indian,Mumbai,Area_16,2011,4.5,Medium,True,2022-08-05,Bolt Partner,Tier 1,1.5441154033204247
840,Restaurant_840,South Indian,Jaipur,Area_20,2017,3.6,High,False,2021-10-25,Gold,Tier 1,1.649043439653887
841,Restaurant_841,Desserts,Ahmedabad,Area_9,2023,4.9,Low,False,2022-06-28,Toing Partner,Tier 3,1.00661223736364
842,Restaurant_842,Street Food,Lucknow,Area_16,2018,4.7,High,False,2021-11-19,Bolt Partner,Tier 1,1.7239774610480085
843,Restaurant_843,Fast Food,Gurgaon,Area_9,2016,4.7,Low,True,2021-07-15,Regular,Tier 2,1.1029951245613445
844,Restaurant_844,Mughlai,Noida,Area_1,2020,4.7,Medium,False,2020-01-08,Regular,Tier 2,5.0682679708809015
845,Restaurant_845,Fast Food,Lucknow,Area_17,2020,3.0,Low,False,2022-01-19,Toing Partner,Tier 3,1.0838000737040527
846,Restaurant_846,Mughlai,Hyderabad,Area_14,2013,3.5,High,False,2021-06-11,Regular,Tier 2,1.3070210724423388
847,Restaurant_847,South Indian,Pune,Area_6,2020,4.9,Medium,False,2022-09-12,Bolt Partner,Tier 1,1.0456165577271563
848,Restaurant_848,Chinese,Bangalore,Area_1,2017,4.5,Medium,True,2021-07-11,Bolt Partner,Tier 1,17.886402862565717
849,Restaurant_849,Thai,Jaipur,Area_15,2016,4.7,High,False,2020-09-20,Bolt Partner,Tier 1,1.4173280339587406
850,Restaurant_850,Italian,Gurgaon,Area_5,2017,3.7,Medium,False,2020-10-05,Bolt Partner,Tier 1,1.5720958446765854
851,Restaurant_851,Italian,Lucknow,Area_15,2011,4.5,High,True,2021-05-08,Bolt Partner,Tier 1,1.0353256608747399
852,Restaurant_852,Italian,Bangalore,Area_20,2014,3.0,High,True,2022-02-28,Regular,Tier 2,1.999841900345313
853,Restaurant_853,North Indian,Kolkata,Area_16,2020,4.2,Low,False,2020-08-07,Bolt Partner,Tier 1,1.1250206815924408
854,Restaurant_854,North Indian,Mumbai,Area_6,2023,3.9,Medium,False,2021-08-13,Bolt Partner,Tier 1,3.1319550569908343
855,Restaurant_855,Japanese,Noida,Area_16,2021,3.3,Low,False,2021-12-02,Bolt Partner,Tier 1,1.1216428198963047
856,Restaurant_856,American,Lucknow,Area_8,2021,4.2,High,False,2020-07-30,Regular,Tier 2,1.1115830993823057
857,Restaurant_857,Mughlai,Kolkata,Area_1,2011,4.5,Medium,True,2020-03-12,Toing Partner,Tier 3,1.0187915509286527
858,Restaurant_858,Healthy Food,Noida,Area_4,2010,5.0,Medium,False,2020-12-22,Toing Partner,Tier 3,1.3762919591894518
859,Restaurant_859,American,Gurgaon,Area_14,2016,4.4,Low,False,2021-12-14,Toing Partner,Tier 3,1.5159192973088904
860,Restaurant_860,Mughlai,Ahmedabad,Area_7,2013,3.1,High,True,2020-11-06,Gold,Tier 1,1.034567505278588
861,Restaurant_861,Mughlai,Bangalore,Area_2,2018,4.9,Medium,False,2020-02-19,Toing Partner,Tier 3,2.110661270645595
862,Restaurant_862,Mexican,Delhi,Area_5,2016,3.8,High,False,2020-10-04,Bolt Partner,Tier 1,1.3524494085309742
863,Restaurant_863,Desserts,Hyderabad,Area_8,2018,3.7,High,False,2021-09-29,Bolt Partner,Tier 1,1.4500221429216027
864,Restaurant_864,Mughlai,Jaipur,Area_14,2016,4.6,Medium,False,2020-05-23,Regular,Tier 2,1.3372171969438331
865,Restaurant_865,Continental,Pune,Area_15,2012,3.4,Low,False,2021-07-13,Regular,Tier 2,1.2918161553792384
866,Restaurant_866,Healthy Food,Mumbai,Area_5,2019,4.0,Medium,True,2021-05-17,Toing Partner,Tier 3,1.5069409402066565
867,Restaurant_867,Italian,Hyderabad,Area_5,2021,3.7,Medium,False,2021-11-07,Gold,Tier 1,1.0880112662403694
868,Restaurant_868,Chinese,Pune,Area_15,2015,3.9,High,False,2020-03-07,Gold,Tier 1,1.105615886561295
869,Restaurant_869,Healthy Food,Delhi,Area_17,2016,3.1,High,False,2020-05-23,Regular,Tier 2,2.6898210416903936
870,Restaurant_870,South Indian,Ahmedabad,Area_1,2021,3.5,Medium,False,2021-08-09,Toing Partner,Tier 3,4.307922867407487
871,Restaurant_871,Italian,Gurgaon,Area_7,2014,3.4,High,False,2020-10-23,Regular,Tier 2,1.2632036756372633
872,Restaurant_872,Chinese,Ahmedabad,Area_19,2018,4.1,Low,False,2021-06-23,Bolt Partner,Tier 1,1.1710088975620143
873,Restaurant_873,American,Delhi,Area_14,2021,3.5,Medium,True,2021-11-01,Gold,Tier 1,1.676002732699005
874,Restaurant_874,South Indian,Mumbai,Area_14,2018,4.6,Low,False,2020-02-08,Regular,Tier 2,1.300494769265638
875,Restaurant_875,Mughlai,Chennai,Area_5,2020,4.2,High,False,2021-08-20,Toing Partner,Tier 3,1.0129400819101961
876,Restaurant_876,Fast Food,Ahmedabad,Area_16,2010,3.2,High,True,2022-04-25,Bolt Partner,Tier 1,1.0885992756804106
877,Restaurant_877,Japanese,Bangalore,Area_7,2020,4.5,High,True,2022-05-26,Bolt Partner,Tier 1,1.8763748234862592
878,Restaurant_878,Bakery,Pune,Area_17,2020,3.5,Medium,False,2020-02-14,Toing Partner,Tier 3,1.7122784168444871
879,Restaurant_879,Italian,Gurgaon,Area_3,2019,4.1,Medium,False,2020-03-14,Regular,Tier 2,1.0138296864107714
880,Restaurant_880,Continental,Ahmedabad,Area_6,2018,3.5,Low,False,2021-02-07,Regular,Tier 2,1.1337111861505746
881,Restaurant_881,North Indian,Gurgaon,Area_13,2014,4.2,High,False,2020-09-06,Toing Partner,Tier 3,1.1404019517039954
882,Restaurant_882,Chinese,Noida,Area_7,2012,3.3,Low,False,2021-04-23,Regular,Tier 2,1.7457903249687345
883,Restaurant_883,Bakery,Mumbai,Area_12,2013,4.8,Medium,False,2020-09-22,Regular,Tier 2,1.0100033933965311
884,Restaurant_884,Desserts,Ahmedabad,Area_17,2016,4.7,High,False,2021-06-18,Toing Partner,Tier 3,1.0565068368731427
885,Restaurant_885,Fast Food,Kolkata,Area_19,2020,3.9,Low,True,2021-10-24,Regular,Tier 2,2.2355990280389397
886,Restaurant_886,Bakery,Gurgaon,Area_6,2018,3.1,High,False,2020-07-31,Regular,Tier 2,1.1033365925903647
887,Restaurant_887,Street Food,Bangalore,Area_4,2010,4.6,Low,False,2021-08-03,Toing Partner,Tier 3,1.6969788864106596
888,Restaurant_888,Chinese,Gurgaon,Area_8,2020,3.7,Medium,True,2022-02-27,Toing Partner,Tier 3,1.1457097467256667
889,Restaurant_889,Mughlai,Ahmedabad,Area_11,2022,3.5,Low,False,2021-12-04,Toing Partner,Tier 3,1.0537655812931601
890,Restaurant_890,Continental,Ahmedabad,Area_6,2010,4.5,Low,True,2021-03-21,Gold,Tier 1,1.1494801057579813
891,Restaurant_891,Healthy Food,Mumbai,Area_15,2018,4.4,Low,False,2020-10-16,Regular,Tier 2,1.8975193095532463
892,Restaurant_892,South Indian,Hyderabad,Area_11,2017,3.2,Low,True,2021-11-23,Gold,Tier 1,2.63245841657124
893,Restaurant_893,Street Food,Bangalore,Area_8,2023,4.5,High,False,2022-02-13,Regular,Tier 2,2.4269261553849644
894,Restaurant_894,Desserts,Delhi,Area_6,2019,3.9,Low,False,2020-01-01,Regular,Tier 2,1.2879750350092807
895,Restaurant_895,North Indian,Gurgaon,Area_7,2014,4.9,Low,False,2020-10-23,Regular,Tier 2,1.7357479041717534
896,Restaurant_896,Japanese,Chennai,Area_20,2010,4.5,High,True,2022-01-08,Toing Partner,Tier 3,1.121533230746322
897,Restaurant_897,Japanese,Kolkata,Area_16,2019,4.1,High,False,2021-06-28,Regular,Tier 2,1.1894211905580792
898,Restaurant_898,South Indian,Noida,Area_13,2015,4.9,Medium,False,2020-09-09,Gold,Tier 1,3.105886911322115
899,Restaurant_899,Healthy Food,Hyderabad,Area_8,2010,4.2,High,True,2021-01-06,Regular,Tier 2,1.0065650502851018
900,Restaurant_900,Thai,Noida,Area_18,2023,4.6,Medium,False,2021-09-07,Toing Partner,Tier 3,1.0457073745040335
901,Restaurant_901,Thai,Noida,Area_8,2017,4.1,Low,True,2021-01-25,Regular,Tier 2,1.1235857571928018
902,Restaurant_902,Fast Food,Ahmedabad,Area_11,2019,3.4,Low,False,2020-07-30,Bolt Partner,Tier 1,1.0135360616832672
903,Restaurant_903,North Indian,Mumbai,Area_14,2021,4.0,High,False,2020-07-20,Gold,Tier 1,1.10528310043524
904,Restaurant_904,South Indian,Kolkata,Area_18,2020,3.0,Low,False,2020-01-15,Gold,Tier 1,1.5486512090249382
905,Restaurant_905,Japanese,Chennai,Area_17,2021,3.6,High,False,2022-01-12,Gold,Tier 1,1.3146798280072907
906,Restaurant_906,Mughlai,Chennai,Area_2,2015,4.2,Low,False,2021-05-11,Bolt Partner,Tier 1,3.052410207174209
907,Restaurant_907,Mughlai,Mumbai,Area_2,2015,4.0,Low,True,2020-04-12,Gold,Tier 1,2.3404610772276215
908,Restaurant_908,Thai,Kolkata,Area_2,2019,3.1,High,True,2022-09-02,Gold,Tier 1,1.232613118679079
909,Restaurant_909,Mexican,Lucknow,Area_17,2010,4.8,High,False,2021-09-28,Bolt Partner,Tier 1,1.1620237836456315
910,Restaurant_910,Fast Food,Ahmedabad,Area_19,2023,4.2,Medium,True,2020-07-11,Gold,Tier 1,1.269686353287788
911,Restaurant_911,Healthy Food,Bangalore,Area_20,2021,4.4,High,False,2020-01-14,Toing Partner,Tier 3,1.5622996572875545
912,Restaurant_912,American,Lucknow,Area_17,2017,4.2,Medium,False,2020-09-08,Regular,Tier 2,1.1688622676707903
913,Restaurant_913,Mexican,Kolkata,Area_3,2015,3.3,High,False,2020-10-23,Regular,Tier 2,1.631143206675261
914,Restaurant_914,Desserts,Jaipur,Area_18,2022,5.0,Medium,False,2022-07-04,Regular,Tier 2,1.3012404731839637
915,Restaurant_915,Japanese,Mumbai,Area_10,2023,3.9,Low,False,2020-10-08,Bolt Partner,Tier 1,1.4941144396236983
916,Restaurant_916,Mexican,Jaipur,Area_8,2013,4.3,High,False,2021-10-21,Toing Partner,Tier 3,1.3317084909723624
917,Restaurant_917,Mughlai,Kolkata,Area_12,2015,3.4,Low,False,2021-04-06,Gold,Tier 1,1.1905316685383434
918,Restaurant_918,Street Food,Ahmedabad,Area_12,2014,3.9,Low,False,2021-04-04,Toing Partner,Tier 3,4.404530237033236
919,Restaurant_919,Desserts,Delhi,Area_5,2023,4.8,Medium,False,2021-11-21,Gold,Tier 1,2.056750380086233
920,Restaurant_920,Japanese,Jaipur,Area_3,2015,3.3,High,False,2021-01-08,Regular,Tier 2,1.0783986928566285
921,Restaurant_921,Fast Food,Kolkata,Area_16,2012,4.3,Medium,True,2021-12-15,Regular,Tier 2,2.7573014443006585
922,Restaurant_922,Continental,Ahmedabad,Area_17,2014,3.2,Low,False,2021-04-12,Bolt Partner,Tier 1,1.3967668385845804
923,Restaurant_923,Street Food,Jaipur,Area_2,2022,3.9,Low,False,2020-02-07,Gold,Tier 1,3.0795076956798413
924,Restaurant_924,Desserts,Chennai,Area_6,2017,3.8,High,False,2021-08-25,Gold,Tier 1,2.2352592725775753
925,Restaurant_925,Desserts,Gurgaon,Area_19,2015,3.9,High,True,2020-09-11,Bolt Partner,Tier 1,1.3190058509573295
926,Restaurant_926,American,Pune,Area_4,2016,4.7,High,True,2021-05-11,Regular,Tier 2,1.0114275965013644
927,Restaurant_927,Italian,Hyderabad,Area_15,2014,4.6,Medium,False,2020-02-08,Bolt Partner,Tier 1,1.1693526135145553
928,Restaurant_928,South Indian,Noida,Area_8,2013,4.3,Low,True,2022-05-15,Toing Partner,Tier 3,1.4770456020312597
929,Restaurant_929,South Indian,Ahmedabad,Area_17,2022,4.7,High,False,2020-11-21,Toing Partner,Tier 3,1.6517720246464342
930,Restaurant_930,Street Food,Bangalore,Area_7,2016,4.1,Medium,True,2021-10-09,Bolt Partner,Tier 1,1.1608207986771186
931,Restaurant_931,Desserts,Delhi,Area_6,2020,3.0,Low,False,2022-09-25,Toing Partner,Tier 3,1.0779242590699059
932,Restaurant_932,Thai,Delhi,Area_10,2011,4.3,Low,False,2022-08-08,Gold,Tier 1,2.4613095447816256
933,Restaurant_933,American,Jaipur,Area_1,2014,4.1,Medium,True,2020-05-21,Bolt Partner,Tier 1,8.006967351549045
934,Restaurant_934,South Indian,Jaipur,Area_6,2021,4.4,Low,False,2021-07-05,Gold,Tier 1,1.4520077785059886
935,Restaurant_935,Bakery,Mumbai,Area_1,2018,4.9,High,True,2022-03-30,Regular,Tier 2,1.0987546826767784
936,Restaurant_936,Mexican,Mumbai,Area_10,2016,3.0,Medium,False,2020-01-11,Gold,Tier 1,1.172265540476964
937,Restaurant_937,Healthy Food,Kolkata,Area_7,2012,3.8,Low,False,2022-07-17,Gold,Tier 1,1.0093241452102284
938,Restaurant_938,Thai,Gurgaon,Area_3,2015,3.7,Medium,False,2021-10-31,Regular,Tier 2,3.415911143891946
939,Restaurant_939,American,Hyderabad,Area_11,2021,3.8,Low,True,2020-01-14,Gold,Tier 1,1.0646440542368223
940,Restaurant_940,Thai,Mumbai,Area_17,2011,3.0,Low,False,2021-02-26,Regular,Tier 2,1.536673990581332
941,Restaurant_941,American,Gurgaon,Area_17,2018,3.1,Medium,False,2021-09-06,Regular,Tier 2,1.1736759536890085
942,Restaurant_942,American,Delhi,Area_5,2014,3.3,Low,False,2022-08-13,Regular,Tier 2,1.4976807691871041
943,Restaurant_943,Bakery,Chennai,Area_7,2018,4.3,Medium,False,2022-08-12,Bolt Partner,Tier 1,1.6937488335946191
944,Restaurant_944,Healthy Food,Delhi,Area_16,2022,3.5,High,True,2022-01-02,Bolt Partner,Tier 1,2.423516528103123
945,Restaurant_945,Chinese,Ahmedabad,Area_5,2010,3.8,High,False,2022-02-20,Toing Partner,Tier 3,1.1225481822340087
946,Restaurant_946,Desserts,Kolkata,Area_15,2022,4.4,Medium,False,2022-05-25,Regular,Tier 2,1.0055436744239814
947,Restaurant_947,South Indian,Delhi,Area_7,2020,4.3,High,False,2020-08-19,Regular,Tier 2,1.0763805124636319
948,Restaurant_948,North Indian,Bangalore,Area_12,2015,4.6,Low,True,2021-05-18,Regular,Tier 2,3.1625724548844425
949,Restaurant_949,Street Food,Noida,Area_18,2013,3.7,Medium,False,2020-03-02,Bolt Partner,Tier 1,2.8159527978454437
950,Restaurant_950,Mughlai,Kolkata,Area_2,2014,4.3,High,False,2022-02-08,Gold,Tier 1,1.5760506907473883
951,Restaurant_951,Street Food,Ahmedabad,Area_3,2017,3.8,High,False,2020-11-28,Toing Partner,Tier 3,1.5821613562614236
952,Restaurant_952,Mughlai,Kolkata,Area_19,2014,4.8,High,True,2021-12-03,Toing Partner,Tier 3,1.727831432010746
953,Restaurant_953,North Indian,Chennai,Area_7,2022,3.6,Medium,False,2022-05-14,Regular,Tier 2,1.1012115847212323
954,Restaurant_954,Desserts,Hyderabad,Area_7,2020,4.6,High,True,2021-03-09,Regular,Tier 2,3.4181681550123333
955,Restaurant_955,Mexican,Chennai,Area_14,2010,3.1,Medium,True,2020-01-04,Regular,Tier 2,1.3116748304685506
956,Restaurant_956,Mexican,Ahmedabad,Area_20,2010,3.0,Medium,False,2021-03-29,Regular,Tier 2,1.2732279893664389
957,Restaurant_957,American,Pune,Area_18,2023,3.5,Low,True,2021-08-25,Toing Partner,Tier 3,1.4417511718519287
958,Restaurant_958,South Indian,Hyderabad,Area_18,2020,3.2,Low,False,2021-10-10,Bolt Partner,Tier 1,1.0243439226036848
959,Restaurant_959,Chinese,Noida,Area_6,2017,4.0,Medium,False,2020-12-03,Bolt Partner,Tier 1,1.0951932727902922
960,Restaurant_960,Desserts,Delhi,Area_15,2014,4.1,Medium,False,2021-12-22,Regular,Tier 2,1.9537870091786835
961,Restaurant_961,Healthy Food,Lucknow,Area_19,2013,4.7,Medium,False,2022-09-04,Bolt Partner,Tier 1,1.044161465388854
962,Restaurant_962,Bakery,Delhi,Area_8,2017,4.4,Medium,True,2021-11-20,Bolt Partner,Tier 1,1.5874057969063502
963,Restaurant_963,Thai,Delhi,Area_12,2014,4.7,Medium,False,2022-06-08,Bolt Partner,Tier 1,1.1511368471411225
964,Restaurant_964,Bakery,Pune,Area_1,2014,3.8,Medium,False,2021-12-24,Gold,Tier 1,1.2796301981093705
965,Restaurant_965,Thai,Chennai,Area_4,2016,4.2,Medium,False,2021-07-10,Toing Partner,Tier 3,1.1856914374926582
966,Restaurant_966,Street Food,Delhi,Area_1,2022,3.1,Medium,False,2020-04-13,Regular,Tier 2,1.2457954466386207
967,Restaurant_967,Chinese,Kolkata,Area_12,2018,3.1,High,False,2021-01-26,Gold,Tier 1,1.8866108028642627
968,Restaurant_968,Desserts,Pune,Area_1,2021,4.0,High,True,2021-07-09,Regular,Tier 2,1.1927788701340079
969,Restaurant_969,Fast Food,Gurgaon,Area_15,2017,4.2,Low,False,2021-09-17,Toing Partner,Tier 3,1.5186499742365815
970,Restaurant_970,Street Food,Hyderabad,Area_7,2012,4.4,Medium,True,2021-08-24,Toing Partner,Tier 3,1.3815138537014473
971,Restaurant_971,North Indian,Ahmedabad,Area_2,2015,4.8,Medium,False,2021-03-14,Bolt Partner,Tier 1,1.7243203305176111
972,Restaurant_972,Japanese,Gurgaon,Area_14,2021,4.8,Low,False,2022-09-16,Toing Partner,Tier 3,3.978722642775304
973,Restaurant_973,Mexican,Ahmedabad,Area_6,2022,3.7,Low,False,2021-07-21,Toing Partner,Tier 3,1.933733587796555
974,Restaurant_974,Healthy Food,Delhi,Area_11,2013,4.5,Medium,False,2022-08-08,Toing Partner,Tier 3,1.1286224368690325
975,Restaurant_975,Bakery,Ahmedabad,Area_16,2021,4.3,Medium,False,2022-04-13,Bolt Partner,Tier 1,1.0159659546703605
976,Restaurant_976,North Indian,Gurgaon,Area_2,2010,3.0,Low,False,2021-08-09,Toing Partner,Tier 3,1.1642587879347222
977,Restaurant_977,South Indian,Gurgaon,Area_11,2023,4.9,Low,False,2021-02-12,Regular,Tier 2,1.5714996050523407
978,Restaurant_978,Fast Food,Ahmedabad,Area_12,2022,3.4,Low,False,2021-11-24,Gold,Tier 1,1.02674914286469
979,Restaurant_979,Japanese,Delhi,Area_14,2016,5.0,Low,True,2021-09-09,Regular,Tier 2,1.4091025015692389
980,Restaurant_980,American,Lucknow,Area_15,2019,4.6,Medium,False,2021-09-22,Gold,Tier 1,1.5749356589672374
981,Restaurant_981,Desserts,Mumbai,Area_14,2013,4.3,Low,True,2022-05-01,Regular,Tier 2,1.2255821296136176
982,Restaurant_982,Thai,Lucknow,Area_3,2018,4.9,Medium,True,2021-04-26,Toing Partner,Tier 3,2.0892914295570844
983,Restaurant_983,Mughlai,Lucknow,Area_6,2022,3.6,Medium,False,2020-11-03,Bolt Partner,Tier 1,1.0579779133656544
984,Restaurant_984,Mexican,Ahmedabad,Area_6,2022,3.3,High,False,2022-09-02,Gold,Tier 1,1.039827935567861
985,Restaurant_985,Mughlai,Kolkata,Area_16,2011,3.5,High,False,2020-09-26,Bolt Partner,Tier 1,1.9180781191356824
986,Restaurant_986,Thai,Ahmedabad,Area_15,2017,3.5,Low,True,2020-05-11,Gold,Tier 1,1.4078801217822747
987,Restaurant_987,Street Food,Bangalore,Area_14,2012,3.3,Low,False,2022-05-10,Toing Partner,Tier 3,1.7914427985040005
988,Restaurant_988,American,Pune,Area_18,2018,4.3,Medium,False,2020-10-04,Bolt Partner,Tier 1,1.3301769780237698
989,Restaurant_989,Chinese,Lucknow,Area_2,2017,4.7,Low,True,2021-02-14,Bolt Partner,Tier 1,1.1519407479494517
990,Restaurant_990,Bakery,Kolkata,Area_4,2015,4.7,Medium,False,2020-03-17,Gold,Tier 1,2.3511671143788933
991,Restaurant_991,Healthy Food,Gurgaon,Area_12,2017,4.7,Low,False,2021-04-15,Bolt Partner,Tier 1,2.2328097768723443
992,Restaurant_992,Italian,Delhi,Area_19,2016,4.1,Low,False,2022-05-16,Regular,Tier 2,1.8098146013799108
993,Restaurant_993,Thai,Noida,Area_16,2021,4.1,High,False,2021-04-06,Regular,Tier 2,1.172134924115373
994,Restaurant_994,Desserts,Kolkata,Area_9,2011,3.2,Medium,True,2021-03-27,Bolt Partner,Tier 1,1.5621771227915486
995,Restaurant_995,Continental,Delhi,Area_4,2012,4.5,High,True,2022-06-09,Bolt Partner,Tier 1,1.2509521580525587
996,Restaurant_996,American,Lucknow,Area_20,2021,4.5,High,False,2021-10-04,Bolt Partner,Tier 1,1.0491972702922991
997,Restaurant_997,Street Food,Mumbai,Area_19,2015,4.4,Medium,False,2020-10-16,Gold,Tier 1,3.4776261553935615
998,Restaurant_998,Thai,Gurgaon,Area_20,2016,4.4,Medium,False,2022-07-29,Regular,Tier 2,1.0763387379413327
999,Restaurant_999,South Indian,Gurgaon,Area_20,2011,4.7,Medium,True,2022-04-27,Bolt Partner,Tier 1,4.482788682583402
1000,Restaurant_1000,Italian,Noida,Area_15,2021,4.4,Medium,False,2021-10-10,Toing Partner,Tier 3,1.3435300373979202
1001,Restaurant_1001,Street Food,Lucknow,Area_3,2010,4.7,Low,False,2020-03-15,Toing Partner,Tier 3,1.107787896619823
1002,Restaurant_1002,North Indian,Pune,Area_7,2017,3.6,Low,False,2020-06-16,Toing Partner,Tier 3,1.477475551681405
1003,Restaurant_1003,Chinese,Delhi,Area_18,2017,3.3,Medium,False,2021-07-24,Bolt Partner,Tier 1,2.8054694789411387
1004,Restaurant_1004,Mexican,Ahmedabad,Area_5,2020,4.1,Medium,False,2021-06-06,Toing Partner,Tier 3,1.932479492584614
1005,Restaurant_1005,Thai,Bangalore,Area_15,2011,3.0,Low,True,2020-07-15,Gold,Tier 1,2.2736737446756976
1006,Restaurant_1006,Chinese,Lucknow,Area_1,2021,4.3,Low,True,2022-06-25,Bolt Partner,Tier 1,1.7119256663437947
1007,Restaurant_1007,Thai,Noida,Area_17,2014,4.3,High,False,2021-02-09,Bolt Partner,Tier 1,1.8026844554658814
1008,Restaurant_1008,Mexican,Jaipur,Area_3,2015,4.1,High,True,2022-08-06,Toing Partner,Tier 3,2.5750938859783354
1009,Restaurant_1009,Continental,Noida,Area_8,2023,3.6,Medium,False,2020-09-25,Toing Partner,Tier 3,1.1544450562945554
1010,Restaurant_1010,Thai,Noida,Area_16,2016,3.5,Medium,False,2020-12-24,Gold,Tier 1,1.3994913274824645
1011,Restaurant_1011,Bakery,Ahmedabad,Area_18,2011,3.2,Medium,False,2021-03-21,Bolt Partner,Tier 1,1.1331558917043882
1012,Restaurant_1012,Street Food,Pune,Area_5,2019,3.2,High,False,2021-11-09,Toing Partner,Tier 3,9.00499306682575
1013,Restaurant_1013,Fast Food,Chennai,Area_1,2022,3.9,Medium,True,2022-03-25,Bolt Partner,Tier 1,4.228011946874449
1014,Restaurant_1014,Italian,Mumbai,Area_2,2021,3.8,High,False,2020-07-08,Toing Partner,Tier 3,1.0203161707644537
1015,Restaurant_1015,Mexican,Jaipur,Area_1,2011,4.1,Medium,False,2021-08-15,Regular,Tier 2,1.842946743432942
1016,Restaurant_1016,Bakery,Mumbai,Area_20,2011,4.8,Medium,False,2022-08-25,Gold,Tier 1,3.657543615309265
1017,Restaurant_1017,Healthy Food,Lucknow,Area_10,2010,4.2,High,True,2020-01-06,Gold,Tier 1,1.104702880838022
1018,Restaurant_1018,Italian,Kolkata,Area_5,2016,4.9,Medium,False,2020-04-17,Bolt Partner,Tier 1,1.5213551121232136
1019,Restaurant_1019,Healthy Food,Jaipur,Area_15,2023,3.9,Medium,False,2021-06-02,Toing Partner,Tier 3,3.4398663953250304
1020,Restaurant_1020,Street Food,Chennai,Area_3,2010,3.2,High,True,2021-01-09,Gold,Tier 1,1.0174177114253025
1021,Restaurant_1021,Bakery,Bangalore,Area_8,2016,4.8,High,True,2021-05-25,Regular,Tier 2,1.8179422479498393
1022,Restaurant_1022,Japanese,Hyderabad,Area_13,2010,4.5,Medium,True,2021-10-03,Toing Partner,Tier 3,1.1929717730673315
1023,Restaurant_1023,Continental,Lucknow,Area_5,2022,3.3,Low,True,2022-08-10,Gold,Tier 1,3.6368733243067406
1024,Restaurant_1024,Desserts,Delhi,Area_15,2018,3.9,Low,False,2022-05-15,Regular,Tier 2,5.87810811689636
1025,Restaurant_1025,Continental,Chennai,Area_10,2020,3.8,High,False,2021-11-03,Regular,Tier 2,4.2358619632144245
1026,Restaurant_1026,Street Food,Ahmedabad,Area_18,2019,4.6,Low,False,2022-05-28,Toing Partner,Tier 3,1.3790994347085073
1027,Restaurant_1027,Continental,Bangalore,Area_20,2023,4.0,High,True,2021-02-06,Gold,Tier 1,2.692325594435909
1028,Restaurant_1028,Mexican,Lucknow,Area_20,2020,4.4,Medium,True,2021-06-24,Bolt Partner,Tier 1,2.5363185417931016
1029,Restaurant_1029,Japanese,Gurgaon,Area_4,2021,4.5,Medium,False,2022-01-18,Bolt Partner,Tier 1,1.2118768344710957
1030,Restaurant_1030,Japanese,Jaipur,Area_12,2011,4.9,Low,False,2022-08-29,Bolt Partner,Tier 1,2.417656713115196
1031,Restaurant_1031,Street Food,Bangalore,Area_20,2012,3.6,High,False,2021-05-01,Gold,Tier 1,1.0190337736780346
1032,Restaurant_1032,Thai,Noida,Area_13,2020,3.8,Low,False,2022-09-19,Toing Partner,Tier 3,1.5738176943724618
1033,Restaurant_1033,Chinese,Delhi,Area_4,2018,3.9,High,True,2021-04-13,Toing Partner,Tier 3,1.139612304278652
1034,Restaurant_1034,Mughlai,Chennai,Area_9,2023,4.2,Low,False,2022-07-03,Gold,Tier 1,1.0663471013173906
1035,Restaurant_1035,American,Gurgaon,Area_19,2013,4.5,Medium,False,2022-08-25,Toing Partner,Tier 3,1.040849983992415
1036,Restaurant_1036,Thai,Bangalore,Area_4,2018,4.6,Low,False,2022-07-10,Regular,Tier 2,1.8145526705700805
1037,Restaurant_1037,Mexican,Noida,Area_7,2023,4.0,Medium,True,2020-05-24,Bolt Partner,Tier 1,1.2307983286590862
1038,Restaurant_1038,Desserts,Bangalore,Area_5,2022,4.0,Low,False,2022-01-27,Toing Partner,Tier 3,1.9061170574932194
1039,Restaurant_1039,Bakery,Delhi,Area_20,2021,3.2,Low,True,2020-10-13,Gold,Tier 1,1.0343725052575046
1040,Restaurant_1040,Mexican,Jaipur,Area_4,2012,3.6,Low,False,2020-03-19,Bolt Partner,Tier 1,1.2085003257481233
1041,Restaurant_1041,Fast Food,Gurgaon,Area_4,2016,4.9,High,True,2021-06-22,Gold,Tier 1,1.4736049670440687
1042,Restaurant_1042,Italian,Pune,Area_16,2022,3.4,Medium,True,2020-06-02,Bolt Partner,Tier 1,2.185945956003488
1043,Restaurant_1043,Continental,Kolkata,Area_7,2022,3.3,High,False,2020-09-24,Regular,Tier 2,1.2115672912993258
1044,Restaurant_1044,Mexican,Pune,Area_2,2020,4.8,Medium,False,2021-10-06,Regular,Tier 2,1.6349374442195344
1045,Restaurant_1045,South Indian,Gurgaon,Area_10,2020,4.0,Low,True,2020-02-17,Bolt Partner,Tier 1,2.961455378311774
1046,Restaurant_1046,Japanese,Ahmedabad,Area_5,2010,4.0,Medium,False,2020-08-24,Gold,Tier 1,1.6134556648983371
1047,Restaurant_1047,Mexican,Delhi,Area_12,2017,3.1,Medium,True,2022-02-06,Gold,Tier 1,1.1418021202502409
1048,Restaurant_1048,Continental,Chennai,Area_2,2010,3.1,High,False,2022-06-16,Bolt Partner,Tier 1,1.0124283042479696
1049,Restaurant_1049,Japanese,Chennai,Area_9,2019,3.2,Medium,False,2021-01-02,Toing Partner,Tier 3,2.7745563018441257
1050,Restaurant_1050,South Indian,Lucknow,Area_13,2022,4.5,Medium,False,2022-09-09,Regular,Tier 2,1.010807414799345
1051,Restaurant_1051,American,Lucknow,Area_3,2013,4.7,Medium,False,2022-07-18,Regular,Tier 2,2.825057965932589
1052,Restaurant_1052,Mexican,Lucknow,Area_17,2010,4.2,Medium,False,2021-07-06,Gold,Tier 1,1.4570033992165958
1053,Restaurant_1053,Japanese,Gurgaon,Area_4,2022,4.0,Medium,False,2020-10-12,Toing Partner,Tier 3,4.051130270813636
1054,Restaurant_1054,Healthy Food,Kolkata,Area_7,2015,4.7,Low,False,2022-04-17,Toing Partner,Tier 3,2.22929693842007
1055,Restaurant_1055,Healthy Food,Hyderabad,Area_9,2019,3.0,High,False,2020-01-04,Gold,Tier 1,22.001204578413912
1056,Restaurant_1056,Japanese,Kolkata,Area_14,2011,3.4,Low,False,2022-04-12,Gold,Tier 1,1.2410270568272228
1057,Restaurant_1057,South Indian,Noida,Area_8,2018,4.8,Low,False,2021-04-06,Gold,Tier 1,2.072514552168731
1058,Restaurant_1058,South Indian,Lucknow,Area_1,2016,3.8,Low,False,2022-04-20,Toing Partner,Tier 3,1.2930768084488695
1059,Restaurant_1059,Continental,Lucknow,Area_8,2018,3.3,High,False,2021-12-01,Gold,Tier 1,1.3865846706897567
1060,Restaurant_1060,Thai,Pune,Area_15,2011,4.3,Low,False,2020-01-10,Bolt Partner,Tier 1,1.638475856318911
1061,Restaurant_1061,Chinese,Jaipur,Area_2,2017,4.9,Low,True,2021-02-04,Bolt Partner,Tier 1,2.8135781379587064
1062,Restaurant_1062,Mexican,Chennai,Area_10,2012,4.5,High,False,2022-04-26,Bolt Partner,Tier 1,7.926396497386052
1063,Restaurant_1063,Street Food,Lucknow,Area_3,2020,4.3,Low,False,2021-06-01,Gold,Tier 1,2.0773614507896623
1064,Restaurant_1064,Continental,Chennai,Area_15,2017,4.9,High,False,2020-10-28,Toing Partner,Tier 3,1.3105437098540942
1065,Restaurant_1065,Healthy Food,Delhi,Area_12,2015,4.2,Low,True,2020-05-18,Regular,Tier 2,1.3146030907099662
1066,Restaurant_1066,Italian,Hyderabad,Area_2,2011,4.7,Medium,True,2022-07-31,Gold,Tier 1,1.9521061916804467
1067,Restaurant_1067,Italian,Delhi,Area_15,2011,4.7,Low,False,2022-09-23,Bolt Partner,Tier 1,1.14615694597687
1068,Restaurant_1068,Thai,Bangalore,Area_4,2023,3.3,Low,True,2022-03-13,Gold,Tier 1,1.0602803293279777
1069,Restaurant_1069,Chinese,Chennai,Area_3,2019,4.3,Low,False,2020-10-07,Regular,Tier 2,1.244781068422751
1070,Restaurant_1070,Bakery,Chennai,Area_16,2012,4.2,High,True,2020-12-10,Regular,Tier 2,1.1844808214327371
1071,Restaurant_1071,North Indian,Kolkata,Area_18,2016,3.1,High,True,2020-12-05,Toing Partner,Tier 3,1.192089136590417
1072,Restaurant_1072,American,Noida,Area_1,2019,4.4,Medium,False,2021-10-16,Bolt Partner,Tier 1,1.1422849322736501
1073,Restaurant_1073,Chinese,Gurgaon,Area_6,2014,4.2,Medium,False,2022-08-24,Gold,Tier 1,1.0217352327605294
1074,Restaurant_1074,South Indian,Ahmedabad,Area_19,2021,3.2,Medium,False,2020-07-04,Gold,Tier 1,1.0090585842855897
1075,Restaurant_1075,Japanese,Lucknow,Area_8,2013,3.4,Medium,False,2021-03-24,Bolt Partner,Tier 1,9.024914130576798
1076,Restaurant_1076,Mexican,Hyderabad,Area_1,2017,3.8,Medium,True,2021-08-04,Toing Partner,Tier 3,1.321952583376262
1077,Restaurant_1077,Japanese,Delhi,Area_5,2015,4.7,Medium,True,2022-05-29,Bolt Partner,Tier 1,1.2744559271419746
1078,Restaurant_1078,Japanese,Jaipur,Area_14,2022,3.9,Medium,True,2022-04-17,Gold,Tier 1,1.7667935045006975
1079,Restaurant_1079,Bakery,Noida,Area_3,2013,4.7,Medium,False,2020-06-11,Toing Partner,Tier 3,1.1310117973375906
1080,Restaurant_1080,Chinese,Gurgaon,Area_14,2015,4.3,High,False,2020-02-23,Toing Partner,Tier 3,4.470401058543381
1081,Restaurant_1081,Healthy Food,Kolkata,Area_20,2018,4.6,Medium,False,2022-03-04,Gold,Tier 1,2.1634331710688417
1082,Restaurant_1082,Mughlai,Chennai,Area_1,2019,4.2,Medium,False,2020-08-03,Regular,Tier 2,1.0479457500300722
1083,Restaurant_1083,Street Food,Delhi,Area_2,2011,4.1,High,False,2021-01-07,Toing Partner,Tier 3,1.3103344199212554
1084,Restaurant_1084,Continental,Kolkata,Area_19,2016,3.5,Low,False,2022-08-09,Regular,Tier 2,2.8762043189059807
1085,Restaurant_1085,Italian,Lucknow,Area_3,2012,4.4,Medium,True,2021-04-17,Gold,Tier 1,4.253664307909986
1086,Restaurant_1086,Continental,Ahmedabad,Area_6,2011,3.8,Medium,False,2021-10-23,Bolt Partner,Tier 1,1.3702507078803867
1087,Restaurant_1087,Mughlai,Gurgaon,Area_19,2020,4.5,Medium,False,2020-03-08,Gold,Tier 1,1.6083311462674712
1088,Restaurant_1088,Desserts,Ahmedabad,Area_14,2014,3.6,Low,False,2021-02-09,Bolt Partner,Tier 1,1.0956865955064452
1089,Restaurant_1089,Street Food,Gurgaon,Area_17,2022,4.3,Low,True,2020-06-19,Toing Partner,Tier 3,10.641083836372522
1090,Restaurant_1090,Desserts,Ahmedabad,Area_7,2012,4.0,Medium,False,2022-08-18,Regular,Tier 2,1.1408448478182638
1091,Restaurant_1091,Healthy Food,Pune,Area_14,2013,4.4,Low,False,2021-06-26,Gold,Tier 1,4.178718688721714
1092,Restaurant_1092,Fast Food,Jaipur,Area_16,2013,3.8,High,True,2021-02-11,Regular,Tier 2,1.6894559089539556
1093,Restaurant_1093,Mexican,Chennai,Area_18,2022,4.4,Medium,False,2021-12-16,Bolt Partner,Tier 1,1.5966554719671862
1094,Restaurant_1094,Mughlai,Ahmedabad,Area_16,2013,4.5,Low,False,2022-08-25,Toing Partner,Tier 3,1.4325067423485227
1095,Restaurant_1095,North Indian,Hyderabad,Area_14,2019,4.8,Medium,False,2021-11-21,Regular,Tier 2,1.1401017513869884
1096,Restaurant_1096,Desserts,Noida,Area_4,2022,4.0,Medium,False,2021-04-28,Toing Partner,Tier 3,1.1019847641629423
1097,Restaurant_1097,Street Food,Mumbai,Area_7,2015,5.0,High,False,2022-07-30,Regular,Tier 2,1.1326300988062583
1098,Restaurant_1098,American,Gurgaon,Area_19,2014,3.1,Medium,True,2020-08-21,Toing Partner,Tier 3,1.1086762452273384
1099,Restaurant_1099,American,Hyderabad,Area_1,2013,3.8,High,False,2022-01-09,Toing Partner,Tier 3,2.129996590011317
1100,Restaurant_1100,Italian,Mumbai,Area_19,2014,3.4,Low,False,2022-02-20,Toing Partner,Tier 3,1.2404668746101342
1101,Restaurant_1101,Healthy Food,Hyderabad,Area_19,2011,3.3,High,True,2020-02-11,Gold,Tier 1,1.030239710872094
1102,Restaurant_1102,Mughlai,Chennai,Area_14,2022,3.2,Medium,False,2021-03-24,Toing Partner,Tier 3,5.689043364538627
1103,Restaurant_1103,Street Food,Lucknow,Area_6,2020,3.1,High,False,2020-05-11,Bolt Partner,Tier 1,2.933395087094408
1104,Restaurant_1104,Continental,Chennai,Area_18,2013,3.7,Low,True,2022-01-01,Toing Partner,Tier 3,3.7203854440274746
1105,Restaurant_1105,South Indian,Mumbai,Area_12,2010,3.1,High,False,2021-03-17,Gold,Tier 1,14.013552323985865
1106,Restaurant_1106,Chinese,Mumbai,Area_6,2022,4.1,Medium,False,2022-01-31,Toing Partner,Tier 3,1.100227358825287
1107,Restaurant_1107,Mexican,Jaipur,Area_10,2023,3.5,Medium,False,2020-11-28,Bolt Partner,Tier 1,1.286970397838451
1108,Restaurant_1108,Healthy Food,Mumbai,Area_18,2019,4.3,Low,False,2021-01-08,Toing Partner,Tier 3,2.0337914038893987
1109,Restaurant_1109,Japanese,Ahmedabad,Area_19,2016,4.7,Low,False,2021-06-26,Bolt Partner,Tier 1,1.813752132961112
1110,Restaurant_1110,Healthy Food,Pune,Area_11,2012,3.3,High,False,2022-03-08,Bolt Partner,Tier 1,1.087146574719524
1111,Restaurant_1111,Mughlai,Noida,Area_5,2014,3.8,Medium,True,2020-02-13,Bolt Partner,Tier 1,2.33020559409328
1112,Restaurant_1112,North Indian,Noida,Area_14,2020,4.3,Medium,False,2021-09-30,Toing Partner,Tier 3,1.1355139111602288
1113,Restaurant_1113,Fast Food,Lucknow,Area_11,2017,4.8,Medium,False,2020-11-04,Regular,Tier 2,1.135058143057609
1114,Restaurant_1114,Desserts,Gurgaon,Area_17,2022,4.5,High,True,2020-12-29,Regular,Tier 2,1.4695944702386734
1115,Restaurant_1115,Street Food,Jaipur,Area_19,2012,3.7,High,False,2021-05-05,Toing Partner,Tier 3,1.5673671891078642
1116,Restaurant_1116,American,Hyderabad,Area_17,2020,4.2,Low,False,2020-07-14,Regular,Tier 2,1.5431918830290854
1117,Restaurant_1117,North Indian,Kolkata,Area_3,2020,4.3,High,False,2020-06-05,Bolt Partner,Tier 1,1.049142277200589
1118,Restaurant_1118,Fast Food,Delhi,Area_7,2022,3.1,High,False,2020-10-16,Toing Partner,Tier 3,2.8566865540040314
1119,Restaurant_1119,Thai,Delhi,Area_9,2018,4.9,High,True,2020-09-22,Regular,Tier 2,1.1669001038582858
1120,Restaurant_1120,Continental,Ahmedabad,Area_4,2017,3.0,Low,False,2021-06-17,Regular,Tier 2,1.071813775297367
1121,Restaurant_1121,Mexican,Gurgaon,Area_16,2016,4.6,High,True,2021-11-10,Toing Partner,Tier 3,2.998100883077039
1122,Restaurant_1122,Bakery,Lucknow,Area_14,2011,4.2,High,False,2020-07-17,Toing Partner,Tier 3,4.748544625073077
1123,Restaurant_1123,Chinese,Jaipur,Area_3,2010,3.0,Low,False,2021-03-18,Gold,Tier 1,2.6931550631168966
1124,Restaurant_1124,Desserts,Ahmedabad,Area_5,2016,4.4,High,False,2020-09-08,Bolt Partner,Tier 1,2.291241326936399
1125,Restaurant_1125,Bakery,Kolkata,Area_20,2023,3.8,Medium,False,2022-04-03,Gold,Tier 1,1.7031104412896065
1126,Restaurant_1126,Continental,Noida,Area_5,2023,4.6,Medium,False,2022-08-06,Gold,Tier 1,1.4921341204209286
1127,Restaurant_1127,Desserts,Mumbai,Area_6,2012,3.6,Medium,False,2021-06-14,Bolt Partner,Tier 1,1.0465535669676316
1128,Restaurant_1128,Chinese,Kolkata,Area_2,2023,3.5,High,True,2022-02-17,Gold,Tier 1,1.3001858944237195
1129,Restaurant_1129,Bakery,Pune,Area_15,2012,3.9,High,False,2022-07-25,Toing Partner,Tier 3,1.2625784758381537
1130,Restaurant_1130,Bakery,Ahmedabad,Area_18,2019,3.7,Medium,True,2021-07-17,Toing Partner,Tier 3,1.1622830434110676
1131,Restaurant_1131,North Indian,Lucknow,Area_3,2013,4.9,Medium,False,2020-12-31,Toing Partner,Tier 3,1.9014709863972477
1132,Restaurant_1132,Thai,Hyderabad,Area_11,2015,3.5,Medium,True,2022-07-30,Toing Partner,Tier 3,1.4084168074671246
1133,Restaurant_1133,Street Food,Chennai,Area_11,2015,4.2,Medium,False,2020-06-06,Regular,Tier 2,1.0431653782557233
1134,Restaurant_1134,Continental,Lucknow,Area_4,2021,3.1,Medium,True,2021-01-30,Toing Partner,Tier 3,1.1324100289577117
1135,Restaurant_1135,North Indian,Mumbai,Area_9,2017,4.5,Low,False,2020-07-27,Toing Partner,Tier 3,1.7768374379267373
1136,Restaurant_1136,Mughlai,Delhi,Area_6,2015,3.7,High,True,2020-03-26,Bolt Partner,Tier 1,1.0403866470771919
1137,Restaurant_1137,South Indian,Bangalore,Area_14,2010,3.5,Medium,False,2022-06-29,Gold,Tier 1,2.592439466870159
1138,Restaurant_1138,Continental,Mumbai,Area_3,2015,3.2,High,False,2020-11-30,Toing Partner,Tier 3,1.407399284486083
1139,Restaurant_1139,Healthy Food,Hyderabad,Area_9,2019,4.7,Medium,False,2022-08-26,Toing Partner,Tier 3,1.3875333032847608
1140,Restaurant_1140,Healthy Food,Gurgaon,Area_6,2015,4.0,Medium,False,2020-09-20,Regular,Tier 2,1.566343681883539
1141,Restaurant_1141,Japanese,Delhi,Area_8,2022,3.1,Low,False,2021-05-29,Regular,Tier 2,2.3882812296878275
1142,Restaurant_1142,Japanese,Ahmedabad,Area_3,2019,4.9,Medium,True,2022-03-23,Gold,Tier 1,1.238262350969379
1143,Restaurant_1143,Thai,Lucknow,Area_18,2019,4.7,Medium,False,2020-03-05,Regular,Tier 2,1.7623126443244694
1144,Restaurant_1144,Street Food,Delhi,Area_20,2016,4.8,Low,False,2020-03-11,Regular,Tier 2,1.5174733325481802
1145,Restaurant_1145,South Indian,Jaipur,Area_17,2012,3.8,Low,False,2022-05-08,Toing Partner,Tier 3,1.1680364286128482
1146,Restaurant_1146,Bakery,Bangalore,Area_5,2012,4.4,Medium,False,2022-04-15,Toing Partner,Tier 3,2.870412414041378
1147,Restaurant_1147,Mughlai,Bangalore,Area_13,2010,4.4,Medium,False,2021-02-28,Toing Partner,Tier 3,2.2218164162984837
1148,Restaurant_1148,Fast Food,Delhi,Area_4,2021,4.6,High,True,2020-08-09,Regular,Tier 2,1.7110946034329324
1149,Restaurant_1149,South Indian,Lucknow,Area_17,2022,4.4,High,False,2020-07-08,Bolt Partner,Tier 1,2.587010234365343
1150,Restaurant_1150,Mughlai,Mumbai,Area_18,2017,4.4,Medium,False,2020-03-31,Bolt Partner,Tier 1,2.7450802763621778
1151,Restaurant_1151,Healthy Food,Noida,Area_16,2020,4.8,Low,False,2020-08-31,Bolt Partner,Tier 1,1.8517343019362698
1152,Restaurant_1152,Mughlai,Bangalore,Area_7,2019,3.1,Low,False,2021-07-15,Gold,Tier 1,2.4769882957152873
1153,Restaurant_1153,Healthy Food,Hyderabad,Area_1,2023,4.2,Low,False,2020-02-29,Regular,Tier 2,1.8180960591687108
1154,Restaurant_1154,Bakery,Mumbai,Area_6,2015,3.4,Medium,True,2022-08-16,Bolt Partner,Tier 1,1.7681559120295869
1155,Restaurant_1155,Street Food,Noida,Area_3,2010,3.8,High,False,2020-08-07,Bolt Partner,Tier 1,1.6192583074704194
1156,Restaurant_1156,South Indian,Gurgaon,Area_3,2013,4.2,Low,False,2021-10-21,Toing Partner,Tier 3,2.010955929463186
1157,Restaurant_1157,Fast Food,Jaipur,Area_20,2019,4.6,High,False,2022-08-06,Toing Partner,Tier 3,1.0901846523624779
1158,Restaurant_1158,Mughlai,Gurgaon,Area_2,2019,4.5,High,False,2020-07-21,Toing Partner,Tier 3,2.897282298125362
1159,Restaurant_1159,Chinese,Gurgaon,Area_5,2018,4.9,Low,False,2020-06-23,Gold,Tier 1,2.7933781254784615
1160,Restaurant_1160,Thai,Hyderabad,Area_20,2022,4.1,Medium,True,2021-08-23,Gold,Tier 1,1.0149524415411522
1161,Restaurant_1161,Thai,Noida,Area_15,2015,3.1,Low,True,2021-11-19,Bolt Partner,Tier 1,2.396055127525333
1162,Restaurant_1162,Mughlai,Hyderabad,Area_6,2020,3.6,Medium,False,2020-08-07,Toing Partner,Tier 3,1.0714168738655627
1163,Restaurant_1163,Thai,Gurgaon,Area_1,2011,5.0,Low,False,2020-06-12,Bolt Partner,Tier 1,1.2263882789577658
1164,Restaurant_1164,Thai,Pune,Area_17,2021,3.2,Medium,False,2020-10-23,Regular,Tier 2,1.97452803777486
1165,Restaurant_1165,Healthy Food,Kolkata,Area_3,2012,4.6,Low,False,2020-11-25,Bolt Partner,Tier 1,1.091583306848542
1166,Restaurant_1166,Bakery,Ahmedabad,Area_7,2019,3.7,High,False,2020-08-23,Regular,Tier 2,2.343823830091039
1167,Restaurant_1167,Street Food,Hyderabad,Area_1,2021,4.8,High,False,2021-11-15,Bolt Partner,Tier 1,2.4407250541552403
1168,Restaurant_1168,Chinese,Gurgaon,Area_13,2016,3.7,Low,False,2021-03-28,Bolt Partner,Tier 1,1.4248943243997692
1169,Restaurant_1169,Mexican,Gurgaon,Area_1,2021,3.8,High,True,2022-01-25,Gold,Tier 1,1.0032083099535247
1170,Restaurant_1170,Mexican,Hyderabad,Area_5,2023,4.5,Low,False,2021-12-15,Gold,Tier 1,1.1843139613338438
1171,Restaurant_1171,Street Food,Mumbai,Area_9,2019,4.6,Medium,False,2022-05-09,Bolt Partner,Tier 1,1.6156942608518825
1172,Restaurant_1172,Italian,Delhi,Area_20,2019,4.8,Medium,True,2020-10-18,Regular,Tier 2,7.290570012560557
1173,Restaurant_1173,Mughlai,Jaipur,Area_14,2014,3.5,Low,False,2020-12-12,Gold,Tier 1,1.6480336905027182
1174,Restaurant_1174,Italian,Ahmedabad,Area_18,2019,4.9,Medium,False,2020-01-29,Toing Partner,Tier 3,1.1623221395124193
1175,Restaurant_1175,Italian,Lucknow,Area_18,2023,3.5,High,False,2021-04-23,Regular,Tier 2,1.6529618907423147
1176,Restaurant_1176,North Indian,Kolkata,Area_6,2022,4.2,Medium,False,2020-06-25,Toing Partner,Tier 3,1.4743961312021214
1177,Restaurant_1177,Japanese,Kolkata,Area_9,2017,3.4,High,False,2021-03-31,Toing Partner,Tier 3,2.1312584248799618
1178,Restaurant_1178,Mexican,Lucknow,Area_17,2021,4.3,Low,False,2021-11-17,Regular,Tier 2,1.0582043991158774
1179,Restaurant_1179,Mughlai,Lucknow,Area_8,2023,4.7,High,False,2021-09-06,Gold,Tier 1,2.04562678807123
1180,Restaurant_1180,Street Food,Hyderabad,Area_9,2023,4.2,High,True,2021-01-28,Regular,Tier 2,1.4764536199257934
1181,Restaurant_1181,Healthy Food,Jaipur,Area_4,2015,4.8,High,False,2021-02-10,Gold,Tier 1,5.198190783951368
1182,Restaurant_1182,Continental,Ahmedabad,Area_13,2019,4.3,Low,True,2021-04-29,Bolt Partner,Tier 1,1.2326644487287333
1183,Restaurant_1183,Bakery,Hyderabad,Area_18,2016,3.2,Low,False,2021-11-04,Toing Partner,Tier 3,1.649845832456798
1184,Restaurant_1184,Street Food,Hyderabad,Area_5,2015,4.5,Low,False,2020-04-22,Toing Partner,Tier 3,3.835617687859886
1185,Restaurant_1185,Japanese,Jaipur,Area_9,2017,4.7,Low,True,2020-05-03,Bolt Partner,Tier 1,1.055565348583476
1186,Restaurant_1186,Fast Food,Hyderabad,Area_12,2023,4.0,High,False,2020-04-16,Toing Partner,Tier 3,3.991339797639505
1187,Restaurant_1187,Desserts,Kolkata,Area_8,2013,4.3,High,False,2021-04-09,Toing Partner,Tier 3,1.789959406708405
1188,Restaurant_1188,American,Kolkata,Area_15,2012,4.0,Medium,True,2022-03-14,Regular,Tier 2,1.0357479525005377
1189,Restaurant_1189,South Indian,Lucknow,Area_17,2022,4.3,High,False,2020-12-05,Bolt Partner,Tier 1,1.1960520901463978
1190,Restaurant_1190,Desserts,Ahmedabad,Area_16,2022,4.5,Medium,False,2020-04-02,Regular,Tier 2,1.8511285822730323
1191,Restaurant_1191,Fast Food,Kolkata,Area_14,2013,4.1,High,False,2022-04-14,Gold,Tier 1,1.03547780102729
1192,Restaurant_1192,South Indian,Ahmedabad,Area_6,2012,4.4,Low,True,2020-08-15,Gold,Tier 1,1.547036034623462
1193,Restaurant_1193,North Indian,Bangalore,Area_11,2017,4.7,Medium,False,2021-06-22,Toing Partner,Tier 3,1.2364378770510633
1194,Restaurant_1194,South Indian,Bangalore,Area_1,2023,4.6,Low,True,2022-05-28,Bolt Partner,Tier 1,1.6241719151793912
1195,Restaurant_1195,Desserts,Pune,Area_20,2020,4.2,Medium,True,2022-06-13,Bolt Partner,Tier 1,1.0236867991617846
1196,Restaurant_1196,Italian,Mumbai,Area_9,2021,4.7,High,True,2021-08-03,Gold,Tier 1,2.7900413665351196
1197,Restaurant_1197,Mughlai,Noida,Area_7,2016,3.9,High,False,2022-04-22,Regular,Tier 2,6.141673042732615
1198,Restaurant_1198,Continental,Hyderabad,Area_13,2011,4.3,Medium,True,2020-08-29,Gold,Tier 1,5.668462019875518
1199,Restaurant_1199,Japanese,Noida,Area_13,2023,4.6,Medium,False,2022-08-02,Regular,Tier 2,1.9986087799391623
1200,Restaurant_1200,Japanese,Bangalore,Area_1,2017,3.3,High,True,2020-03-14,Bolt Partner,Tier 1,1.0721656762168135
1201,Restaurant_1201,Desserts,Pune,Area_18,2014,4.6,Medium,False,2022-08-15,Bolt Partner,Tier 1,2.0338953899082317
1202,Restaurant_1202,Mexican,Jaipur,Area_10,2010,4.9,Medium,False,2020-11-01,Gold,Tier 1,1.0125248988381264
1203,Restaurant_1203,Fast Food,Mumbai,Area_13,2022,3.2,Low,False,2022-06-26,Gold,Tier 1,1.0112487708027822
1204,Restaurant_1204,Italian,Hyderabad,Area_12,2010,3.6,High,True,2022-05-29,Regular,Tier 2,1.2159101428227954
1205,Restaurant_1205,Healthy Food,Bangalore,Area_20,2020,4.3,High,True,2021-08-29,Gold,Tier 1,1.398421132139591
1206,Restaurant_1206,Thai,Hyderabad,Area_13,2022,3.3,Medium,False,2022-09-21,Bolt Partner,Tier 1,2.0869933908923213
1207,Restaurant_1207,Thai,Chennai,Area_16,2017,3.3,Medium,True,2021-09-04,Bolt Partner,Tier 1,1.7769401414711294
1208,Restaurant_1208,Chinese,Lucknow,Area_2,2015,4.2,Medium,False,2022-07-16,Bolt Partner,Tier 1,1.3434050778563618
1209,Restaurant_1209,Chinese,Delhi,Area_4,2014,4.7,High,False,2020-05-17,Bolt Partner,Tier 1,1.173329672934817
1210,Restaurant_1210,Japanese,Ahmedabad,Area_19,2014,4.0,Low,False,2021-06-12,Toing Partner,Tier 3,18.648475140217233
1211,Restaurant_1211,Mughlai,Noida,Area_9,2012,4.6,Low,False,2020-08-27,Toing Partner,Tier 3,1.3201176944095416
1212,Restaurant_1212,Mughlai,Gurgaon,Area_13,2019,3.7,Medium,False,2020-10-05,Bolt Partner,Tier 1,1.350103186821935
1213,Restaurant_1213,Japanese,Bangalore,Area_9,2022,4.8,Medium,False,2022-04-24,Toing Partner,Tier 3,1.0934506132890314
1214,Restaurant_1214,Fast Food,Kolkata,Area_8,2021,3.1,High,False,2020-12-04,Bolt Partner,Tier 1,2.207605293247114
1215,Restaurant_1215,Fast Food,Pune,Area_1,2013,4.4,High,False,2020-10-28,Gold,Tier 1,1.8068158894665183
1216,Restaurant_1216,American,Chennai,Area_18,2020,4.0,High,True,2022-04-05,Toing Partner,Tier 3,1.1328360471409495
1217,Restaurant_1217,Japanese,Kolkata,Area_5,2010,3.4,High,False,2022-06-23,Toing Partner,Tier 3,1.0439238314850348
1218,Restaurant_1218,American,Hyderabad,Area_8,2021,3.9,Low,False,2020-08-08,Gold,Tier 1,1.7691477091592458
1219,Restaurant_1219,Healthy Food,Jaipur,Area_7,2010,3.7,Low,False,2021-04-08,Toing Partner,Tier 3,1.701308306627084
1220,Restaurant_1220,Healthy Food,Jaipur,Area_19,2011,4.8,High,False,2022-01-02,Bolt Partner,Tier 1,1.1730332604942113
1221,Restaurant_1221,Italian,Lucknow,Area_11,2012,3.9,High,False,2020-04-21,Regular,Tier 2,4.511263200918884
1222,Restaurant_1222,Thai,Gurgaon,Area_16,2021,4.0,Medium,False,2022-04-16,Regular,Tier 2,1.0853278872801504
1223,Restaurant_1223,South Indian,Pune,Area_18,2013,3.0,Low,True,2022-01-11,Bolt Partner,Tier 1,1.327253455858314
1224,Restaurant_1224,Fast Food,Lucknow,Area_11,2010,3.4,Low,False,2022-08-23,Gold,Tier 1,4.211354021944186
1225,Restaurant_1225,Healthy Food,Bangalore,Area_20,2021,3.2,High,False,2020-07-26,Gold,Tier 1,1.3127557732390107
1226,Restaurant_1226,Bakery,Delhi,Area_20,2011,4.1,Medium,True,2022-07-14,Gold,Tier 1,1.6632649513960005
1227,Restaurant_1227,Bakery,Jaipur,Area_12,2017,4.4,High,False,2021-11-09,Bolt Partner,Tier 1,1.2884141892655512
1228,Restaurant_1228,South Indian,Chennai,Area_13,2023,4.2,Low,True,2022-07-11,Regular,Tier 2,1.1738053007652278
1229,Restaurant_1229,Italian,Gurgaon,Area_5,2022,4.7,Medium,False,2021-11-18,Gold,Tier 1,7.900177792234607
1230,Restaurant_1230,American,Mumbai,Area_7,2021,3.8,High,False,2020-08-24,Regular,Tier 2,1.3011549432242253
1231,Restaurant_1231,Japanese,Mumbai,Area_17,2010,4.8,Medium,True,2020-04-05,Bolt Partner,Tier 1,3.0729138658644466
1232,Restaurant_1232,Fast Food,Noida,Area_5,2023,4.3,High,True,2022-02-22,Gold,Tier 1,1.1395721742710523
1233,Restaurant_1233,Chinese,Noida,Area_18,2016,4.8,Low,False,2021-09-29,Regular,Tier 2,1.127305239275419
1234,Restaurant_1234,Chinese,Gurgaon,Area_18,2019,3.3,High,False,2021-02-06,Regular,Tier 2,1.0159402359555667
1235,Restaurant_1235,Desserts,Jaipur,Area_16,2021,4.7,Medium,False,2021-01-16,Regular,Tier 2,1.6943478701680024
1236,Restaurant_1236,Desserts,Ahmedabad,Area_15,2010,4.2,Low,True,2022-09-03,Gold,Tier 1,1.2584106389665077
1237,Restaurant_1237,Japanese,Bangalore,Area_10,2021,4.6,High,False,2021-12-13,Bolt Partner,Tier 1,2.715209269479384
1238,Restaurant_1238,Healthy Food,Lucknow,Area_10,2019,4.2,High,False,2022-03-19,Bolt Partner,Tier 1,1.3777842010983368
1239,Restaurant_1239,Japanese,Mumbai,Area_1,2013,4.0,High,False,2022-06-22,Bolt Partner,Tier 1,5.607142158645955
1240,Restaurant_1240,Healthy Food,Noida,Area_10,2022,4.8,High,False,2021-07-07,Regular,Tier 2,1.1080548482498076
1241,Restaurant_1241,Japanese,Chennai,Area_11,2021,4.1,Low,False,2020-04-28,Regular,Tier 2,2.758929528121166
1242,Restaurant_1242,Fast Food,Mumbai,Area_4,2021,4.3,Medium,True,2021-06-09,Bolt Partner,Tier 1,2.1157061891297633
1243,Restaurant_1243,Mughlai,Lucknow,Area_4,2021,3.7,Low,False,2020-02-17,Toing Partner,Tier 3,2.089335393666385
1244,Restaurant_1244,Japanese,Mumbai,Area_20,2017,4.2,Low,True,2022-06-09,Regular,Tier 2,2.5382282681247403
1245,Restaurant_1245,Thai,Pune,Area_17,2014,4.7,High,False,2021-08-22,Bolt Partner,Tier 1,2.0456100465943186
1246,Restaurant_1246,Mughlai,Ahmedabad,Area_18,2019,4.7,Medium,False,2021-04-07,Bolt Partner,Tier 1,1.6356567002073035
1247,Restaurant_1247,Mexican,Lucknow,Area_20,2020,4.4,High,False,2021-01-08,Toing Partner,Tier 3,1.0728803986213893
1248,Restaurant_1248,North Indian,Hyderabad,Area_3,2018,4.1,Medium,True,2020-09-13,Bolt Partner,Tier 1,1.01667089064462
1249,Restaurant_1249,South Indian,Bangalore,Area_20,2021,3.1,Medium,True,2021-06-14,Regular,Tier 2,3.554419116565659
1250,Restaurant_1250,Chinese,Lucknow,Area_11,2019,4.0,Medium,False,2022-06-20,Regular,Tier 2,1.6151112580179734
1251,Restaurant_1251,North Indian,Hyderabad,Area_20,2010,3.8,High,True,2020-07-06,Bolt Partner,Tier 1,2.2169586285757785
1252,Restaurant_1252,Continental,Kolkata,Area_6,2017,3.5,High,False,2020-02-08,Gold,Tier 1,1.3887848832872367
1253,Restaurant_1253,Mexican,Lucknow,Area_15,2016,3.1,High,False,2020-08-29,Bolt Partner,Tier 1,1.064376926150291
1254,Restaurant_1254,Japanese,Ahmedabad,Area_17,2018,4.7,Medium,False,2021-08-06,Gold,Tier 1,1.0691584829954828
1255,Restaurant_1255,Bakery,Jaipur,Area_15,2015,3.4,Low,False,2022-05-28,Gold,Tier 1,1.7833424911882283
1256,Restaurant_1256,Chinese,Delhi,Area_7,2020,4.3,Medium,True,2022-04-16,Regular,Tier 2,1.3248879104356064
1257,Restaurant_1257,Bakery,Lucknow,Area_18,2014,4.9,Medium,False,2021-11-30,Toing Partner,Tier 3,1.1184008331506112
1258,Restaurant_1258,Mughlai,Noida,Area_19,2023,4.9,High,False,2021-06-12,Toing Partner,Tier 3,1.4024742619628257
1259,Restaurant_1259,Italian,Hyderabad,Area_20,2011,3.2,High,False,2021-01-19,Regular,Tier 2,1.0337381719425167
1260,Restaurant_1260,Continental,Hyderabad,Area_15,2012,4.5,High,False,2022-04-22,Toing Partner,Tier 3,1.5466676543565934
1261,Restaurant_1261,Desserts,Pune,Area_15,2012,4.2,High,False,2020-04-03,Gold,Tier 1,1.1696053664796309
1262,Restaurant_1262,Desserts,Mumbai,Area_15,2023,3.9,High,True,2022-01-23,Toing Partner,Tier 3,2.222546576553896
1263,Restaurant_1263,Fast Food,Kolkata,Area_8,2023,4.6,Low,False,2020-08-20,Regular,Tier 2,1.2041744140827586
1264,Restaurant_1264,Chinese,Noida,Area_15,2021,4.7,Low,False,2021-03-28,Regular,Tier 2,1.354844590773288
1265,Restaurant_1265,Bakery,Chennai,Area_10,2017,4.3,Medium,True,2020-10-14,Toing Partner,Tier 3,1.0058614042239944
1266,Restaurant_1266,North Indian,Hyderabad,Area_14,2011,4.3,Medium,False,2021-11-29,Regular,Tier 2,1.0383185346781456
1267,Restaurant_1267,Italian,Noida,Area_6,2023,4.9,High,False,2020-04-29,Toing Partner,Tier 3,1.2829937940277174
1268,Restaurant_1268,Healthy Food,Chennai,Area_13,2016,3.6,Low,True,2021-12-05,Toing Partner,Tier 3,1.3866689391169846
1269,Restaurant_1269,Fast Food,Mumbai,Area_20,2022,3.8,High,False,2021-01-28,Toing Partner,Tier 3,1.5811794434355817
1270,Restaurant_1270,Italian,Lucknow,Area_4,2012,4.1,Low,False,2022-07-14,Bolt Partner,Tier 1,1.1881736229629953
1271,Restaurant_1271,Thai,Pune,Area_9,2018,4.5,Low,False,2020-04-11,Bolt Partner,Tier 1,1.8106611542928785
1272,Restaurant_1272,North Indian,Pune,Area_15,2010,4.1,High,False,2020-10-17,Bolt Partner,Tier 1,2.6737814723271627
1273,Restaurant_1273,Japanese,Pune,Area_6,2013,4.5,High,False,2020-05-29,Regular,Tier 2,2.131285501164373
1274,Restaurant_1274,Japanese,Pune,Area_2,2010,4.4,High,False,2020-09-29,Toing Partner,Tier 3,1.0204181642136336
1275,Restaurant_1275,Bakery,Bangalore,Area_10,2022,3.6,Medium,False,2022-09-22,Toing Partner,Tier 3,1.387426955753991
1276,Restaurant_1276,Chinese,Kolkata,Area_10,2010,4.8,High,False,2021-10-15,Gold,Tier 1,1.0569916164553699
1277,Restaurant_1277,Healthy Food,Jaipur,Area_15,2018,3.7,Medium,True,2022-05-02,Bolt Partner,Tier 1,1.1486250764449557
1278,Restaurant_1278,Thai,Delhi,Area_15,2023,3.6,Low,False,2020-02-07,Bolt Partner,Tier 1,8.658931465576865
1279,Restaurant_1279,Italian,Delhi,Area_12,2021,3.3,Low,True,2021-06-17,Toing Partner,Tier 3,1.0798956877842751
1280,Restaurant_1280,Desserts,Pune,Area_12,2013,5.0,Medium,False,2021-01-22,Toing Partner,Tier 3,1.4126437914367216
1281,Restaurant_1281,Continental,Chennai,Area_9,2023,3.9,High,False,2022-05-11,Gold,Tier 1,1.6182919116596188
1282,Restaurant_1282,Japanese,Jaipur,Area_15,2010,4.2,High,False,2020-12-05,Bolt Partner,Tier 1,1.8332890659417937
1283,Restaurant_1283,Desserts,Hyderabad,Area_8,2019,3.9,Medium,True,2021-11-29,Bolt Partner,Tier 1,1.5069552312736578
1284,Restaurant_1284,Mexican,Lucknow,Area_10,2018,4.8,High,True,2021-05-24,Bolt Partner,Tier 1,1.0049215187766378
1285,Restaurant_1285,Chinese,Ahmedabad,Area_10,2015,4.9,High,False,2020-10-03,Bolt Partner,Tier 1,1.218480898841126
1286,Restaurant_1286,Street Food,Chennai,Area_11,2015,4.2,High,False,2020-07-13,Regular,Tier 2,1.4399473447684652
1287,Restaurant_1287,South Indian,Delhi,Area_20,2017,3.7,High,False,2020-04-23,Gold,Tier 1,1.0470581380309065
1288,Restaurant_1288,Italian,Chennai,Area_11,2022,3.1,High,False,2021-08-27,Bolt Partner,Tier 1,1.2409459423727416
1289,Restaurant_1289,North Indian,Pune,Area_15,2019,4.3,Medium,True,2021-02-15,Bolt Partner,Tier 1,1.017026753336589
1290,Restaurant_1290,Street Food,Chennai,Area_2,2023,4.3,Low,False,2021-08-10,Bolt Partner,Tier 1,1.041767557264509
1291,Restaurant_1291,Mexican,Pune,Area_11,2017,4.0,High,False,2020-08-14,Regular,Tier 2,1.2876970968452444
1292,Restaurant_1292,Japanese,Ahmedabad,Area_1,2011,3.0,High,False,2021-04-01,Bolt Partner,Tier 1,1.073789792458468
1293,Restaurant_1293,South Indian,Kolkata,Area_19,2018,3.5,Low,False,2020-10-25,Bolt Partner,Tier 1,1.5206436542347301
1294,Restaurant_1294,Continental,Bangalore,Area_18,2020,3.7,High,True,2020-12-14,Gold,Tier 1,1.7945051142850783
1295,Restaurant_1295,Italian,Pune,Area_12,2012,4.9,Medium,False,2020-03-17,Toing Partner,Tier 3,2.2393549587545194
1296,Restaurant_1296,North Indian,Kolkata,Area_19,2020,4.0,Low,False,2021-01-17,Bolt Partner,Tier 1,1.1181389898976506
1297,Restaurant_1297,Street Food,Lucknow,Area_14,2013,5.0,Medium,True,2022-04-10,Gold,Tier 1,1.095981783581107
1298,Restaurant_1298,South Indian,Delhi,Area_11,2015,3.7,High,True,2020-09-26,Regular,Tier 2,1.0567777381259005
1299,Restaurant_1299,American,Bangalore,Area_18,2016,4.1,High,False,2022-04-05,Bolt Partner,Tier 1,1.6584643060593622
1300,Restaurant_1300,Fast Food,Pune,Area_19,2013,3.7,High,False,2022-08-12,Gold,Tier 1,1.8457717260794966
1301,Restaurant_1301,Continental,Ahmedabad,Area_14,2012,4.3,High,True,2020-05-10,Toing Partner,Tier 3,1.0161773320730336
1302,Restaurant_1302,American,Pune,Area_20,2021,3.3,Low,False,2021-06-26,Regular,Tier 2,3.959417930536522
1303,Restaurant_1303,Mughlai,Kolkata,Area_17,2022,3.8,Medium,True,2020-06-02,Gold,Tier 1,1.027044482277495
1304,Restaurant_1304,Healthy Food,Mumbai,Area_20,2013,4.2,High,False,2022-07-18,Bolt Partner,Tier 1,1.4765015087563467
1305,Restaurant_1305,Fast Food,Gurgaon,Area_7,2015,3.4,Low,False,2020-12-28,Toing Partner,Tier 3,1.8539527882815452
1306,Restaurant_1306,Healthy Food,Pune,Area_11,2015,3.7,Low,True,2020-05-21,Bolt Partner,Tier 1,2.783897087876646
1307,Restaurant_1307,Street Food,Delhi,Area_4,2023,3.1,Low,False,2020-02-18,Regular,Tier 2,1.870178229908015
1308,Restaurant_1308,Street Food,Gurgaon,Area_5,2022,3.3,High,True,2022-06-15,Toing Partner,Tier 3,2.24579131133565
1309,Restaurant_1309,Mughlai,Noida,Area_18,2022,3.4,Medium,False,2021-03-06,Gold,Tier 1,1.2304025282334075
1310,Restaurant_1310,Desserts,Noida,Area_7,2019,4.4,Low,True,2021-01-21,Bolt Partner,Tier 1,2.3238546283171666
1311,Restaurant_1311,Street Food,Kolkata,Area_16,2017,4.6,High,False,2020-11-29,Toing Partner,Tier 3,1.0426371500921254
1312,Restaurant_1312,Japanese,Jaipur,Area_14,2016,4.2,Low,True,2021-08-04,Bolt Partner,Tier 1,3.083376181284902
1313,Restaurant_1313,Bakery,Pune,Area_8,2014,4.9,Low,False,2022-03-23,Gold,Tier 1,1.486740056403788
1314,Restaurant_1314,Chinese,Bangalore,Area_4,2013,4.4,High,False,2020-07-15,Regular,Tier 2,2.3395270763801133
1315,Restaurant_1315,Continental,Jaipur,Area_8,2014,4.1,Medium,False,2020-10-10,Gold,Tier 1,1.3512505350900281
1316,Restaurant_1316,American,Bangalore,Area_3,2023,3.2,Medium,True,2022-04-08,Toing Partner,Tier 3,1.6750106121351664
1317,Restaurant_1317,Street Food,Lucknow,Area_19,2013,4.1,High,True,2020-09-30,Gold,Tier 1,1.4530995664456967
1318,Restaurant_1318,American,Delhi,Area_16,2010,4.3,Medium,True,2020-10-19,Regular,Tier 2,1.9301909145749272
1319,Restaurant_1319,Fast Food,Ahmedabad,Area_18,2014,3.3,Low,False,2020-05-30,Toing Partner,Tier 3,1.043496872018855
1320,Restaurant_1320,Chinese,Gurgaon,Area_18,2019,3.9,Medium,False,2020-07-20,Bolt Partner,Tier 1,1.0316144637878992
1321,Restaurant_1321,North Indian,Pune,Area_10,2012,4.1,High,False,2021-10-01,Bolt Partner,Tier 1,1.1524770457492806
1322,Restaurant_1322,Street Food,Gurgaon,Area_14,2022,3.8,Medium,False,2021-11-11,Regular,Tier 2,1.090793860196718
1323,Restaurant_1323,Desserts,Gurgaon,Area_8,2012,4.5,Low,False,2022-01-28,Toing Partner,Tier 3,2.7927248794171544
1324,Restaurant_1324,Japanese,Kolkata,Area_13,2021,3.9,Medium,False,2020-01-28,Regular,Tier 2,1.131706962353573
1325,Restaurant_1325,North Indian,Mumbai,Area_6,2010,3.3,Medium,False,2020-06-10,Toing Partner,Tier 3,6.436927980971845
1326,Restaurant_1326,Mughlai,Ahmedabad,Area_1,2012,4.6,Medium,False,2020-06-07,Toing Partner,Tier 3,1.2280303718128411
1327,Restaurant_1327,Italian,Lucknow,Area_20,2020,4.2,High,True,2020-05-20,Toing Partner,Tier 3,1.1057441552676701
1328,Restaurant_1328,Healthy Food,Pune,Area_5,2017,3.7,Low,False,2020-08-06,Toing Partner,Tier 3,2.180614131439418
1329,Restaurant_1329,Italian,Mumbai,Area_20,2020,4.1,High,False,2020-10-09,Bolt Partner,Tier 1,1.7117360726624977
1330,Restaurant_1330,Thai,Ahmedabad,Area_10,2018,4.8,High,False,2022-04-13,Regular,Tier 2,1.4116688052385533
1331,Restaurant_1331,Desserts,Pune,Area_9,2016,4.5,Medium,False,2022-04-22,Regular,Tier 2,1.4996760971505227
1332,Restaurant_1332,Mexican,Lucknow,Area_6,2014,4.1,Medium,True,2022-05-08,Regular,Tier 2,1.8871343657467154
1333,Restaurant_1333,Mexican,Delhi,Area_4,2023,3.4,Low,False,2020-03-12,Regular,Tier 2,1.1384639856268877
1334,Restaurant_1334,Fast Food,Lucknow,Area_12,2019,4.7,Medium,False,2020-05-04,Regular,Tier 2,16.51576890974485
1335,Restaurant_1335,Japanese,Pune,Area_9,2014,3.5,Low,True,2020-09-21,Bolt Partner,Tier 1,6.298553406057125
1336,Restaurant_1336,Fast Food,Ahmedabad,Area_8,2015,4.4,Low,False,2020-04-13,Regular,Tier 2,1.6910955021750957
1337,Restaurant_1337,Thai,Bangalore,Area_1,2018,4.8,High,False,2020-05-05,Bolt Partner,Tier 1,1.1177144036971312
1338,Restaurant_1338,Mexican,Noida,Area_9,2016,4.0,Low,False,2021-12-17,Gold,Tier 1,1.7683977270198803
1339,Restaurant_1339,Continental,Chennai,Area_13,2020,3.0,High,False,2020-08-08,Gold,Tier 1,1.0381794869343446
1340,Restaurant_1340,Street Food,Jaipur,Area_7,2013,4.4,Low,True,2020-10-29,Regular,Tier 2,1.0156878404155631
1341,Restaurant_1341,Desserts,Bangalore,Area_11,2010,3.1,High,True,2021-10-29,Regular,Tier 2,1.1606606589456865
1342,Restaurant_1342,Thai,Pune,Area_15,2012,4.3,Low,True,2022-07-12,Toing Partner,Tier 3,1.3641447165035334
1343,Restaurant_1343,Chinese,Gurgaon,Area_2,2023,4.4,Medium,False,2021-04-23,Toing Partner,Tier 3,2.7552549043656374
1344,Restaurant_1344,Continental,Gurgaon,Area_8,2019,3.5,Low,False,2021-01-15,Gold,Tier 1,1.914490422687416
1345,Restaurant_1345,Mexican,Noida,Area_10,2014,3.8,Medium,False,2022-06-18,Bolt Partner,Tier 1,1.971449289806303
1346,Restaurant_1346,Mexican,Pune,Area_3,2021,3.3,Medium,False,2020-10-14,Bolt Partner,Tier 1,1.3193270417002452
1347,Restaurant_1347,South Indian,Delhi,Area_14,2014,3.5,High,True,2020-01-27,Bolt Partner,Tier 1,1.2364869653375297
1348,Restaurant_1348,Mexican,Jaipur,Area_6,2018,4.7,Medium,True,2020-11-19,Toing Partner,Tier 3,1.2609215282565227
1349,Restaurant_1349,North Indian,Delhi,Area_6,2014,3.3,Medium,False,2020-09-30,Bolt Partner,Tier 1,8.998266482768734
1350,Restaurant_1350,American,Bangalore,Area_11,2020,3.3,High,False,2021-05-06,Gold,Tier 1,1.0206787743504566
1351,Restaurant_1351,Japanese,Noida,Area_16,2019,3.8,Medium,False,2021-11-25,Toing Partner,Tier 3,2.7423672187983574
1352,Restaurant_1352,Continental,Mumbai,Area_14,2011,3.3,High,False,2021-10-21,Toing Partner,Tier 3,1.5406060387626674
1353,Restaurant_1353,Mexican,Lucknow,Area_10,2022,4.3,Medium,False,2021-08-26,Gold,Tier 1,1.3346572809665984
1354,Restaurant_1354,Street Food,Jaipur,Area_18,2016,3.5,High,False,2021-06-08,Bolt Partner,Tier 1,1.9078191506220203
1355,Restaurant_1355,Chinese,Bangalore,Area_8,2013,4.3,Medium,True,2021-12-03,Toing Partner,Tier 3,1.3957294080816718
1356,Restaurant_1356,American,Ahmedabad,Area_20,2020,3.5,Medium,True,2022-05-14,Toing Partner,Tier 3,2.8107551127199755
1357,Restaurant_1357,Healthy Food,Jaipur,Area_11,2021,4.0,Medium,False,2022-08-17,Bolt Partner,Tier 1,3.1734338650944713
1358,Restaurant_1358,Japanese,Ahmedabad,Area_16,2016,3.5,Medium,False,2021-06-11,Bolt Partner,Tier 1,1.3150166809429782
1359,Restaurant_1359,North Indian,Noida,Area_19,2011,3.2,High,False,2022-04-23,Regular,Tier 2,1.1759236848580736
1360,Restaurant_1360,Continental,Pune,Area_2,2013,4.2,High,True,2021-11-02,Regular,Tier 2,1.5662332940629937
1361,Restaurant_1361,Fast Food,Lucknow,Area_19,2018,3.3,Low,False,2020-10-11,Gold,Tier 1,3.3779802434065482
1362,Restaurant_1362,Street Food,Pune,Area_6,2015,3.5,High,False,2021-02-23,Regular,Tier 2,1.125559729743071
1363,Restaurant_1363,Thai,Gurgaon,Area_11,2016,3.8,Medium,False,2021-11-11,Toing Partner,Tier 3,1.628583679553654
1364,Restaurant_1364,Desserts,Hyderabad,Area_19,2022,3.4,Low,False,2021-09-08,Gold,Tier 1,1.64746707128239
1365,Restaurant_1365,Fast Food,Delhi,Area_20,2013,4.9,Medium,True,2021-08-13,Regular,Tier 2,1.935692236685659
1366,Restaurant_1366,Chinese,Pune,Area_19,2015,4.3,Medium,True,2020-03-28,Regular,Tier 2,1.0730797818064708
1367,Restaurant_1367,Desserts,Hyderabad,Area_4,2014,3.5,High,False,2020-07-25,Regular,Tier 2,1.875888576374676
1368,Restaurant_1368,Bakery,Pune,Area_13,2020,4.5,Low,False,2020-11-22,Bolt Partner,Tier 1,3.315560214396074
1369,Restaurant_1369,Healthy Food,Kolkata,Area_16,2011,3.4,Medium,False,2020-08-27,Bolt Partner,Tier 1,1.104101939824935
1370,Restaurant_1370,North Indian,Noida,Area_1,2017,4.5,Medium,False,2020-01-19,Regular,Tier 2,1.1452292048067163
1371,Restaurant_1371,Healthy Food,Hyderabad,Area_13,2010,3.7,Low,True,2022-04-25,Toing Partner,Tier 3,5.912616865340069
1372,Restaurant_1372,Street Food,Noida,Area_15,2011,3.4,Medium,False,2021-08-28,Regular,Tier 2,1.1049736929238436
1373,Restaurant_1373,Desserts,Chennai,Area_11,2012,3.8,Medium,False,2021-09-17,Toing Partner,Tier 3,2.6205779469313564
1374,Restaurant_1374,Healthy Food,Kolkata,Area_11,2019,4.1,High,False,2021-07-08,Regular,Tier 2,1.403417693393845
1375,Restaurant_1375,Mexican,Chennai,Area_10,2021,3.7,Low,False,2022-06-05,Regular,Tier 2,1.1525749023814609
1376,Restaurant_1376,Continental,Lucknow,Area_10,2023,4.3,Low,False,2021-12-27,Gold,Tier 1,2.781535187141087
1377,Restaurant_1377,Healthy Food,Noida,Area_3,2019,4.6,Low,False,2020-11-25,Regular,Tier 2,1.3426814046514384
1378,Restaurant_1378,Street Food,Delhi,Area_12,2012,4.6,Medium,False,2022-08-17,Bolt Partner,Tier 1,1.4356460178321004
1379,Restaurant_1379,Mexican,Ahmedabad,Area_13,2023,4.0,Medium,False,2021-04-06,Regular,Tier 2,1.249252009228764
1380,Restaurant_1380,Thai,Ahmedabad,Area_20,2017,4.5,High,True,2022-08-25,Gold,Tier 1,1.5673882064658158
1381,Restaurant_1381,South Indian,Lucknow,Area_13,2010,3.9,High,False,2021-12-07,Bolt Partner,Tier 1,1.0933852843893073
1382,Restaurant_1382,Mughlai,Lucknow,Area_14,2018,4.4,Low,False,2021-05-09,Gold,Tier 1,1.2815053648312467
1383,Restaurant_1383,Japanese,Lucknow,Area_4,2015,4.6,Low,True,2022-08-06,Gold,Tier 1,5.717770867236812
1384,Restaurant_1384,Bakery,Lucknow,Area_2,2012,4.9,Medium,True,2021-01-25,Toing Partner,Tier 3,1.1610130468064512
1385,Restaurant_1385,Italian,Lucknow,Area_2,2020,4.9,Medium,False,2021-01-27,Regular,Tier 2,1.7068143711916386
1386,Restaurant_1386,South Indian,Gurgaon,Area_20,2017,4.9,High,False,2022-08-08,Gold,Tier 1,1.217332637176938
1387,Restaurant_1387,Healthy Food,Lucknow,Area_4,2018,4.0,High,False,2020-06-04,Regular,Tier 2,2.1010681228583854
1388,Restaurant_1388,Healthy Food,Ahmedabad,Area_3,2011,4.1,Medium,True,2022-01-29,Toing Partner,Tier 3,1.0726512524533558
1389,Restaurant_1389,Italian,Chennai,Area_14,2014,3.5,High,False,2020-10-11,Toing Partner,Tier 3,5.756359405425019
1390,Restaurant_1390,North Indian,Ahmedabad,Area_8,2023,4.3,High,False,2022-08-08,Toing Partner,Tier 3,1.3530691561595365
1391,Restaurant_1391,Chinese,Lucknow,Area_1,2010,3.9,Low,False,2022-07-13,Bolt Partner,Tier 1,1.1441096905956114
1392,Restaurant_1392,Mexican,Gurgaon,Area_3,2022,3.8,High,False,2021-08-03,Regular,Tier 2,1.0389066491720405
1393,Restaurant_1393,Japanese,Lucknow,Area_16,2015,4.2,Medium,True,2020-11-08,Gold,Tier 1,1.097482554372063
1394,Restaurant_1394,Fast Food,Chennai,Area_7,2010,3.2,Medium,False,2021-05-10,Gold,Tier 1,1.4430359209350578
1395,Restaurant_1395,American,Delhi,Area_15,2017,3.3,Medium,True,2022-03-03,Regular,Tier 2,1.2281298189596046
1396,Restaurant_1396,Fast Food,Noida,Area_8,2016,4.8,Low,False,2020-07-11,Bolt Partner,Tier 1,2.417429878324855
1397,Restaurant_1397,Fast Food,Bangalore,Area_9,2013,4.7,High,True,2021-05-22,Bolt Partner,Tier 1,1.3255647503952732
1398,Restaurant_1398,North Indian,Bangalore,Area_16,2017,4.7,High,True,2021-03-06,Bolt Partner,Tier 1,1.1537120556936158
1399,Restaurant_1399,Fast Food,Bangalore,Area_16,2023,4.1,Low,True,2022-08-15,Gold,Tier 1,1.6161543324406507
1400,Restaurant_1400,American,Delhi,Area_4,2022,4.9,High,False,2020-02-07,Gold,Tier 1,1.8467203895456952
1401,Restaurant_1401,Japanese,Hyderabad,Area_4,2015,4.3,Medium,False,2022-02-04,Regular,Tier 2,1.0956918320402496
1402,Restaurant_1402,Mughlai,Pune,Area_4,2010,3.7,Medium,False,2021-05-20,Gold,Tier 1,1.096071731754626
1403,Restaurant_1403,Fast Food,Chennai,Area_9,2023,3.8,Low,False,2022-08-12,Regular,Tier 2,1.0188559335347083
1404,Restaurant_1404,Thai,Lucknow,Area_13,2021,3.7,High,False,2020-06-22,Gold,Tier 1,1.9477309124670226
1405,Restaurant_1405,Chinese,Jaipur,Area_14,2021,4.6,Low,False,2021-09-21,Regular,Tier 2,1.724662298915614
1406,Restaurant_1406,Thai,Kolkata,Area_9,2023,4.4,High,False,2021-07-06,Bolt Partner,Tier 1,1.379646193557439
1407,Restaurant_1407,Italian,Chennai,Area_15,2022,3.7,High,False,2021-06-17,Regular,Tier 2,2.533232728339569
1408,Restaurant_1408,Chinese,Kolkata,Area_4,2010,4.5,Low,True,2021-05-22,Bolt Partner,Tier 1,2.26845540277823
1409,Restaurant_1409,Thai,Jaipur,Area_4,2010,3.3,Medium,True,2022-08-20,Gold,Tier 1,1.5529642234097414
1410,Restaurant_1410,North Indian,Gurgaon,Area_20,2011,3.5,Low,False,2022-03-28,Bolt Partner,Tier 1,2.7552420943036
1411,Restaurant_1411,Thai,Gurgaon,Area_10,2012,4.1,Medium,False,2021-04-23,Regular,Tier 2,1.122138146995148
1412,Restaurant_1412,North Indian,Mumbai,Area_14,2012,3.0,Low,False,2021-07-15,Gold,Tier 1,1.0611428743970361
1413,Restaurant_1413,Japanese,Mumbai,Area_20,2017,3.1,High,False,2021-08-29,Gold,Tier 1,1.1702107992312334
1414,Restaurant_1414,Japanese,Mumbai,Area_2,2010,4.0,Low,False,2021-10-07,Regular,Tier 2,1.02982671823478
1415,Restaurant_1415,South Indian,Kolkata,Area_2,2019,4.4,Low,True,2020-10-17,Bolt Partner,Tier 1,1.460468130151127
1416,Restaurant_1416,Fast Food,Ahmedabad,Area_19,2013,4.4,Low,False,2021-12-01,Bolt Partner,Tier 1,3.9716856545290846
1417,Restaurant_1417,Chinese,Pune,Area_20,2016,4.3,Low,False,2022-01-30,Gold,Tier 1,1.0202719487732466
1418,Restaurant_1418,Mexican,Hyderabad,Area_18,2013,3.2,Medium,False,2021-04-14,Gold,Tier 1,1.0672838252484593
1419,Restaurant_1419,Desserts,Ahmedabad,Area_5,2013,3.1,Low,False,2021-11-05,Toing Partner,Tier 3,1.3511034435086273
1420,Restaurant_1420,Chinese,Pune,Area_13,2021,4.9,Medium,False,2022-02-28,Toing Partner,Tier 3,3.8888143893211717
1421,Restaurant_1421,Japanese,Gurgaon,Area_6,2019,4.7,Low,False,2022-04-10,Bolt Partner,Tier 1,1.2092650828364568
1422,Restaurant_1422,Fast Food,Lucknow,Area_16,2010,3.6,Medium,False,2020-12-03,Bolt Partner,Tier 1,1.4245575180977608
1423,Restaurant_1423,Mughlai,Delhi,Area_15,2022,3.1,High,True,2021-04-05,Bolt Partner,Tier 1,1.0214578448161757
1424,Restaurant_1424,Fast Food,Kolkata,Area_5,2021,4.7,Low,False,2020-07-16,Bolt Partner,Tier 1,1.083596743179435
1425,Restaurant_1425,Bakery,Jaipur,Area_13,2010,4.2,High,True,2020-07-16,Gold,Tier 1,8.648410460509304
1426,Restaurant_1426,Fast Food,Hyderabad,Area_6,2010,3.6,Medium,False,2020-09-01,Regular,Tier 2,5.354311659048907
1427,Restaurant_1427,Chinese,Chennai,Area_1,2019,3.3,High,False,2021-10-30,Regular,Tier 2,1.0024791795827548
1428,Restaurant_1428,Chinese,Gurgaon,Area_4,2015,3.2,High,False,2022-02-17,Gold,Tier 1,4.555432147096476
1429,Restaurant_1429,Bakery,Noida,Area_16,2022,4.2,Low,False,2022-04-02,Regular,Tier 2,1.6646332131869235
1430,Restaurant_1430,American,Lucknow,Area_5,2016,4.4,High,True,2022-01-27,Regular,Tier 2,2.7515579636285756
1431,Restaurant_1431,Mexican,Delhi,Area_14,2016,4.6,Medium,False,2021-02-28,Regular,Tier 2,1.3542477505792565
1432,Restaurant_1432,Mexican,Noida,Area_6,2020,4.0,Medium,False,2020-12-12,Toing Partner,Tier 3,1.4367994479572461
1433,Restaurant_1433,Mexican,Mumbai,Area_15,2011,3.0,Low,True,2020-10-03,Regular,Tier 2,1.3986993229612594
1434,Restaurant_1434,Continental,Delhi,Area_11,2020,4.9,High,False,2022-08-12,Regular,Tier 2,1.732564392072738
1435,Restaurant_1435,Bakery,Gurgaon,Area_14,2014,4.8,High,True,2021-08-28,Toing Partner,Tier 3,1.078109158004404
1436,Restaurant_1436,Mexican,Pune,Area_16,2011,3.7,Medium,False,2020-05-11,Bolt Partner,Tier 1,1.0153323430336534
1437,Restaurant_1437,Japanese,Gurgaon,Area_9,2017,3.9,Medium,False,2020-12-11,Toing Partner,Tier 3,1.2020567452278381
1438,Restaurant_1438,Fast Food,Hyderabad,Area_20,2017,3.6,Medium,False,2020-11-26,Regular,Tier 2,1.84015383438548
1439,Restaurant_1439,Desserts,Bangalore,Area_11,2010,3.2,Medium,False,2021-08-28,Gold,Tier 1,1.1193313825956728
1440,Restaurant_1440,Bakery,Delhi,Area_14,2017,3.2,High,False,2020-10-16,Regular,Tier 2,1.7499009820798972
1441,Restaurant_1441,Healthy Food,Lucknow,Area_6,2022,4.2,High,True,2020-07-15,Regular,Tier 2,5.7650578889246455
1442,Restaurant_1442,American,Mumbai,Area_4,2020,3.0,Medium,True,2021-05-29,Toing Partner,Tier 3,1.0505388225310028
1443,Restaurant_1443,Italian,Hyderabad,Area_2,2011,4.4,Low,False,2022-07-20,Toing Partner,Tier 3,1.74768060791167
1444,Restaurant_1444,Italian,Jaipur,Area_10,2021,4.3,Medium,False,2021-12-12,Bolt Partner,Tier 1,1.3408033106174866
1445,Restaurant_1445,Italian,Noida,Area_9,2022,3.2,Low,False,2021-05-20,Bolt Partner,Tier 1,2.7538937273669744
1446,Restaurant_1446,Bakery,Mumbai,Area_7,2012,4.5,Medium,False,2020-06-09,Toing Partner,Tier 3,1.1024010233055512
1447,Restaurant_1447,Street Food,Lucknow,Area_11,2015,4.4,High,False,2020-04-06,Bolt Partner,Tier 1,1.803708707375842
1448,Restaurant_1448,South Indian,Ahmedabad,Area_8,2022,4.3,Medium,False,2021-05-15,Toing Partner,Tier 3,2.485404519478001
1449,Restaurant_1449,Healthy Food,Bangalore,Area_6,2023,4.8,High,True,2022-01-22,Gold,Tier 1,4.249138233085182
1450,Restaurant_1450,Chinese,Chennai,Area_2,2023,4.7,Low,True,2020-02-15,Bolt Partner,Tier 1,1.7768073273503773
1451,Restaurant_1451,Bakery,Gurgaon,Area_12,2017,3.2,High,False,2020-09-07,Gold,Tier 1,1.4102349282703335
1452,Restaurant_1452,South Indian,Pune,Area_1,2016,4.9,Low,False,2022-07-19,Toing Partner,Tier 3,1.617638593956085
1453,Restaurant_1453,Fast Food,Chennai,Area_12,2016,4.1,High,False,2020-08-04,Bolt Partner,Tier 1,2.7618933880203547
1454,Restaurant_1454,Bakery,Delhi,Area_13,2013,4.9,Medium,True,2020-01-18,Toing Partner,Tier 3,1.526068081219483
1455,Restaurant_1455,North Indian,Bangalore,Area_7,2020,4.0,High,False,2021-12-04,Bolt Partner,Tier 1,1.0155488028821409
1456,Restaurant_1456,South Indian,Noida,Area_6,2021,3.1,Medium,True,2021-06-18,Bolt Partner,Tier 1,3.805520416274103
1457,Restaurant_1457,Japanese,Ahmedabad,Area_5,2023,3.6,High,True,2021-05-27,Gold,Tier 1,1.7946836520668756
1458,Restaurant_1458,Continental,Mumbai,Area_12,2018,4.1,Medium,False,2021-06-17,Toing Partner,Tier 3,1.758214441043451
1459,Restaurant_1459,South Indian,Delhi,Area_17,2021,3.5,Low,True,2020-12-20,Bolt Partner,Tier 1,1.1291509730204052
1460,Restaurant_1460,Mexican,Ahmedabad,Area_13,2019,3.8,Medium,False,2020-05-06,Gold,Tier 1,1.712181856782176
1461,Restaurant_1461,Mughlai,Mumbai,Area_14,2017,4.7,Medium,True,2021-12-10,Regular,Tier 2,1.2844437977781011
1462,Restaurant_1462,Street Food,Pune,Area_12,2016,4.1,Medium,False,2022-04-10,Toing Partner,Tier 3,1.693293701197263
1463,Restaurant_1463,Continental,Lucknow,Area_15,2013,4.0,Medium,False,2022-06-20,Regular,Tier 2,1.0579748209102646
1464,Restaurant_1464,American,Gurgaon,Area_5,2010,3.5,High,True,2021-12-20,Toing Partner,Tier 3,1.709577320956062
1465,Restaurant_1465,South Indian,Mumbai,Area_18,2021,4.6,Low,False,2022-01-28,Gold,Tier 1,41.299956836781966
1466,Restaurant_1466,Fast Food,Ahmedabad,Area_20,2012,3.7,High,False,2021-12-20,Gold,Tier 1,1.0250142341270316
1467,Restaurant_1467,Italian,Bangalore,Area_17,2010,3.7,Medium,False,2022-05-15,Toing Partner,Tier 3,6.618915642337875
1468,Restaurant_1468,Healthy Food,Noida,Area_1,2021,3.3,High,True,2021-04-25,Gold,Tier 1,1.2984910262359708
1469,Restaurant_1469,Street Food,Hyderabad,Area_8,2023,3.1,Medium,False,2020-10-10,Bolt Partner,Tier 1,2.7815733768673683
1470,Restaurant_1470,Desserts,Pune,Area_20,2022,3.6,Low,False,2021-02-18,Regular,Tier 2,2.143660814427205
1471,Restaurant_1471,Chinese,Kolkata,Area_13,2022,4.0,Low,True,2022-06-05,Regular,Tier 2,1.5197221969091996
1472,Restaurant_1472,Street Food,Ahmedabad,Area_15,2018,3.5,High,True,2022-04-09,Toing Partner,Tier 3,1.9553386343257948
1473,Restaurant_1473,Continental,Chennai,Area_5,2011,4.9,Medium,False,2020-05-21,Gold,Tier 1,2.8690602883073852
1474,Restaurant_1474,Bakery,Bangalore,Area_13,2013,3.3,High,True,2020-08-10,Gold,Tier 1,1.2954719116677538
1475,Restaurant_1475,North Indian,Delhi,Area_16,2014,5.0,Low,False,2022-09-21,Regular,Tier 2,1.218998490752608
1476,Restaurant_1476,Continental,Bangalore,Area_16,2020,3.1,High,True,2022-06-08,Bolt Partner,Tier 1,1.7344635258579
1477,Restaurant_1477,Chinese,Mumbai,Area_5,2020,4.8,High,True,2021-09-01,Bolt Partner,Tier 1,2.2812622803140425
1478,Restaurant_1478,Japanese,Jaipur,Area_8,2022,4.5,Low,False,2020-12-12,Gold,Tier 1,2.0510291353182835
1479,Restaurant_1479,Chinese,Hyderabad,Area_12,2020,3.2,Medium,False,2022-03-18,Regular,Tier 2,2.223945205397289
1480,Restaurant_1480,Healthy Food,Gurgaon,Area_14,2011,3.7,Medium,False,2022-07-18,Bolt Partner,Tier 1,1.3310674953343509
1481,Restaurant_1481,Bakery,Chennai,Area_14,2017,4.8,High,False,2020-12-11,Regular,Tier 2,2.3429692920636556
1482,Restaurant_1482,Chinese,Ahmedabad,Area_19,2020,3.9,Low,True,2020-06-29,Gold,Tier 1,1.0661302258053624
1483,Restaurant_1483,Italian,Bangalore,Area_20,2018,3.1,Medium,True,2021-02-23,Toing Partner,Tier 3,1.4816670131905851
1484,Restaurant_1484,Chinese,Chennai,Area_2,2014,3.6,Low,True,2021-12-04,Bolt Partner,Tier 1,1.0028918260433854
1485,Restaurant_1485,Fast Food,Ahmedabad,Area_16,2011,3.7,High,False,2020-03-15,Regular,Tier 2,1.2167879945125488
1486,Restaurant_1486,Bakery,Jaipur,Area_11,2013,4.3,Low,False,2021-09-20,Regular,Tier 2,1.2563582789558716
1487,Restaurant_1487,North Indian,Delhi,Area_6,2022,3.4,High,False,2020-05-15,Bolt Partner,Tier 1,1.2868965151784186
1488,Restaurant_1488,Fast Food,Lucknow,Area_13,2021,4.4,High,True,2020-11-11,Bolt Partner,Tier 1,1.8121033655794834
1489,Restaurant_1489,Japanese,Bangalore,Area_10,2020,3.7,Medium,False,2020-10-11,Bolt Partner,Tier 1,1.278858229120642
1490,Restaurant_1490,Chinese,Bangalore,Area_18,2011,4.7,Low,False,2021-05-31,Regular,Tier 2,1.3468011912143953
1491,Restaurant_1491,South Indian,Bangalore,Area_8,2020,3.4,Low,False,2022-05-13,Toing Partner,Tier 3,1.1452298100861733
1492,Restaurant_1492,American,Gurgaon,Area_12,2016,4.5,Medium,False,2022-09-06,Toing Partner,Tier 3,1.2631457041773508
1493,Restaurant_1493,Bakery,Pune,Area_19,2012,4.0,Low,False,2022-01-22,Regular,Tier 2,1.1375906361113002
1494,Restaurant_1494,Mexican,Kolkata,Area_14,2018,3.6,Medium,False,2022-03-16,Bolt Partner,Tier 1,1.0387380304905671
1495,Restaurant_1495,Fast Food,Pune,Area_7,2013,4.6,Medium,False,2020-07-06,Toing Partner,Tier 3,1.5879991025170968
1496,Restaurant_1496,Bakery,Ahmedabad,Area_13,2016,3.2,High,True,2020-04-11,Toing Partner,Tier 3,1.7360818044995967
1497,Restaurant_1497,Healthy Food,Lucknow,Area_8,2017,4.4,High,False,2021-02-18,Bolt Partner,Tier 1,1.6211274517920184
1498,Restaurant_1498,Mughlai,Gurgaon,Area_13,2020,3.5,Medium,False,2022-02-14,Gold,Tier 1,1.365251700363068
1499,Restaurant_1499,Japanese,Gurgaon,Area_4,2010,3.4,High,False,2020-08-22,Regular,Tier 2,1.2697819240631185
1500,Restaurant_1500,Thai,Mumbai,Area_16,2010,4.4,Medium,False,2020-01-26,Gold,Tier 1,2.7050120336221295
1501,Restaurant_1501,Desserts,Gurgaon,Area_8,2014,4.5,Medium,True,2020-02-12,Toing Partner,Tier 3,1.44199709947477
1502,Restaurant_1502,Healthy Food,Pune,Area_1,2018,4.8,Medium,False,2020-03-19,Bolt Partner,Tier 1,1.3856608803498507
1503,Restaurant_1503,Continental,Lucknow,Area_17,2012,4.7,Low,False,2021-07-22,Regular,Tier 2,1.0130729910061504
1504,Restaurant_1504,Mexican,Noida,Area_18,2011,3.2,Low,False,2021-08-23,Toing Partner,Tier 3,1.2320801757406088
1505,Restaurant_1505,South Indian,Kolkata,Area_9,2016,4.8,High,False,2022-02-12,Bolt Partner,Tier 1,1.270201669123494
1506,Restaurant_1506,American,Mumbai,Area_9,2014,4.5,High,False,2022-07-26,Toing Partner,Tier 3,1.2897298232525611
1507,Restaurant_1507,Mughlai,Delhi,Area_17,2020,4.6,High,False,2022-01-17,Toing Partner,Tier 3,1.5433502298431743
1508,Restaurant_1508,Mexican,Hyderabad,Area_20,2013,4.3,Low,True,2020-03-09,Regular,Tier 2,1.464272529400095
1509,Restaurant_1509,Continental,Ahmedabad,Area_9,2014,3.3,Low,False,2020-03-27,Bolt Partner,Tier 1,1.5969980994186725
1510,Restaurant_1510,Japanese,Hyderabad,Area_16,2012,4.4,Medium,False,2020-07-22,Regular,Tier 2,2.0623303151368972
1511,Restaurant_1511,Desserts,Jaipur,Area_7,2010,3.2,High,False,2020-10-04,Regular,Tier 2,2.3123982761443624
1512,Restaurant_1512,Italian,Pune,Area_15,2018,4.3,Low,False,2021-02-05,Bolt Partner,Tier 1,1.8835200099690557
1513,Restaurant_1513,American,Delhi,Area_2,2019,3.3,High,True,2020-07-03,Toing Partner,Tier 3,4.741717266009962
1514,Restaurant_1514,Thai,Ahmedabad,Area_19,2021,4.1,Low,False,2020-02-28,Regular,Tier 2,1.0092428762748271
1515,Restaurant_1515,Desserts,Pune,Area_2,2023,4.6,High,False,2020-09-04,Toing Partner,Tier 3,1.1150953928256455
1516,Restaurant_1516,Thai,Delhi,Area_5,2020,3.7,Medium,False,2020-09-03,Gold,Tier 1,1.0038030224734646
1517,Restaurant_1517,South Indian,Hyderabad,Area_10,2020,3.9,Low,False,2020-11-24,Gold,Tier 1,1.68424343538777
1518,Restaurant_1518,Healthy Food,Pune,Area_8,2012,4.2,Medium,True,2021-05-05,Gold,Tier 1,3.131590445445405
1519,Restaurant_1519,South Indian,Ahmedabad,Area_1,2023,3.6,Medium,False,2021-03-19,Regular,Tier 2,1.1497156743823673
1520,Restaurant_1520,North Indian,Ahmedabad,Area_10,2023,5.0,Medium,True,2020-10-13,Bolt Partner,Tier 1,3.7020420881312184
1521,Restaurant_1521,Continental,Jaipur,Area_20,2022,3.3,Medium,True,2020-10-18,Toing Partner,Tier 3,1.0315679754492364
1522,Restaurant_1522,Mughlai,Chennai,Area_10,2022,3.7,High,True,2021-11-16,Bolt Partner,Tier 1,3.905416600624549
1523,Restaurant_1523,American,Gurgaon,Area_6,2016,4.5,Medium,False,2020-10-04,Gold,Tier 1,1.241898478277787
1524,Restaurant_1524,Chinese,Bangalore,Area_2,2010,4.2,Low,True,2021-10-05,Toing Partner,Tier 3,1.054925586899616
1525,Restaurant_1525,American,Pune,Area_15,2014,4.5,High,False,2021-02-28,Gold,Tier 1,1.3946469132432675
1526,Restaurant_1526,Japanese,Mumbai,Area_10,2014,3.9,High,False,2021-08-09,Gold,Tier 1,1.1599527616100074
1527,Restaurant_1527,Street Food,Lucknow,Area_7,2018,4.3,Low,False,2022-04-25,Regular,Tier 2,1.1825196945973036
1528,Restaurant_1528,Healthy Food,Bangalore,Area_11,2019,3.8,Low,True,2021-04-12,Bolt Partner,Tier 1,1.2015013425403327
1529,Restaurant_1529,Bakery,Chennai,Area_13,2019,3.2,High,False,2022-05-05,Gold,Tier 1,2.2531776527476945
1530,Restaurant_1530,Japanese,Chennai,Area_7,2010,3.5,Medium,False,2020-05-04,Toing Partner,Tier 3,1.4730772337547888
1531,Restaurant_1531,Continental,Lucknow,Area_17,2021,3.7,High,False,2021-10-05,Bolt Partner,Tier 1,1.2050009410259674
1532,Restaurant_1532,Mexican,Chennai,Area_6,2018,3.7,Low,False,2021-12-30,Bolt Partner,Tier 1,1.6019672103289775
1533,Restaurant_1533,American,Bangalore,Area_19,2011,3.3,Low,True,2020-10-21,Toing Partner,Tier 3,1.8769645338939094
1534,Restaurant_1534,Continental,Hyderabad,Area_12,2015,3.7,Medium,False,2020-02-21,Toing Partner,Tier 3,1.1725206945329396
1535,Restaurant_1535,Bakery,Kolkata,Area_6,2013,3.9,Medium,True,2020-04-22,Gold,Tier 1,1.3058225738328333
1536,Restaurant_1536,Street Food,Lucknow,Area_14,2017,4.2,High,False,2021-10-04,Regular,Tier 2,1.0671477976749393
1537,Restaurant_1537,Bakery,Bangalore,Area_5,2023,4.1,Low,False,2020-04-22,Bolt Partner,Tier 1,1.1050900046902867
1538,Restaurant_1538,Fast Food,Bangalore,Area_7,2014,3.0,Low,False,2022-02-21,Gold,Tier 1,1.7708627307045512
1539,Restaurant_1539,Healthy Food,Lucknow,Area_3,2012,3.6,Medium,False,2020-06-30,Regular,Tier 2,1.1052850668424916
1540,Restaurant_1540,South Indian,Hyderabad,Area_6,2010,3.6,Low,False,2022-01-26,Regular,Tier 2,1.451202103497516
1541,Restaurant_1541,Healthy Food,Delhi,Area_6,2019,3.8,High,False,2020-11-18,Gold,Tier 1,1.8539073627106792
1542,Restaurant_1542,Continental,Delhi,Area_16,2018,3.6,Medium,False,2020-11-23,Gold,Tier 1,1.058142954263865
1543,Restaurant_1543,North Indian,Hyderabad,Area_2,2021,4.8,High,False,2021-10-13,Bolt Partner,Tier 1,1.520241853406451
1544,Restaurant_1544,Healthy Food,Mumbai,Area_18,2014,3.8,Medium,False,2022-06-21,Toing Partner,Tier 3,1.1597859706639404
1545,Restaurant_1545,Mexican,Noida,Area_13,2018,4.4,Medium,False,2022-04-06,Bolt Partner,Tier 1,5.193622787311874
1546,Restaurant_1546,Bakery,Jaipur,Area_11,2015,4.3,High,False,2022-07-27,Gold,Tier 1,1.3915026211426254
1547,Restaurant_1547,Chinese,Mumbai,Area_5,2016,3.1,High,True,2020-01-10,Bolt Partner,Tier 1,2.2703394521773546
1548,Restaurant_1548,Street Food,Noida,Area_7,2023,3.0,Low,False,2020-02-17,Toing Partner,Tier 3,1.4910873590775033
1549,Restaurant_1549,Mexican,Bangalore,Area_19,2021,4.3,Low,False,2021-07-09,Bolt Partner,Tier 1,1.0224395880931934
1550,Restaurant_1550,Healthy Food,Kolkata,Area_1,2013,3.4,Low,False,2022-06-27,Toing Partner,Tier 3,1.6510360365212853
1551,Restaurant_1551,American,Gurgaon,Area_11,2021,4.9,Medium,False,2022-09-06,Bolt Partner,Tier 1,4.5362480971216534
1552,Restaurant_1552,Continental,Hyderabad,Area_13,2014,3.1,High,False,2020-09-10,Bolt Partner,Tier 1,1.5843341293234332
1553,Restaurant_1553,Italian,Chennai,Area_15,2018,3.2,Medium,True,2020-02-13,Bolt Partner,Tier 1,2.3517297173818217
1554,Restaurant_1554,Desserts,Mumbai,Area_1,2013,3.2,High,False,2022-09-18,Regular,Tier 2,2.9387175099616765
1555,Restaurant_1555,Japanese,Gurgaon,Area_11,2012,4.6,High,True,2020-09-30,Bolt Partner,Tier 1,1.1381874408647288
1556,Restaurant_1556,South Indian,Mumbai,Area_19,2023,4.6,Medium,False,2020-08-17,Regular,Tier 2,1.1265468252973732
1557,Restaurant_1557,South Indian,Kolkata,Area_4,2021,4.5,Low,False,2021-12-23,Gold,Tier 1,1.603299241867125
1558,Restaurant_1558,Healthy Food,Gurgaon,Area_3,2020,4.8,High,False,2022-07-25,Gold,Tier 1,1.303025301931033
1559,Restaurant_1559,Mexican,Delhi,Area_1,2012,3.4,Medium,False,2020-12-31,Regular,Tier 2,2.4989171326138653
1560,Restaurant_1560,Mexican,Ahmedabad,Area_18,2015,3.2,Low,False,2022-07-15,Gold,Tier 1,3.162643336612005
1561,Restaurant_1561,Chinese,Jaipur,Area_9,2015,4.9,Low,True,2022-08-16,Toing Partner,Tier 3,1.2436246732803182
1562,Restaurant_1562,Mughlai,Ahmedabad,Area_4,2015,4.1,Medium,True,2020-12-08,Toing Partner,Tier 3,1.144724283192962
1563,Restaurant_1563,Japanese,Hyderabad,Area_12,2022,3.4,High,False,2020-03-29,Bolt Partner,Tier 1,2.1345581033329983
1564,Restaurant_1564,Desserts,Chennai,Area_3,2015,5.0,Medium,False,2020-01-20,Gold,Tier 1,1.1742833673069752
1565,Restaurant_1565,Healthy Food,Noida,Area_15,2014,4.4,High,False,2022-02-25,Toing Partner,Tier 3,2.3743280301029013
1566,Restaurant_1566,Italian,Delhi,Area_17,2013,3.7,High,False,2020-08-06,Regular,Tier 2,1.3173164177756334
1567,Restaurant_1567,Chinese,Bangalore,Area_1,2019,3.6,High,True,2020-01-06,Regular,Tier 2,1.734350083540738
1568,Restaurant_1568,Healthy Food,Gurgaon,Area_8,2015,4.8,Medium,False,2021-05-22,Gold,Tier 1,1.0514876896199823
1569,Restaurant_1569,Mexican,Jaipur,Area_9,2010,3.5,High,True,2021-08-17,Gold,Tier 1,1.6305151935352156
1570,Restaurant_1570,Mughlai,Lucknow,Area_11,2015,3.6,High,True,2020-10-05,Regular,Tier 2,1.3505718143833638
1571,Restaurant_1571,Chinese,Hyderabad,Area_15,2010,4.7,Low,False,2021-08-06,Bolt Partner,Tier 1,1.5553180399747701
1572,Restaurant_1572,Continental,Pune,Area_2,2022,3.6,Medium,True,2021-10-01,Gold,Tier 1,1.0963318849932855
1573,Restaurant_1573,Fast Food,Kolkata,Area_19,2021,3.8,Low,False,2021-12-20,Bolt Partner,Tier 1,1.9494760660062682
1574,Restaurant_1574,Mughlai,Lucknow,Area_6,2018,3.4,Low,False,2020-10-25,Bolt Partner,Tier 1,2.6997174829900157
1575,Restaurant_1575,Bakery,Mumbai,Area_8,2011,4.8,Medium,False,2021-02-25,Regular,Tier 2,1.1299181125678246
1576,Restaurant_1576,Fast Food,Jaipur,Area_12,2023,3.3,Medium,True,2022-04-14,Gold,Tier 1,1.0515918940437559
1577,Restaurant_1577,Chinese,Lucknow,Area_16,2020,3.6,Medium,False,2021-03-20,Gold,Tier 1,1.0120330515494333
1578,Restaurant_1578,North Indian,Kolkata,Area_2,2010,4.1,High,False,2021-06-02,Bolt Partner,Tier 1,1.6712491553350508
1579,Restaurant_1579,Italian,Gurgaon,Area_12,2021,4.7,Low,True,2022-08-22,Toing Partner,Tier 3,1.5953489450926683
1580,Restaurant_1580,Mughlai,Hyderabad,Area_6,2011,4.0,Low,False,2021-10-16,Regular,Tier 2,1.485271682488407
1581,Restaurant_1581,Desserts,Pune,Area_1,2015,3.5,Low,False,2022-09-23,Bolt Partner,Tier 1,1.1410493614016894
1582,Restaurant_1582,Japanese,Ahmedabad,Area_16,2016,4.4,High,False,2022-02-21,Regular,Tier 2,1.28132068675448
1583,Restaurant_1583,Healthy Food,Pune,Area_9,2016,4.4,High,True,2021-01-15,Toing Partner,Tier 3,1.5703335103411071
1584,Restaurant_1584,Mughlai,Lucknow,Area_14,2015,3.9,Medium,True,2020-07-14,Bolt Partner,Tier 1,1.4096632660948167
1585,Restaurant_1585,Street Food,Hyderabad,Area_17,2014,3.0,Low,True,2021-02-12,Toing Partner,Tier 3,9.048206684710312
1586,Restaurant_1586,Thai,Chennai,Area_7,2015,3.7,Low,False,2020-11-01,Regular,Tier 2,1.0761025956461354
1587,Restaurant_1587,North Indian,Noida,Area_15,2021,3.8,High,True,2021-07-22,Regular,Tier 2,1.8111441655193963
1588,Restaurant_1588,Fast Food,Ahmedabad,Area_20,2017,4.1,High,True,2021-01-08,Toing Partner,Tier 3,1.2956659374698483
1589,Restaurant_1589,Chinese,Mumbai,Area_2,2019,3.8,High,False,2021-11-21,Regular,Tier 2,1.322445485128514
1590,Restaurant_1590,Continental,Chennai,Area_14,2022,4.9,High,False,2022-01-15,Regular,Tier 2,1.881767379503668
1591,Restaurant_1591,Street Food,Mumbai,Area_6,2010,3.4,Low,False,2020-11-17,Gold,Tier 1,1.80315207763331
1592,Restaurant_1592,Continental,Lucknow,Area_8,2014,3.7,Low,True,2021-11-04,Bolt Partner,Tier 1,10.69411300843307
1593,Restaurant_1593,Italian,Bangalore,Area_19,2020,3.3,Medium,False,2020-06-07,Bolt Partner,Tier 1,1.0711245330550965
1594,Restaurant_1594,Bakery,Lucknow,Area_15,2023,3.9,High,True,2021-06-06,Bolt Partner,Tier 1,1.056507466255204
1595,Restaurant_1595,Desserts,Lucknow,Area_10,2022,4.8,High,False,2021-03-22,Regular,Tier 2,1.9046368925716046
1596,Restaurant_1596,Chinese,Ahmedabad,Area_11,2019,3.5,Low,False,2020-04-01,Bolt Partner,Tier 1,1.5400788635842546
1597,Restaurant_1597,Desserts,Gurgaon,Area_5,2017,3.5,Low,False,2021-05-15,Toing Partner,Tier 3,1.1737612031271052
1598,Restaurant_1598,Fast Food,Noida,Area_4,2020,3.4,High,False,2021-01-06,Bolt Partner,Tier 1,1.0422432315411763
1599,Restaurant_1599,Japanese,Chennai,Area_20,2018,3.7,Medium,True,2020-03-26,Bolt Partner,Tier 1,1.0457929855919952
1600,Restaurant_1600,Japanese,Jaipur,Area_9,2023,4.9,Low,False,2021-09-14,Regular,Tier 2,3.074244734313441
1601,Restaurant_1601,Fast Food,Kolkata,Area_19,2020,4.0,Low,True,2020-03-25,Bolt Partner,Tier 1,1.1123940737629747
1602,Restaurant_1602,Mughlai,Noida,Area_4,2014,4.5,Medium,False,2021-06-01,Gold,Tier 1,1.2156956890067974
1603,Restaurant_1603,South Indian,Hyderabad,Area_11,2012,4.2,Medium,True,2021-12-04,Toing Partner,Tier 3,1.1371395187770192
1604,Restaurant_1604,Mughlai,Hyderabad,Area_12,2016,3.6,Medium,False,2022-06-08,Bolt Partner,Tier 1,1.2451420470259718
1605,Restaurant_1605,Street Food,Bangalore,Area_11,2023,4.7,Medium,False,2020-05-31,Bolt Partner,Tier 1,1.036630635706521
1606,Restaurant_1606,Fast Food,Kolkata,Area_17,2022,3.1,High,False,2020-03-06,Gold,Tier 1,1.441964126586543
1607,Restaurant_1607,Japanese,Jaipur,Area_4,2012,4.0,Low,True,2022-04-04,Bolt Partner,Tier 1,1.035623253927397
1608,Restaurant_1608,Bakery,Gurgaon,Area_10,2023,3.5,High,False,2021-10-02,Bolt Partner,Tier 1,2.23806358514624
1609,Restaurant_1609,Italian,Delhi,Area_1,2019,3.8,High,False,2020-08-13,Regular,Tier 2,1.1423626912405747
1610,Restaurant_1610,North Indian,Chennai,Area_7,2021,4.6,Low,True,2020-08-29,Bolt Partner,Tier 1,1.4744386566220415
1611,Restaurant_1611,Japanese,Chennai,Area_17,2022,3.5,High,False,2021-12-05,Gold,Tier 1,2.8877030919381066
1612,Restaurant_1612,Bakery,Lucknow,Area_7,2018,4.8,Low,False,2022-02-15,Toing Partner,Tier 3,1.6924311071755913
1613,Restaurant_1613,Healthy Food,Mumbai,Area_16,2011,3.7,Low,False,2022-04-28,Regular,Tier 2,1.4632614530462231
1614,Restaurant_1614,Japanese,Noida,Area_3,2011,3.4,Low,True,2022-07-17,Toing Partner,Tier 3,1.2165609944068259
1615,Restaurant_1615,Mughlai,Lucknow,Area_19,2011,3.4,High,False,2021-07-17,Gold,Tier 1,1.224440555888573
1616,Restaurant_1616,Healthy Food,Gurgaon,Area_19,2012,4.7,Low,True,2020-03-30,Gold,Tier 1,1.7394249590233348
1617,Restaurant_1617,Thai,Hyderabad,Area_6,2012,4.5,Medium,True,2022-08-24,Regular,Tier 2,13.062536674700366
1618,Restaurant_1618,Fast Food,Chennai,Area_14,2016,5.0,Low,False,2021-12-06,Toing Partner,Tier 3,1.7196432619703665
1619,Restaurant_1619,American,Jaipur,Area_17,2019,4.2,Medium,False,2022-05-11,Gold,Tier 1,1.5037737100796933
1620,Restaurant_1620,Mughlai,Hyderabad,Area_3,2022,4.0,Low,False,2021-10-26,Regular,Tier 2,1.926823442212751
1621,Restaurant_1621,North Indian,Gurgaon,Area_15,2016,4.0,High,True,2021-11-28,Bolt Partner,Tier 1,1.3674346469277454
1622,Restaurant_1622,Chinese,Bangalore,Area_8,2021,3.1,Medium,False,2021-04-25,Gold,Tier 1,1.031499348311337
1623,Restaurant_1623,Chinese,Mumbai,Area_19,2020,3.3,Low,False,2021-08-20,Gold,Tier 1,1.511506945108461
1624,Restaurant_1624,South Indian,Gurgaon,Area_18,2016,3.7,High,False,2022-02-24,Regular,Tier 2,4.857877983475169
1625,Restaurant_1625,Street Food,Chennai,Area_18,2020,4.5,Low,False,2020-12-03,Bolt Partner,Tier 1,1.1011659593332102
1626,Restaurant_1626,Thai,Ahmedabad,Area_17,2012,4.4,Low,True,2021-11-13,Bolt Partner,Tier 1,1.796067188456732
1627,Restaurant_1627,Bakery,Mumbai,Area_16,2023,3.4,Low,False,2021-03-05,Regular,Tier 2,1.118686995188517
1628,Restaurant_1628,Continental,Lucknow,Area_4,2015,3.1,High,False,2021-10-09,Bolt Partner,Tier 1,1.4677780299643446
1629,Restaurant_1629,Bakery,Lucknow,Area_5,2010,5.0,High,False,2020-02-11,Bolt Partner,Tier 1,1.0521516330945064
1630,Restaurant_1630,Chinese,Lucknow,Area_10,2017,4.8,Low,False,2020-03-30,Gold,Tier 1,1.348854655370146
1631,Restaurant_1631,Mughlai,Kolkata,Area_11,2019,3.1,Medium,True,2020-11-01,Gold,Tier 1,2.0251187266236306
1632,Restaurant_1632,American,Bangalore,Area_15,2019,4.3,Medium,True,2020-09-30,Toing Partner,Tier 3,1.238036777168897
1633,Restaurant_1633,Continental,Noida,Area_4,2017,4.4,Medium,False,2020-05-05,Regular,Tier 2,1.7275092590419237
1634,Restaurant_1634,North Indian,Lucknow,Area_15,2020,4.2,Medium,False,2020-07-18,Regular,Tier 2,2.211058414469356
1635,Restaurant_1635,Continental,Delhi,Area_19,2012,3.8,Low,False,2022-08-08,Regular,Tier 2,3.705682107354849
1636,Restaurant_1636,Chinese,Ahmedabad,Area_5,2020,4.1,Low,False,2020-06-26,Bolt Partner,Tier 1,1.1430565330865787
1637,Restaurant_1637,Continental,Mumbai,Area_3,2019,4.9,High,True,2021-09-29,Gold,Tier 1,1.2902591200489673
1638,Restaurant_1638,Desserts,Mumbai,Area_3,2016,3.7,Low,False,2020-06-11,Regular,Tier 2,1.0861970738274067
1639,Restaurant_1639,Bakery,Jaipur,Area_15,2011,3.3,High,False,2021-12-13,Gold,Tier 1,11.534326253386675
1640,Restaurant_1640,Continental,Bangalore,Area_20,2021,4.6,High,False,2020-09-26,Bolt Partner,Tier 1,3.7011905885508174
1641,Restaurant_1641,Healthy Food,Mumbai,Area_7,2020,4.2,Medium,True,2020-04-11,Bolt Partner,Tier 1,1.4743508620540982
1642,Restaurant_1642,Healthy Food,Delhi,Area_1,2016,3.0,Medium,False,2022-02-28,Toing Partner,Tier 3,2.516038135786079
1643,Restaurant_1643,Mexican,Kolkata,Area_16,2020,3.0,Medium,False,2021-12-03,Regular,Tier 2,1.4448181669839897
1644,Restaurant_1644,Japanese,Ahmedabad,Area_6,2020,4.2,Low,False,2021-11-13,Toing Partner,Tier 3,1.6299224293181056
1645,Restaurant_1645,Japanese,Delhi,Area_2,2018,5.0,Medium,False,2021-05-01,Regular,Tier 2,1.0477808901668553
1646,Restaurant_1646,Japanese,Kolkata,Area_4,2020,4.7,High,True,2021-04-13,Bolt Partner,Tier 1,2.0214209760137978
1647,Restaurant_1647,Japanese,Ahmedabad,Area_7,2015,3.1,Low,False,2021-05-24,Gold,Tier 1,1.0707064535912838
1648,Restaurant_1648,North Indian,Chennai,Area_6,2010,4.8,Medium,True,2021-01-31,Regular,Tier 2,2.3977825373088093
1649,Restaurant_1649,Healthy Food,Delhi,Area_1,2020,4.0,Medium,True,2021-04-21,Gold,Tier 1,2.1419026729094632
1650,Restaurant_1650,South Indian,Noida,Area_3,2021,4.1,Low,True,2021-03-05,Bolt Partner,Tier 1,1.8529473519102992
1651,Restaurant_1651,American,Ahmedabad,Area_15,2020,4.3,High,False,2021-10-05,Bolt Partner,Tier 1,1.0185857891597083
1652,Restaurant_1652,Chinese,Ahmedabad,Area_5,2012,4.2,Medium,True,2021-06-25,Gold,Tier 1,1.197908380861901
1653,Restaurant_1653,Fast Food,Chennai,Area_14,2021,3.0,High,False,2021-06-15,Gold,Tier 1,1.1649289168649404
1654,Restaurant_1654,Fast Food,Gurgaon,Area_13,2014,3.5,Low,False,2021-11-13,Toing Partner,Tier 3,1.2501332317192078
1655,Restaurant_1655,Chinese,Gurgaon,Area_8,2019,4.6,Medium,False,2022-05-22,Gold,Tier 1,1.0469297365102592
1656,Restaurant_1656,Bakery,Mumbai,Area_20,2019,4.6,Medium,False,2022-04-17,Toing Partner,Tier 3,3.98276240618668
1657,Restaurant_1657,Bakery,Ahmedabad,Area_20,2011,3.8,High,True,2021-09-22,Gold,Tier 1,1.49705000653952
1658,Restaurant_1658,Healthy Food,Mumbai,Area_4,2010,4.7,Medium,False,2020-08-30,Regular,Tier 2,1.1999730053194506
1659,Restaurant_1659,Mughlai,Pune,Area_7,2018,3.0,High,True,2020-08-04,Gold,Tier 1,1.2877592796755002
1660,Restaurant_1660,Mughlai,Pune,Area_2,2011,3.2,Medium,True,2020-03-23,Toing Partner,Tier 3,1.344983575051095
1661,Restaurant_1661,Healthy Food,Noida,Area_10,2019,4.7,Medium,False,2020-11-23,Gold,Tier 1,1.5823147951558163
1662,Restaurant_1662,Japanese,Gurgaon,Area_17,2020,3.7,Medium,False,2022-02-19,Toing Partner,Tier 3,1.4369231497514556
1663,Restaurant_1663,Bakery,Noida,Area_3,2015,3.3,Medium,False,2022-01-14,Toing Partner,Tier 3,3.5221743897541575
1664,Restaurant_1664,Italian,Ahmedabad,Area_14,2011,4.7,Medium,True,2021-08-07,Regular,Tier 2,1.4099387397499734
1665,Restaurant_1665,Chinese,Lucknow,Area_2,2018,3.4,Low,False,2020-10-31,Gold,Tier 1,11.292419192666621
1666,Restaurant_1666,American,Chennai,Area_4,2011,3.4,Medium,True,2020-05-24,Gold,Tier 1,2.5943410575961505
1667,Restaurant_1667,Desserts,Gurgaon,Area_1,2022,4.6,High,False,2020-11-15,Bolt Partner,Tier 1,1.124028764031836
1668,Restaurant_1668,North Indian,Lucknow,Area_6,2010,3.7,Medium,True,2021-01-26,Toing Partner,Tier 3,3.7958172252798246
1669,Restaurant_1669,Bakery,Noida,Area_3,2020,3.6,High,True,2020-09-07,Bolt Partner,Tier 1,1.0638095598060089
1670,Restaurant_1670,Street Food,Lucknow,Area_1,2023,3.5,High,False,2022-02-26,Regular,Tier 2,2.3405004803815297
1671,Restaurant_1671,Thai,Noida,Area_8,2019,4.7,Medium,False,2021-07-12,Regular,Tier 2,1.2706401255249893
1672,Restaurant_1672,Healthy Food,Chennai,Area_13,2021,4.8,High,False,2022-09-16,Regular,Tier 2,2.8626904062104943
1673,Restaurant_1673,American,Mumbai,Area_9,2023,4.9,High,False,2020-03-09,Gold,Tier 1,2.7530006425980207
1674,Restaurant_1674,South Indian,Noida,Area_17,2011,3.7,High,True,2020-01-30,Gold,Tier 1,2.2699466503728085
1675,Restaurant_1675,South Indian,Hyderabad,Area_3,2016,4.9,Medium,False,2020-01-19,Regular,Tier 2,2.1823370563781586
1676,Restaurant_1676,Chinese,Bangalore,Area_20,2013,3.1,Low,False,2021-06-29,Bolt Partner,Tier 1,1.1992434921626394
1677,Restaurant_1677,Healthy Food,Lucknow,Area_12,2012,3.4,High,True,2020-08-29,Bolt Partner,Tier 1,1.0430933407671583
1678,Restaurant_1678,Chinese,Gurgaon,Area_9,2019,3.3,Medium,False,2021-02-07,Regular,Tier 2,1.2942126039258959
1679,Restaurant_1679,Desserts,Chennai,Area_12,2020,3.6,High,False,2021-05-29,Gold,Tier 1,1.0999805652385928
1680,Restaurant_1680,Healthy Food,Ahmedabad,Area_11,2014,4.5,High,False,2022-05-30,Regular,Tier 2,1.8105697513361907
1681,Restaurant_1681,Thai,Gurgaon,Area_7,2020,3.4,High,True,2020-05-22,Regular,Tier 2,1.2366427066741892
1682,Restaurant_1682,Mexican,Kolkata,Area_3,2019,3.4,Low,True,2022-06-14,Toing Partner,Tier 3,6.4031826195377795
1683,Restaurant_1683,Japanese,Delhi,Area_17,2014,4.1,Medium,False,2022-07-25,Bolt Partner,Tier 1,1.6689214129602243
1684,Restaurant_1684,Mexican,Chennai,Area_13,2016,3.7,Medium,False,2022-05-23,Gold,Tier 1,2.373433373694471
1685,Restaurant_1685,Continental,Gurgaon,Area_17,2011,4.1,Low,False,2022-09-05,Bolt Partner,Tier 1,1.0736715225523799
1686,Restaurant_1686,Thai,Pune,Area_19,2011,3.0,Medium,True,2021-09-12,Regular,Tier 2,2.6920507712911923
1687,Restaurant_1687,Italian,Delhi,Area_12,2016,4.4,Low,False,2020-04-05,Bolt Partner,Tier 1,3.5980812753474027
1688,Restaurant_1688,Bakery,Ahmedabad,Area_1,2010,4.9,Low,False,2020-04-17,Toing Partner,Tier 3,1.3962639609960155
1689,Restaurant_1689,Chinese,Hyderabad,Area_13,2017,3.2,High,True,2020-03-20,Regular,Tier 2,1.5936440908435954
1690,Restaurant_1690,Desserts,Pune,Area_14,2020,4.9,Low,True,2021-02-02,Toing Partner,Tier 3,2.062008210016057
1691,Restaurant_1691,Chinese,Delhi,Area_11,2012,3.5,High,False,2021-03-18,Regular,Tier 2,1.1008561048359147
1692,Restaurant_1692,Bakery,Jaipur,Area_14,2011,3.5,Medium,True,2021-04-18,Regular,Tier 2,1.4178565708798718
1693,Restaurant_1693,Mexican,Ahmedabad,Area_10,2021,4.8,Low,True,2022-09-11,Bolt Partner,Tier 1,1.2895584949751746
1694,Restaurant_1694,North Indian,Ahmedabad,Area_11,2010,3.8,Low,False,2020-10-07,Bolt Partner,Tier 1,1.08234616021747
1695,Restaurant_1695,South Indian,Chennai,Area_11,2016,4.1,Low,False,2021-10-13,Gold,Tier 1,1.2574234435130058
1696,Restaurant_1696,Continental,Bangalore,Area_2,2019,4.0,Medium,True,2022-05-21,Gold,Tier 1,1.0359342549514894
1697,Restaurant_1697,North Indian,Gurgaon,Area_17,2021,3.7,Low,True,2022-04-29,Bolt Partner,Tier 1,1.0131612973493074
1698,Restaurant_1698,Italian,Ahmedabad,Area_2,2013,3.4,High,False,2020-01-20,Bolt Partner,Tier 1,1.0753100258750479
1699,Restaurant_1699,North Indian,Bangalore,Area_10,2022,3.2,High,False,2022-04-13,Bolt Partner,Tier 1,5.206858349697922
1700,Restaurant_1700,Fast Food,Noida,Area_1,2017,4.5,Low,False,2020-11-16,Bolt Partner,Tier 1,1.4899333438403222
1701,Restaurant_1701,Mughlai,Mumbai,Area_18,2012,3.2,Medium,False,2021-11-16,Gold,Tier 1,5.4091335122801345
1702,Restaurant_1702,Thai,Bangalore,Area_3,2018,4.1,Low,False,2020-10-17,Regular,Tier 2,1.3274441417941247
1703,Restaurant_1703,Continental,Kolkata,Area_7,2022,4.1,Medium,False,2021-05-01,Bolt Partner,Tier 1,1.2054459894168774
1704,Restaurant_1704,Japanese,Hyderabad,Area_8,2013,4.5,Medium,False,2020-06-30,Gold,Tier 1,1.422980317599891
1705,Restaurant_1705,Chinese,Chennai,Area_11,2014,3.9,Low,False,2021-10-04,Toing Partner,Tier 3,1.3357239711045037
1706,Restaurant_1706,Japanese,Ahmedabad,Area_15,2016,4.6,High,True,2022-04-01,Gold,Tier 1,1.0574255740357932
1707,Restaurant_1707,Thai,Kolkata,Area_11,2016,4.0,High,False,2021-02-25,Regular,Tier 2,1.66858273126892
1708,Restaurant_1708,Street Food,Chennai,Area_15,2020,3.8,High,False,2021-02-08,Bolt Partner,Tier 1,1.1294123813893209
1709,Restaurant_1709,Continental,Delhi,Area_10,2011,3.8,Low,False,2021-09-01,Regular,Tier 2,1.6213354187862277
1710,Restaurant_1710,North Indian,Mumbai,Area_16,2012,3.3,Low,False,2022-09-04,Bolt Partner,Tier 1,1.6907943019321252
1711,Restaurant_1711,Street Food,Delhi,Area_12,2013,4.4,High,False,2020-09-30,Gold,Tier 1,1.0859465204491414
1712,Restaurant_1712,Desserts,Hyderabad,Area_3,2013,3.7,High,True,2020-07-13,Toing Partner,Tier 3,1.0321624882037292
1713,Restaurant_1713,North Indian,Gurgaon,Area_19,2012,3.3,Low,False,2021-03-18,Toing Partner,Tier 3,2.1357070153934052
1714,Restaurant_1714,Bakery,Kolkata,Area_5,2019,3.9,Medium,False,2020-12-08,Bolt Partner,Tier 1,1.3605762334057898
1715,Restaurant_1715,Japanese,Lucknow,Area_20,2021,4.9,High,True,2022-01-13,Bolt Partner,Tier 1,1.0304153259579245
1716,Restaurant_1716,North Indian,Ahmedabad,Area_12,2018,4.5,Low,False,2020-04-23,Gold,Tier 1,13.956788048399726
1717,Restaurant_1717,Healthy Food,Hyderabad,Area_20,2022,3.7,High,False,2020-01-22,Toing Partner,Tier 3,1.0302057511723157
1718,Restaurant_1718,Street Food,Chennai,Area_11,2019,3.2,Medium,False,2020-03-30,Regular,Tier 2,1.8108195027296006
1719,Restaurant_1719,Italian,Mumbai,Area_7,2015,4.7,Medium,False,2021-11-25,Regular,Tier 2,7.827545905369797
1720,Restaurant_1720,Healthy Food,Jaipur,Area_19,2023,4.2,High,False,2020-09-23,Toing Partner,Tier 3,1.1464604294219845
1721,Restaurant_1721,Thai,Mumbai,Area_20,2017,3.9,Medium,False,2021-11-10,Regular,Tier 2,1.0797407117692788
1722,Restaurant_1722,Mexican,Hyderabad,Area_1,2015,4.0,Medium,False,2020-07-06,Gold,Tier 1,1.0668434086404621
1723,Restaurant_1723,South Indian,Ahmedabad,Area_4,2019,3.7,High,True,2020-07-08,Regular,Tier 2,1.1980345667248815
1724,Restaurant_1724,Fast Food,Gurgaon,Area_1,2016,4.4,High,False,2021-07-28,Gold,Tier 1,1.0547055218703056
1725,Restaurant_1725,Chinese,Mumbai,Area_12,2014,3.8,High,False,2020-10-25,Gold,Tier 1,1.8023470549679754
1726,Restaurant_1726,Japanese,Kolkata,Area_5,2012,3.2,Low,False,2022-06-04,Gold,Tier 1,1.0326808954379467
1727,Restaurant_1727,North Indian,Gurgaon,Area_9,2014,4.4,Medium,True,2020-06-01,Toing Partner,Tier 3,1.427729794131669
1728,Restaurant_1728,Chinese,Chennai,Area_1,2015,3.4,Medium,True,2021-01-08,Bolt Partner,Tier 1,17.399473434890737
1729,Restaurant_1729,Italian,Bangalore,Area_11,2016,3.0,Low,True,2021-05-31,Regular,Tier 2,2.3185091893674095
1730,Restaurant_1730,Thai,Hyderabad,Area_14,2013,3.4,Low,False,2020-10-14,Regular,Tier 2,1.612105418938364
1731,Restaurant_1731,Desserts,Gurgaon,Area_7,2015,4.1,Medium,False,2020-11-30,Bolt Partner,Tier 1,1.2006035834456368
1732,Restaurant_1732,Fast Food,Delhi,Area_14,2016,4.4,Low,False,2022-03-24,Bolt Partner,Tier 1,1.6305943355709631
1733,Restaurant_1733,American,Pune,Area_16,2012,3.1,Medium,False,2020-11-04,Toing Partner,Tier 3,1.454080552127777
1734,Restaurant_1734,Healthy Food,Mumbai,Area_10,2021,3.8,High,False,2020-04-27,Toing Partner,Tier 3,1.320005074169043
1735,Restaurant_1735,Continental,Hyderabad,Area_6,2022,4.1,Medium,False,2022-06-04,Toing Partner,Tier 3,1.0725505064048146
1736,Restaurant_1736,American,Hyderabad,Area_10,2010,4.4,Medium,False,2021-01-12,Gold,Tier 1,2.9696245476948904
1737,Restaurant_1737,American,Noida,Area_6,2018,4.9,High,False,2020-10-16,Bolt Partner,Tier 1,1.3481358210856955
1738,Restaurant_1738,Bakery,Chennai,Area_10,2019,3.6,High,False,2022-03-19,Regular,Tier 2,1.114295192875414
1739,Restaurant_1739,Chinese,Kolkata,Area_9,2011,4.1,Medium,False,2020-02-07,Regular,Tier 2,1.2576470967425755
1740,Restaurant_1740,Street Food,Hyderabad,Area_10,2023,3.1,High,False,2022-06-03,Bolt Partner,Tier 1,1.3064695083854712
1741,Restaurant_1741,Healthy Food,Mumbai,Area_17,2022,4.1,High,True,2020-05-10,Regular,Tier 2,2.407981574292146
1742,Restaurant_1742,Chinese,Lucknow,Area_5,2022,3.4,Medium,False,2021-03-02,Toing Partner,Tier 3,1.9375129409627485
1743,Restaurant_1743,Fast Food,Ahmedabad,Area_12,2011,4.3,High,False,2021-05-29,Bolt Partner,Tier 1,2.0820004016018463
1744,Restaurant_1744,Street Food,Pune,Area_5,2023,3.6,Medium,False,2020-05-31,Gold,Tier 1,1.0055616890962753
1745,Restaurant_1745,South Indian,Jaipur,Area_14,2022,3.2,High,False,2021-04-22,Toing Partner,Tier 3,1.3087323712796275
1746,Restaurant_1746,Fast Food,Mumbai,Area_15,2013,3.4,Low,False,2021-06-27,Bolt Partner,Tier 1,1.388546283300804
1747,Restaurant_1747,Mughlai,Delhi,Area_13,2010,3.2,Medium,False,2020-10-26,Bolt Partner,Tier 1,1.0097365141435453
1748,Restaurant_1748,Japanese,Chennai,Area_14,2023,3.0,Medium,True,2021-07-12,Bolt Partner,Tier 1,1.1623296987058391
1749,Restaurant_1749,Continental,Lucknow,Area_17,2012,4.0,High,False,2022-04-22,Gold,Tier 1,2.04247506756948
1750,Restaurant_1750,American,Delhi,Area_8,2021,3.0,High,False,2022-04-07,Gold,Tier 1,1.0765202608299431
1751,Restaurant_1751,Japanese,Delhi,Area_14,2018,3.9,Medium,False,2021-04-02,Gold,Tier 1,1.4669604259666018
1752,Restaurant_1752,Bakery,Ahmedabad,Area_12,2020,4.2,High,False,2020-12-16,Regular,Tier 2,1.128810448765218
1753,Restaurant_1753,Thai,Lucknow,Area_11,2011,3.9,High,True,2021-01-14,Bolt Partner,Tier 1,1.0061160421997475
1754,Restaurant_1754,American,Bangalore,Area_9,2022,3.3,Low,True,2022-03-19,Toing Partner,Tier 3,1.1479864341960393
1755,Restaurant_1755,South Indian,Gurgaon,Area_4,2013,3.7,Medium,False,2021-01-10,Regular,Tier 2,6.438061667932617
1756,Restaurant_1756,Italian,Pune,Area_1,2011,4.7,Low,False,2021-01-20,Bolt Partner,Tier 1,2.244710543392807
1757,Restaurant_1757,Chinese,Lucknow,Area_20,2018,4.3,High,False,2022-01-02,Regular,Tier 2,4.973748469759475
1758,Restaurant_1758,Fast Food,Delhi,Area_19,2022,4.6,High,False,2020-10-20,Bolt Partner,Tier 1,1.3973433294794753
1759,Restaurant_1759,South Indian,Gurgaon,Area_8,2019,3.5,Medium,True,2022-07-07,Gold,Tier 1,1.0598408200652398
1760,Restaurant_1760,Chinese,Mumbai,Area_3,2018,3.1,Low,False,2021-08-04,Regular,Tier 2,1.4873436423123083
1761,Restaurant_1761,Bakery,Hyderabad,Area_14,2018,3.5,Medium,False,2022-04-20,Toing Partner,Tier 3,1.3537977830881063
1762,Restaurant_1762,Italian,Chennai,Area_15,2016,4.9,Medium,False,2021-10-08,Gold,Tier 1,2.5347510920956315
1763,Restaurant_1763,Bakery,Jaipur,Area_10,2012,3.0,Low,False,2020-04-09,Gold,Tier 1,1.052971490296675
1764,Restaurant_1764,South Indian,Gurgaon,Area_11,2012,3.0,High,False,2020-11-17,Bolt Partner,Tier 1,1.3978717030440004
1765,Restaurant_1765,Continental,Delhi,Area_2,2021,4.7,Low,False,2021-03-09,Regular,Tier 2,1.0846833399982003
1766,Restaurant_1766,American,Bangalore,Area_20,2018,4.9,Medium,False,2021-01-28,Toing Partner,Tier 3,1.216869159455164
1767,Restaurant_1767,Thai,Hyderabad,Area_18,2021,3.7,Low,False,2020-04-20,Gold,Tier 1,1.9512690172969156
1768,Restaurant_1768,Mexican,Gurgaon,Area_9,2014,3.0,Medium,False,2021-12-13,Gold,Tier 1,1.381471308289818
1769,Restaurant_1769,American,Hyderabad,Area_14,2018,3.0,Low,False,2020-06-13,Gold,Tier 1,1.265810904726289
1770,Restaurant_1770,South Indian,Bangalore,Area_11,2020,3.0,Medium,True,2020-12-06,Bolt Partner,Tier 1,1.2850925898113443
1771,Restaurant_1771,Desserts,Lucknow,Area_6,2018,4.0,Medium,False,2020-06-09,Regular,Tier 2,1.3601310840831684
1772,Restaurant_1772,Thai,Kolkata,Area_15,2014,4.7,Medium,False,2021-05-28,Regular,Tier 2,2.156738444105538
1773,Restaurant_1773,Mexican,Noida,Area_2,2019,4.6,Low,False,2022-01-23,Gold,Tier 1,3.044096856027331
1774,Restaurant_1774,Desserts,Mumbai,Area_20,2010,3.5,High,False,2022-02-03,Toing Partner,Tier 3,4.731673907325588
1775,Restaurant_1775,Bakery,Bangalore,Area_6,2022,4.9,Low,True,2020-03-10,Bolt Partner,Tier 1,2.166265712258525
1776,Restaurant_1776,South Indian,Gurgaon,Area_3,2021,4.8,Medium,True,2022-03-29,Gold,Tier 1,1.20860320020385
1777,Restaurant_1777,Desserts,Noida,Area_6,2020,3.4,High,False,2021-06-14,Gold,Tier 1,1.7906737887846509
1778,Restaurant_1778,Chinese,Lucknow,Area_13,2012,3.9,High,False,2021-04-02,Toing Partner,Tier 3,1.3334555712438356
1779,Restaurant_1779,North Indian,Lucknow,Area_4,2016,3.2,Medium,False,2021-05-29,Bolt Partner,Tier 1,1.158312865504521
1780,Restaurant_1780,North Indian,Gurgaon,Area_3,2017,4.9,High,True,2021-09-08,Toing Partner,Tier 3,2.5068371603940345
1781,Restaurant_1781,Fast Food,Jaipur,Area_2,2013,3.9,Medium,True,2020-11-27,Bolt Partner,Tier 1,1.0197852423086537
1782,Restaurant_1782,Thai,Gurgaon,Area_10,2018,3.9,Medium,False,2022-04-02,Regular,Tier 2,3.1905108547181715
1783,Restaurant_1783,Bakery,Chennai,Area_14,2015,4.1,Medium,False,2021-08-06,Regular,Tier 2,1.3626931069984403
1784,Restaurant_1784,Continental,Noida,Area_16,2010,3.5,Low,True,2021-02-19,Regular,Tier 2,1.6602261294766238
1785,Restaurant_1785,American,Gurgaon,Area_10,2022,3.1,High,False,2020-08-31,Bolt Partner,Tier 1,1.7133587372163717
1786,Restaurant_1786,South Indian,Jaipur,Area_10,2019,4.8,High,True,2021-12-06,Gold,Tier 1,3.0877987210453037
1787,Restaurant_1787,American,Kolkata,Area_4,2012,4.0,Low,False,2020-06-20,Gold,Tier 1,1.6590106753573077
1788,Restaurant_1788,Street Food,Pune,Area_19,2019,3.3,High,False,2021-07-26,Regular,Tier 2,1.6094184974644234
1789,Restaurant_1789,Healthy Food,Mumbai,Area_14,2010,3.6,Low,True,2020-11-05,Bolt Partner,Tier 1,1.0350902286849228
1790,Restaurant_1790,Thai,Pune,Area_4,2018,4.5,High,False,2021-05-09,Gold,Tier 1,1.4409880454807673
1791,Restaurant_1791,Thai,Lucknow,Area_17,2010,3.3,Medium,False,2020-01-15,Toing Partner,Tier 3,1.0847601328944878
1792,Restaurant_1792,South Indian,Kolkata,Area_20,2010,3.7,Low,False,2022-05-05,Toing Partner,Tier 3,1.951553963493031
1793,Restaurant_1793,American,Ahmedabad,Area_17,2018,4.6,High,False,2021-02-11,Regular,Tier 2,1.4318214373317666
1794,Restaurant_1794,Street Food,Ahmedabad,Area_12,2022,4.4,Medium,True,2022-09-11,Regular,Tier 2,1.768396446166457
1795,Restaurant_1795,Italian,Pune,Area_10,2010,4.8,Medium,False,2021-05-02,Toing Partner,Tier 3,1.021511159368894
1796,Restaurant_1796,Bakery,Hyderabad,Area_14,2022,3.8,High,False,2022-03-27,Regular,Tier 2,1.0452979530722495
1797,Restaurant_1797,Thai,Bangalore,Area_20,2015,3.6,Medium,False,2022-05-31,Bolt Partner,Tier 1,1.8775358330589875
1798,Restaurant_1798,Mexican,Ahmedabad,Area_12,2014,4.8,Medium,False,2020-04-19,Regular,Tier 2,1.0381156708609003
1799,Restaurant_1799,South Indian,Bangalore,Area_1,2023,3.2,Low,False,2021-11-21,Bolt Partner,Tier 1,1.0376530324836089
1800,Restaurant_1800,Bakery,Gurgaon,Area_9,2023,3.8,Medium,True,2022-02-27,Toing Partner,Tier 3,1.0061097790266575
1801,Restaurant_1801,American,Jaipur,Area_12,2023,4.2,High,False,2021-09-17,Toing Partner,Tier 3,4.794710078008881
1802,Restaurant_1802,North Indian,Noida,Area_9,2014,3.9,Medium,False,2022-01-10,Gold,Tier 1,1.9518312247218543
1803,Restaurant_1803,Mexican,Lucknow,Area_8,2023,4.5,Low,False,2020-02-15,Regular,Tier 2,1.2434612451924
1804,Restaurant_1804,Fast Food,Noida,Area_13,2013,4.1,Low,False,2022-06-07,Gold,Tier 1,1.1922818483067479
1805,Restaurant_1805,Mexican,Kolkata,Area_4,2021,4.3,Medium,True,2022-04-16,Toing Partner,Tier 3,1.2400642903550285
1806,Restaurant_1806,Bakery,Kolkata,Area_4,2010,4.3,High,True,2020-08-24,Regular,Tier 2,2.106563822500783
1807,Restaurant_1807,Mughlai,Kolkata,Area_16,2015,3.1,High,False,2021-08-02,Regular,Tier 2,1.7184530709947037
1808,Restaurant_1808,Thai,Delhi,Area_19,2015,4.8,Low,True,2021-07-02,Bolt Partner,Tier 1,1.1078304770364882
1809,Restaurant_1809,Fast Food,Gurgaon,Area_10,2021,3.2,Medium,True,2022-04-03,Bolt Partner,Tier 1,1.1003699492117505
1810,Restaurant_1810,Continental,Mumbai,Area_11,2023,3.8,Medium,False,2020-04-20,Bolt Partner,Tier 1,1.0531542889072805
1811,Restaurant_1811,Chinese,Ahmedabad,Area_2,2012,4.2,Low,False,2021-05-07,Bolt Partner,Tier 1,1.7157498322170721
1812,Restaurant_1812,American,Hyderabad,Area_17,2017,4.3,Medium,True,2020-11-07,Toing Partner,Tier 3,2.060094590800996
1813,Restaurant_1813,North Indian,Ahmedabad,Area_5,2019,3.1,Medium,False,2020-10-21,Regular,Tier 2,1.1664605289877805
1814,Restaurant_1814,Chinese,Gurgaon,Area_11,2015,4.2,Medium,False,2021-10-19,Bolt Partner,Tier 1,1.010639914789067
1815,Restaurant_1815,North Indian,Ahmedabad,Area_16,2019,4.8,Low,False,2021-10-15,Gold,Tier 1,1.0438047529554701
1816,Restaurant_1816,Chinese,Delhi,Area_12,2016,4.2,Medium,True,2020-02-03,Gold,Tier 1,5.577984449747878
1817,Restaurant_1817,North Indian,Noida,Area_2,2014,3.5,Low,True,2020-09-02,Toing Partner,Tier 3,1.1913585357594125
1818,Restaurant_1818,Thai,Mumbai,Area_19,2022,4.3,Medium,False,2022-03-26,Bolt Partner,Tier 1,2.081631625730729
1819,Restaurant_1819,Thai,Jaipur,Area_20,2021,4.7,Medium,False,2022-07-17,Bolt Partner,Tier 1,1.6322611346915556
1820,Restaurant_1820,Japanese,Ahmedabad,Area_14,2010,4.2,High,False,2020-11-08,Gold,Tier 1,1.2719925117538855
1821,Restaurant_1821,Healthy Food,Mumbai,Area_6,2010,3.7,High,False,2021-12-10,Toing Partner,Tier 3,1.1220293994526618
1822,Restaurant_1822,North Indian,Lucknow,Area_11,2015,3.2,Medium,False,2022-08-28,Bolt Partner,Tier 1,1.0668443064072202
1823,Restaurant_1823,Chinese,Ahmedabad,Area_5,2018,3.8,Medium,False,2020-07-23,Bolt Partner,Tier 1,1.6116730714469043
1824,Restaurant_1824,Japanese,Kolkata,Area_17,2013,3.3,Medium,True,2022-03-06,Toing Partner,Tier 3,2.106471513431786
1825,Restaurant_1825,Chinese,Kolkata,Area_9,2011,3.6,High,False,2021-11-17,Regular,Tier 2,1.6757784721156954
1826,Restaurant_1826,Mughlai,Gurgaon,Area_18,2017,4.2,High,True,2022-07-14,Toing Partner,Tier 3,1.459118977988398
1827,Restaurant_1827,Japanese,Ahmedabad,Area_2,2013,4.3,Medium,False,2022-07-12,Toing Partner,Tier 3,1.0216595282396752
1828,Restaurant_1828,Desserts,Chennai,Area_1,2013,4.1,Low,False,2020-10-29,Toing Partner,Tier 3,5.633358298157988
1829,Restaurant_1829,Desserts,Jaipur,Area_2,2018,3.8,High,False,2022-04-17,Gold,Tier 1,2.2289145641085093
1830,Restaurant_1830,Continental,Kolkata,Area_16,2017,3.7,Low,False,2021-09-12,Regular,Tier 2,1.18914726273831
1831,Restaurant_1831,South Indian,Pune,Area_8,2013,4.0,High,False,2020-06-19,Toing Partner,Tier 3,7.065828562701182
1832,Restaurant_1832,Italian,Lucknow,Area_20,2013,4.5,Medium,False,2022-01-02,Regular,Tier 2,1.5848708196897094
1833,Restaurant_1833,Japanese,Ahmedabad,Area_13,2011,3.5,High,True,2021-02-27,Gold,Tier 1,1.547503134380567
1834,Restaurant_1834,Fast Food,Hyderabad,Area_10,2020,3.7,Low,False,2021-01-01,Toing Partner,Tier 3,1.9923369851412278
1835,Restaurant_1835,Healthy Food,Noida,Area_20,2018,3.1,Medium,False,2022-02-04,Regular,Tier 2,2.304917230027142
1836,Restaurant_1836,Street Food,Kolkata,Area_10,2011,3.3,Low,False,2020-05-14,Regular,Tier 2,1.7061731614830176
1837,Restaurant_1837,Continental,Hyderabad,Area_18,2015,4.4,Low,False,2022-01-22,Regular,Tier 2,1.0709411389483565
1838,Restaurant_1838,American,Hyderabad,Area_8,2019,3.3,Low,False,2021-10-12,Toing Partner,Tier 3,1.2293025132653554
1839,Restaurant_1839,Healthy Food,Bangalore,Area_19,2023,4.2,Low,True,2021-02-08,Bolt Partner,Tier 1,3.7289464967493315
1840,Restaurant_1840,Street Food,Pune,Area_10,2020,4.3,Medium,False,2022-06-01,Regular,Tier 2,1.1356420728501806
1841,Restaurant_1841,Thai,Gurgaon,Area_8,2010,3.8,Low,False,2020-11-02,Gold,Tier 1,1.262054002876595
1842,Restaurant_1842,Street Food,Kolkata,Area_14,2012,4.6,Low,True,2021-06-01,Gold,Tier 1,1.3269520404450166
1843,Restaurant_1843,Chinese,Lucknow,Area_18,2021,3.7,Low,True,2022-01-21,Gold,Tier 1,1.3355968498232356
1844,Restaurant_1844,Italian,Bangalore,Area_2,2012,4.4,Medium,True,2021-11-11,Bolt Partner,Tier 1,1.6073506109499458
1845,Restaurant_1845,Italian,Jaipur,Area_3,2020,3.8,Medium,False,2022-04-28,Regular,Tier 2,4.1913282643267085
1846,Restaurant_1846,Japanese,Hyderabad,Area_17,2015,3.9,Medium,False,2020-03-30,Gold,Tier 1,1.1476017868283859
1847,Restaurant_1847,South Indian,Gurgaon,Area_16,2011,3.8,Medium,False,2020-01-05,Toing Partner,Tier 3,1.066914106418017
1848,Restaurant_1848,South Indian,Noida,Area_8,2020,3.1,Low,False,2020-06-13,Bolt Partner,Tier 1,1.116270620384652
1849,Restaurant_1849,Mexican,Delhi,Area_20,2013,4.5,High,False,2022-05-23,Gold,Tier 1,2.973832546246112
1850,Restaurant_1850,Healthy Food,Gurgaon,Area_14,2016,3.5,High,False,2022-08-19,Bolt Partner,Tier 1,1.6802826789458427
1851,Restaurant_1851,Desserts,Bangalore,Area_11,2011,4.2,Low,False,2022-03-01,Gold,Tier 1,1.1833754301244555
1852,Restaurant_1852,Thai,Lucknow,Area_16,2019,3.5,Low,True,2021-08-17,Bolt Partner,Tier 1,2.3309259542425296
1853,Restaurant_1853,Continental,Mumbai,Area_12,2010,3.9,Low,False,2021-09-18,Regular,Tier 2,2.6857858577825144
1854,Restaurant_1854,Bakery,Delhi,Area_13,2019,3.2,Low,False,2022-07-05,Bolt Partner,Tier 1,2.552502023964465
1855,Restaurant_1855,Thai,Noida,Area_8,2011,3.4,Low,False,2020-09-17,Gold,Tier 1,3.5120495050241387
1856,Restaurant_1856,Healthy Food,Delhi,Area_8,2020,3.8,High,False,2020-02-26,Bolt Partner,Tier 1,1.156429552234247
1857,Restaurant_1857,Continental,Jaipur,Area_14,2016,4.3,High,False,2021-10-23,Regular,Tier 2,2.020477986520133
1858,Restaurant_1858,South Indian,Chennai,Area_4,2017,4.1,High,False,2020-10-29,Gold,Tier 1,1.3615079250346132
1859,Restaurant_1859,American,Hyderabad,Area_15,2020,3.5,Medium,True,2021-05-26,Toing Partner,Tier 3,2.5157615063257244
1860,Restaurant_1860,Fast Food,Lucknow,Area_8,2023,4.1,High,True,2021-02-02,Gold,Tier 1,1.9191442834081738
1861,Restaurant_1861,Desserts,Chennai,Area_1,2019,3.3,Medium,False,2020-02-07,Gold,Tier 1,2.1149990787792845
1862,Restaurant_1862,Japanese,Mumbai,Area_19,2018,3.0,High,False,2021-12-27,Gold,Tier 1,1.7053870526801331
1863,Restaurant_1863,Mexican,Mumbai,Area_7,2018,4.3,Medium,False,2021-05-24,Toing Partner,Tier 3,1.1025879504544807
1864,Restaurant_1864,Healthy Food,Noida,Area_15,2011,3.6,Low,False,2020-11-09,Gold,Tier 1,1.4825424893648012
1865,Restaurant_1865,Mexican,Delhi,Area_5,2019,3.9,High,False,2020-07-31,Regular,Tier 2,8.076537855749057
1866,Restaurant_1866,Healthy Food,Jaipur,Area_11,2011,4.5,Medium,False,2021-03-14,Bolt Partner,Tier 1,3.9964229319164954
1867,Restaurant_1867,Fast Food,Jaipur,Area_17,2011,3.4,High,False,2020-05-21,Toing Partner,Tier 3,1.0223119939781184
1868,Restaurant_1868,Street Food,Gurgaon,Area_16,2017,3.5,Medium,True,2020-12-26,Bolt Partner,Tier 1,1.094229979223269
1869,Restaurant_1869,Mexican,Mumbai,Area_3,2021,3.5,Medium,True,2021-06-02,Toing Partner,Tier 3,1.0731793201793693
1870,Restaurant_1870,Chinese,Lucknow,Area_2,2012,4.7,High,True,2022-06-29,Regular,Tier 2,1.9103317671065072
1871,Restaurant_1871,South Indian,Mumbai,Area_11,2016,4.6,Medium,False,2020-12-17,Toing Partner,Tier 3,2.3426549737230573
1872,Restaurant_1872,Thai,Hyderabad,Area_12,2011,4.7,High,False,2022-05-01,Regular,Tier 2,1.127596644174035
1873,Restaurant_1873,Italian,Noida,Area_17,2021,3.0,High,False,2020-05-06,Regular,Tier 2,1.4225638999949437
1874,Restaurant_1874,Desserts,Noida,Area_6,2018,3.0,High,False,2020-12-09,Bolt Partner,Tier 1,2.5055105727844733
1875,Restaurant_1875,Italian,Noida,Area_14,2019,3.6,High,False,2021-01-21,Toing Partner,Tier 3,1.9345636735003717
1876,Restaurant_1876,Mexican,Jaipur,Area_10,2011,3.9,Medium,False,2022-07-17,Toing Partner,Tier 3,1.4780181055383075
1877,Restaurant_1877,Japanese,Bangalore,Area_3,2010,4.0,Low,False,2021-03-18,Gold,Tier 1,1.5624002370234162
1878,Restaurant_1878,Mexican,Noida,Area_18,2019,3.5,Medium,False,2021-12-16,Toing Partner,Tier 3,1.426187535668518
1879,Restaurant_1879,South Indian,Bangalore,Area_6,2011,4.4,Medium,True,2022-01-07,Bolt Partner,Tier 1,1.1931411186345668
1880,Restaurant_1880,Street Food,Gurgaon,Area_14,2021,4.4,Medium,False,2022-09-01,Regular,Tier 2,1.516234416756953
1881,Restaurant_1881,Chinese,Hyderabad,Area_20,2021,4.8,High,False,2020-10-10,Toing Partner,Tier 3,1.7928325791361852
1882,Restaurant_1882,Desserts,Noida,Area_15,2014,3.1,Medium,True,2022-01-30,Toing Partner,Tier 3,2.8096419001443262
1883,Restaurant_1883,Mexican,Gurgaon,Area_4,2018,3.4,Low,False,2020-03-13,Gold,Tier 1,1.6581476029306916
1884,Restaurant_1884,Thai,Chennai,Area_15,2014,4.7,High,True,2020-12-27,Toing Partner,Tier 3,2.0460276667378277
1885,Restaurant_1885,Fast Food,Hyderabad,Area_2,2012,3.4,High,True,2020-08-14,Toing Partner,Tier 3,1.0911359780506353
1886,Restaurant_1886,Bakery,Jaipur,Area_16,2022,4.4,Low,True,2022-09-11,Bolt Partner,Tier 1,1.3627943478375792
1887,Restaurant_1887,Bakery,Noida,Area_4,2012,4.0,Low,True,2020-06-17,Bolt Partner,Tier 1,1.0046987206119127
1888,Restaurant_1888,Mughlai,Noida,Area_9,2014,3.2,High,False,2022-09-22,Gold,Tier 1,1.1521523867368113
1889,Restaurant_1889,Street Food,Jaipur,Area_8,2010,3.2,Low,False,2020-04-26,Toing Partner,Tier 3,1.9120134379205627
1890,Restaurant_1890,Thai,Delhi,Area_11,2021,3.3,Medium,False,2022-03-28,Gold,Tier 1,11.049859582788528
1891,Restaurant_1891,Mughlai,Jaipur,Area_8,2018,4.1,Medium,False,2022-03-07,Toing Partner,Tier 3,1.0536115721828647
1892,Restaurant_1892,South Indian,Ahmedabad,Area_14,2012,4.3,Medium,False,2022-02-25,Bolt Partner,Tier 1,1.2926050857628681
1893,Restaurant_1893,Japanese,Noida,Area_12,2012,3.1,Low,False,2022-08-19,Regular,Tier 2,2.2364648102020293
1894,Restaurant_1894,Fast Food,Hyderabad,Area_16,2012,4.0,Low,True,2021-04-23,Gold,Tier 1,1.120864688379322
1895,Restaurant_1895,Japanese,Delhi,Area_20,2022,4.8,Low,False,2021-01-16,Regular,Tier 2,1.4992064820627564
1896,Restaurant_1896,Fast Food,Mumbai,Area_3,2020,3.2,Low,True,2022-01-01,Bolt Partner,Tier 1,1.9355409367388852
1897,Restaurant_1897,South Indian,Ahmedabad,Area_16,2014,4.4,Medium,True,2020-08-26,Toing Partner,Tier 3,1.613712489468629
1898,Restaurant_1898,South Indian,Chennai,Area_5,2022,4.5,Medium,False,2021-05-26,Bolt Partner,Tier 1,1.1097588065500827
1899,Restaurant_1899,Continental,Pune,Area_9,2020,4.1,High,False,2021-04-12,Bolt Partner,Tier 1,1.2455169757094957
1900,Restaurant_1900,Mughlai,Chennai,Area_18,2020,3.2,High,True,2022-04-02,Regular,Tier 2,2.1506211071085763
1901,Restaurant_1901,Street Food,Noida,Area_13,2019,3.1,High,False,2021-07-04,Toing Partner,Tier 3,1.497762260056828
1902,Restaurant_1902,Continental,Lucknow,Area_15,2021,4.2,High,True,2020-05-04,Bolt Partner,Tier 1,1.0026251074936086
1903,Restaurant_1903,Bakery,Lucknow,Area_8,2023,4.2,Low,False,2021-04-19,Gold,Tier 1,2.045467834819596
1904,Restaurant_1904,Chinese,Hyderabad,Area_18,2018,4.5,High,True,2020-06-28,Regular,Tier 2,1.0181374601767041
1905,Restaurant_1905,Japanese,Ahmedabad,Area_12,2023,3.9,Low,False,2021-12-04,Gold,Tier 1,1.9831504780075144
1906,Restaurant_1906,North Indian,Hyderabad,Area_14,2013,4.9,Low,False,2022-04-10,Gold,Tier 1,1.1197713742390856
1907,Restaurant_1907,Healthy Food,Pune,Area_10,2019,3.6,Low,True,2022-07-15,Bolt Partner,Tier 1,4.883774381658952
1908,Restaurant_1908,Japanese,Ahmedabad,Area_13,2019,4.8,High,False,2020-02-22,Regular,Tier 2,1.2578275555773926
1909,Restaurant_1909,Mughlai,Mumbai,Area_7,2015,3.3,Medium,True,2022-09-20,Bolt Partner,Tier 1,1.2189065326779565
1910,Restaurant_1910,Continental,Noida,Area_13,2023,4.0,Low,True,2020-10-25,Bolt Partner,Tier 1,1.0839435263178334
1911,Restaurant_1911,American,Gurgaon,Area_1,2022,3.6,High,False,2020-06-15,Bolt Partner,Tier 1,1.2000420443931061
1912,Restaurant_1912,Mughlai,Lucknow,Area_18,2021,3.6,High,False,2020-06-28,Gold,Tier 1,2.8472904025249735
1913,Restaurant_1913,Mexican,Ahmedabad,Area_10,2014,3.1,Medium,True,2021-04-06,Regular,Tier 2,16.516718582705277
1914,Restaurant_1914,Thai,Gurgaon,Area_11,2014,3.2,Medium,True,2020-03-21,Toing Partner,Tier 3,1.2581946601861194
1915,Restaurant_1915,Fast Food,Hyderabad,Area_6,2010,3.9,Medium,True,2022-05-10,Bolt Partner,Tier 1,1.3466998313680218
1916,Restaurant_1916,Chinese,Kolkata,Area_18,2020,3.2,Low,False,2021-03-21,Regular,Tier 2,1.8968501328084204
1917,Restaurant_1917,South Indian,Ahmedabad,Area_15,2015,3.0,Low,False,2021-02-02,Gold,Tier 1,2.964290878402333
1918,Restaurant_1918,Continental,Mumbai,Area_12,2011,4.7,Low,False,2021-12-06,Regular,Tier 2,1.5675682203610166
1919,Restaurant_1919,Mexican,Ahmedabad,Area_20,2013,3.6,Low,False,2021-12-18,Regular,Tier 2,1.2819730029404663
1920,Restaurant_1920,Mexican,Kolkata,Area_2,2019,5.0,Low,False,2021-12-13,Regular,Tier 2,1.3047914526100504
1921,Restaurant_1921,Mughlai,Pune,Area_6,2016,3.8,High,False,2021-06-25,Regular,Tier 2,1.8125526115326673
1922,Restaurant_1922,South Indian,Jaipur,Area_6,2011,3.3,Medium,False,2020-11-21,Bolt Partner,Tier 1,1.0016130262056249
1923,Restaurant_1923,American,Ahmedabad,Area_18,2010,3.2,High,True,2020-06-08,Regular,Tier 2,1.6213383650689444
1924,Restaurant_1924,Fast Food,Bangalore,Area_12,2020,3.1,High,False,2022-08-10,Regular,Tier 2,1.2456217537559462
1925,Restaurant_1925,South Indian,Noida,Area_12,2023,3.1,Medium,False,2021-06-18,Regular,Tier 2,2.2043192786171018
1926,Restaurant_1926,Fast Food,Noida,Area_19,2014,3.3,High,False,2021-04-05,Regular,Tier 2,1.0500116449063437
1927,Restaurant_1927,North Indian,Noida,Area_19,2010,4.5,High,False,2022-07-08,Bolt Partner,Tier 1,1.5583249504830692
1928,Restaurant_1928,Mughlai,Jaipur,Area_19,2017,4.5,Low,True,2022-05-06,Bolt Partner,Tier 1,1.3880495786661653
1929,Restaurant_1929,Mughlai,Lucknow,Area_20,2012,4.7,Low,False,2020-06-28,Gold,Tier 1,1.6720760502665923
1930,Restaurant_1930,Fast Food,Chennai,Area_12,2016,4.7,Medium,True,2020-01-03,Bolt Partner,Tier 1,1.0340944221277792
1931,Restaurant_1931,Japanese,Ahmedabad,Area_8,2019,3.1,Low,False,2020-08-01,Gold,Tier 1,1.5430037188860652
1932,Restaurant_1932,North Indian,Ahmedabad,Area_8,2016,4.1,Medium,False,2020-12-31,Bolt Partner,Tier 1,1.5101064730602927
1933,Restaurant_1933,Healthy Food,Hyderabad,Area_13,2021,4.0,Medium,False,2021-05-03,Toing Partner,Tier 3,1.5086888261361262
1934,Restaurant_1934,American,Hyderabad,Area_19,2015,4.7,Low,True,2022-06-25,Bolt Partner,Tier 1,1.5880773430870991
1935,Restaurant_1935,Healthy Food,Delhi,Area_10,2014,4.7,Medium,True,2020-03-15,Toing Partner,Tier 3,1.758090943074958
1936,Restaurant_1936,Healthy Food,Noida,Area_13,2015,3.4,Medium,False,2020-01-27,Toing Partner,Tier 3,2.2644901971000504
1937,Restaurant_1937,Bakery,Delhi,Area_16,2017,4.0,High,True,2020-02-23,Toing Partner,Tier 3,1.1702677784151552
1938,Restaurant_1938,Bakery,Jaipur,Area_14,2020,3.9,Medium,True,2022-06-12,Regular,Tier 2,2.390794755636894
1939,Restaurant_1939,Mughlai,Hyderabad,Area_18,2022,4.5,Medium,False,2020-04-01,Gold,Tier 1,1.4117531602891995
1940,Restaurant_1940,South Indian,Jaipur,Area_15,2013,4.4,Medium,False,2022-06-20,Toing Partner,Tier 3,1.0409092330242173
1941,Restaurant_1941,Thai,Bangalore,Area_8,2015,4.8,Low,False,2022-09-09,Bolt Partner,Tier 1,1.0306271629809374
1942,Restaurant_1942,Fast Food,Jaipur,Area_15,2010,4.2,High,False,2020-06-04,Bolt Partner,Tier 1,1.2255770008218292
1943,Restaurant_1943,American,Pune,Area_11,2020,3.2,Low,True,2020-09-11,Bolt Partner,Tier 1,2.1561389406779154
1944,Restaurant_1944,Japanese,Hyderabad,Area_17,2013,4.8,High,True,2022-03-05,Gold,Tier 1,1.849572797234808
1945,Restaurant_1945,Mughlai,Lucknow,Area_3,2019,3.0,Low,False,2021-04-13,Regular,Tier 2,2.175018125864657
1946,Restaurant_1946,Street Food,Lucknow,Area_15,2016,3.5,Medium,False,2022-05-29,Bolt Partner,Tier 1,1.4392870928776416
1947,Restaurant_1947,Fast Food,Lucknow,Area_1,2020,4.7,Medium,False,2020-12-07,Toing Partner,Tier 3,1.3365437033986343
1948,Restaurant_1948,Continental,Noida,Area_7,2022,4.0,Low,True,2020-02-17,Toing Partner,Tier 3,1.0830305671258014
1949,Restaurant_1949,Street Food,Noida,Area_12,2019,3.8,Medium,False,2020-04-10,Gold,Tier 1,1.2200500807115138
1950,Restaurant_1950,Fast Food,Hyderabad,Area_10,2014,4.6,High,False,2020-03-22,Regular,Tier 2,1.3292271838951286
1951,Restaurant_1951,Japanese,Noida,Area_11,2013,3.2,Medium,False,2022-03-14,Regular,Tier 2,1.0474796399268838
1952,Restaurant_1952,Street Food,Ahmedabad,Area_14,2018,3.5,Low,False,2020-09-07,Regular,Tier 2,1.1327214623376252
1953,Restaurant_1953,Street Food,Gurgaon,Area_10,2020,4.4,Low,False,2020-05-09,Regular,Tier 2,1.5776428882118632
1954,Restaurant_1954,Thai,Ahmedabad,Area_5,2015,4.9,Low,False,2020-12-25,Toing Partner,Tier 3,1.9450067615794904
1955,Restaurant_1955,Mughlai,Chennai,Area_2,2019,3.6,Medium,False,2021-01-01,Regular,Tier 2,24.599753936747998
1956,Restaurant_1956,Thai,Bangalore,Area_15,2020,4.8,High,False,2020-02-02,Gold,Tier 1,3.8666086390994856
1957,Restaurant_1957,North Indian,Chennai,Area_5,2010,3.3,Medium,False,2021-12-03,Bolt Partner,Tier 1,1.6726365516203796
1958,Restaurant_1958,Thai,Bangalore,Area_20,2017,3.2,Low,True,2022-06-04,Bolt Partner,Tier 1,1.3144793490865698
1959,Restaurant_1959,Japanese,Ahmedabad,Area_6,2011,3.8,Medium,True,2021-05-12,Bolt Partner,Tier 1,1.6578878254660154
1960,Restaurant_1960,Desserts,Chennai,Area_14,2011,4.1,High,True,2022-06-07,Regular,Tier 2,2.159931087758326
1961,Restaurant_1961,South Indian,Kolkata,Area_15,2018,4.3,Low,False,2022-02-01,Gold,Tier 1,1.0649972662354432
1962,Restaurant_1962,Street Food,Mumbai,Area_5,2011,3.6,High,True,2022-02-23,Bolt Partner,Tier 1,1.3017841876895335
1963,Restaurant_1963,American,Gurgaon,Area_11,2020,3.6,Low,True,2020-06-19,Gold,Tier 1,2.498456786609764
1964,Restaurant_1964,Street Food,Bangalore,Area_2,2023,4.7,High,False,2022-01-27,Bolt Partner,Tier 1,1.2739452548386891
1965,Restaurant_1965,Thai,Gurgaon,Area_3,2011,4.3,Medium,False,2021-10-17,Toing Partner,Tier 3,1.5283165692358316
1966,Restaurant_1966,American,Lucknow,Area_14,2010,3.5,Medium,False,2022-01-23,Bolt Partner,Tier 1,1.5575064941443544
1967,Restaurant_1967,Mughlai,Pune,Area_9,2021,3.2,High,False,2020-11-22,Toing Partner,Tier 3,1.1073418005370883
1968,Restaurant_1968,Desserts,Delhi,Area_3,2019,3.7,Low,False,2021-03-19,Bolt Partner,Tier 1,1.2521887840264512
1969,Restaurant_1969,North Indian,Lucknow,Area_2,2019,4.3,Low,True,2020-08-17,Gold,Tier 1,1.2258283285344729
1970,Restaurant_1970,Mexican,Ahmedabad,Area_11,2011,3.3,Low,False,2020-10-06,Regular,Tier 2,1.0133614545922711
1971,Restaurant_1971,Mexican,Pune,Area_3,2018,4.4,High,False,2021-02-03,Gold,Tier 1,1.0123198676076126
1972,Restaurant_1972,Italian,Pune,Area_14,2011,3.8,High,False,2022-07-23,Regular,Tier 2,2.437553338396608
1973,Restaurant_1973,Thai,Chennai,Area_19,2015,4.7,Medium,False,2021-12-08,Bolt Partner,Tier 1,1.172880985884808
1974,Restaurant_1974,Continental,Hyderabad,Area_8,2014,4.3,Medium,False,2021-08-13,Toing Partner,Tier 3,1.4404957092132613
1975,Restaurant_1975,South Indian,Noida,Area_7,2013,4.2,Low,True,2021-09-13,Bolt Partner,Tier 1,1.1941420706546468
1976,Restaurant_1976,South Indian,Chennai,Area_1,2021,4.7,Low,False,2020-09-28,Gold,Tier 1,4.105789365478102
1977,Restaurant_1977,Street Food,Gurgaon,Area_16,2021,3.4,Medium,False,2020-09-21,Gold,Tier 1,1.1619244151376102
1978,Restaurant_1978,Healthy Food,Lucknow,Area_1,2021,3.1,High,False,2021-12-31,Toing Partner,Tier 3,1.3241337978795604
1979,Restaurant_1979,Japanese,Kolkata,Area_16,2022,3.7,Low,False,2021-02-07,Gold,Tier 1,2.803092344604641
1980,Restaurant_1980,Chinese,Lucknow,Area_19,2013,4.3,Low,False,2021-04-05,Toing Partner,Tier 3,2.5152442986919055
1981,Restaurant_1981,American,Kolkata,Area_8,2014,4.4,Low,True,2021-08-03,Gold,Tier 1,1.108446800228099
1982,Restaurant_1982,Mexican,Kolkata,Area_15,2017,4.4,Low,False,2020-04-05,Bolt Partner,Tier 1,2.250992631813313
1983,Restaurant_1983,Thai,Delhi,Area_17,2022,4.1,Medium,False,2021-10-06,Bolt Partner,Tier 1,1.3585488027570072
1984,Restaurant_1984,Mughlai,Ahmedabad,Area_13,2013,4.0,High,True,2022-01-27,Regular,Tier 2,1.3907262584362985
1985,Restaurant_1985,Mughlai,Mumbai,Area_13,2021,4.1,Low,False,2020-12-24,Bolt Partner,Tier 1,1.0742631970016616
1986,Restaurant_1986,Japanese,Hyderabad,Area_12,2019,3.2,High,False,2021-10-08,Gold,Tier 1,1.0429130643771103
1987,Restaurant_1987,North Indian,Ahmedabad,Area_9,2015,4.0,High,False,2021-09-06,Gold,Tier 1,1.917198585916709
1988,Restaurant_1988,Japanese,Gurgaon,Area_1,2021,4.3,Low,False,2020-03-07,Bolt Partner,Tier 1,1.4092352865469377
1989,Restaurant_1989,American,Ahmedabad,Area_1,2021,4.4,High,False,2021-08-08,Toing Partner,Tier 3,1.3325644612635714
1990,Restaurant_1990,Healthy Food,Gurgaon,Area_1,2018,3.0,Medium,False,2021-08-22,Gold,Tier 1,1.9227506685450844
1991,Restaurant_1991,Japanese,Gurgaon,Area_2,2011,4.0,Medium,True,2021-03-19,Toing Partner,Tier 3,2.065097311433777
1992,Restaurant_1992,Mexican,Chennai,Area_3,2015,3.5,Medium,False,2022-08-03,Toing Partner,Tier 3,1.0903810424486058
1993,Restaurant_1993,Bakery,Chennai,Area_3,2021,3.2,High,False,2022-07-27,Regular,Tier 2,1.6017439532793134
1994,Restaurant_1994,South Indian,Noida,Area_15,2010,4.9,Medium,False,2022-01-23,Bolt Partner,Tier 1,1.0754267932477992
1995,Restaurant_1995,Desserts,Lucknow,Area_15,2019,3.4,Medium,True,2020-11-17,Toing Partner,Tier 3,2.0055231389621646
1996,Restaurant_1996,Chinese,Noida,Area_15,2011,3.5,Low,False,2022-07-12,Gold,Tier 1,1.7073578357891488
1997,Restaurant_1997,Mughlai,Chennai,Area_17,2013,4.7,High,False,2021-02-07,Toing Partner,Tier 3,4.8009623767813725
1998,Restaurant_1998,Thai,Chennai,Area_18,2016,3.7,High,False,2021-04-20,Regular,Tier 2,1.0363712755858758
1999,Restaurant_1999,Italian,Bangalore,Area_20,2016,3.5,High,False,2020-08-13,Bolt Partner,Tier 1,1.029809170185863
2000,Restaurant_2000,Mughlai,Chennai,Area_17,2023,3.7,Medium,True,2021-07-26,Bolt Partner,Tier 1,1.1803053153095358
2001,Restaurant_2001,Japanese,Bangalore,Area_18,2010,4.0,Low,False,2020-10-08,Bolt Partner,Tier 1,1.1638184492132961
2002,Restaurant_2002,Bakery,Ahmedabad,Area_6,2017,4.8,Medium,True,2021-12-25,Bolt Partner,Tier 1,1.152381819788385
2003,Restaurant_2003,Street Food,Pune,Area_4,2015,4.3,Low,False,2022-06-01,Toing Partner,Tier 3,3.266066112869717
2004,Restaurant_2004,Fast Food,Lucknow,Area_10,2015,4.4,High,False,2020-07-10,Toing Partner,Tier 3,1.1543513613091432
2005,Restaurant_2005,Mughlai,Chennai,Area_3,2022,4.0,High,True,2022-05-05,Toing Partner,Tier 3,1.1719776111137599
2006,Restaurant_2006,American,Noida,Area_18,2020,3.8,High,False,2022-02-26,Toing Partner,Tier 3,2.038687313163758
2007,Restaurant_2007,Fast Food,Lucknow,Area_16,2020,3.8,Low,False,2020-10-03,Gold,Tier 1,1.3480809322278104
2008,Restaurant_2008,Street Food,Lucknow,Area_6,2014,3.6,High,True,2021-03-04,Bolt Partner,Tier 1,2.116244803901615
2009,Restaurant_2009,Fast Food,Delhi,Area_10,2023,4.8,Medium,False,2020-01-03,Bolt Partner,Tier 1,1.0343779374198878
2010,Restaurant_2010,North Indian,Noida,Area_6,2013,4.5,High,True,2020-08-19,Toing Partner,Tier 3,1.3969576237332588
2011,Restaurant_2011,Healthy Food,Delhi,Area_10,2011,3.7,Medium,False,2021-09-10,Gold,Tier 1,1.0172427313366021
2012,Restaurant_2012,Italian,Bangalore,Area_19,2015,4.1,Low,False,2021-10-04,Regular,Tier 2,1.032879957518669
2013,Restaurant_2013,South Indian,Kolkata,Area_1,2017,4.0,High,False,2020-02-11,Regular,Tier 2,3.2692564020748014
2014,Restaurant_2014,South Indian,Kolkata,Area_7,2015,4.0,High,True,2020-06-08,Regular,Tier 2,1.0778549401060464
2015,Restaurant_2015,Continental,Chennai,Area_7,2014,4.0,High,True,2020-06-13,Gold,Tier 1,1.4624207937404832
2016,Restaurant_2016,Fast Food,Bangalore,Area_6,2016,3.5,High,True,2021-11-06,Toing Partner,Tier 3,1.3030995697041465
2017,Restaurant_2017,Street Food,Mumbai,Area_10,2012,3.4,High,False,2020-08-27,Toing Partner,Tier 3,1.2378203217163108
2018,Restaurant_2018,Street Food,Bangalore,Area_4,2013,4.0,High,True,2020-02-14,Gold,Tier 1,3.159645913101372
2019,Restaurant_2019,Japanese,Ahmedabad,Area_20,2022,3.5,High,False,2021-04-23,Toing Partner,Tier 3,1.0110936074034342
2020,Restaurant_2020,Mughlai,Noida,Area_18,2021,4.1,High,False,2021-06-18,Toing Partner,Tier 3,1.7246242323183347
2021,Restaurant_2021,Japanese,Delhi,Area_10,2022,3.4,Low,True,2022-03-02,Bolt Partner,Tier 1,5.226686337159312
2022,Restaurant_2022,Continental,Chennai,Area_16,2013,3.9,High,False,2022-04-29,Toing Partner,Tier 3,1.5078449260904239
2023,Restaurant_2023,Continental,Mumbai,Area_1,2020,3.0,High,False,2020-04-20,Regular,Tier 2,3.9784934857053433
2024,Restaurant_2024,Chinese,Ahmedabad,Area_13,2013,4.5,High,False,2020-01-11,Regular,Tier 2,1.0271997588076671
2025,Restaurant_2025,Continental,Lucknow,Area_6,2012,4.0,Medium,False,2021-02-09,Regular,Tier 2,1.3117005513203297
2026,Restaurant_2026,Thai,Kolkata,Area_4,2019,4.3,Medium,False,2021-12-23,Gold,Tier 1,1.1626003452808942
2027,Restaurant_2027,Italian,Ahmedabad,Area_7,2016,3.0,Low,True,2022-05-30,Regular,Tier 2,1.927433415819136
2028,Restaurant_2028,Mughlai,Jaipur,Area_9,2016,3.0,High,False,2020-06-01,Regular,Tier 2,7.312155420178615
2029,Restaurant_2029,American,Noida,Area_18,2023,3.2,Low,False,2021-05-27,Gold,Tier 1,1.159760448399627
2030,Restaurant_2030,American,Ahmedabad,Area_7,2013,4.8,Low,True,2021-05-14,Toing Partner,Tier 3,1.7004801118333612
2031,Restaurant_2031,Street Food,Kolkata,Area_4,2016,3.0,Low,False,2022-06-19,Bolt Partner,Tier 1,1.116707035341074
2032,Restaurant_2032,Thai,Noida,Area_4,2012,4.7,Medium,False,2022-03-18,Bolt Partner,Tier 1,1.5167719676038087
2033,Restaurant_2033,American,Lucknow,Area_13,2017,4.0,High,True,2020-05-11,Bolt Partner,Tier 1,1.3658098973619808
2034,Restaurant_2034,Continental,Chennai,Area_13,2017,3.1,Medium,False,2021-04-13,Toing Partner,Tier 3,5.976711889316724
2035,Restaurant_2035,Continental,Jaipur,Area_6,2020,3.4,High,True,2021-08-13,Regular,Tier 2,1.5982666751952872
2036,Restaurant_2036,North Indian,Chennai,Area_17,2016,4.0,Medium,True,2021-07-23,Regular,Tier 2,1.239876636998663
2037,Restaurant_2037,South Indian,Lucknow,Area_7,2022,3.8,Medium,False,2020-03-06,Toing Partner,Tier 3,1.062445388873105
2038,Restaurant_2038,Japanese,Pune,Area_13,2021,4.0,Medium,False,2021-09-17,Gold,Tier 1,1.0854486804280192
2039,Restaurant_2039,American,Delhi,Area_14,2020,3.6,High,True,2020-09-28,Toing Partner,Tier 3,1.13615600313112
2040,Restaurant_2040,Healthy Food,Bangalore,Area_7,2011,4.7,High,False,2020-04-26,Toing Partner,Tier 3,1.1554453947271874
2041,Restaurant_2041,South Indian,Pune,Area_11,2015,3.4,Medium,False,2021-10-07,Regular,Tier 2,2.587307467510826
2042,Restaurant_2042,Street Food,Pune,Area_16,2018,4.8,Medium,False,2020-02-20,Gold,Tier 1,1.509655897728028
2043,Restaurant_2043,Continental,Mumbai,Area_1,2022,3.1,Low,True,2022-09-07,Bolt Partner,Tier 1,1.4485011358641051
2044,Restaurant_2044,Continental,Jaipur,Area_6,2018,3.0,Low,True,2021-09-21,Bolt Partner,Tier 1,1.0628492281943767
2045,Restaurant_2045,Mughlai,Gurgaon,Area_19,2018,3.1,Low,True,2022-08-09,Bolt Partner,Tier 1,2.6739467970149775
2046,Restaurant_2046,Chinese,Bangalore,Area_17,2020,5.0,High,False,2020-01-22,Bolt Partner,Tier 1,1.8993919448710233
2047,Restaurant_2047,South Indian,Jaipur,Area_15,2023,4.0,Low,True,2020-07-01,Gold,Tier 1,1.035654243522806
2048,Restaurant_2048,Chinese,Jaipur,Area_8,2023,3.3,Medium,True,2020-05-04,Regular,Tier 2,1.8500607017361816
2049,Restaurant_2049,Healthy Food,Kolkata,Area_18,2013,3.2,High,True,2022-02-22,Bolt Partner,Tier 1,1.4801229376540348
2050,Restaurant_2050,North Indian,Hyderabad,Area_12,2020,3.3,Low,False,2021-02-27,Bolt Partner,Tier 1,1.0435510546948237
2051,Restaurant_2051,American,Jaipur,Area_5,2011,4.8,Low,False,2022-03-10,Regular,Tier 2,1.3586914402919772
2052,Restaurant_2052,Mughlai,Lucknow,Area_12,2021,4.7,Low,True,2021-04-17,Toing Partner,Tier 3,1.393055323271408
2053,Restaurant_2053,Mexican,Kolkata,Area_6,2020,4.7,Low,False,2020-09-09,Bolt Partner,Tier 1,1.094859220019525
2054,Restaurant_2054,Bakery,Ahmedabad,Area_10,2021,3.9,High,False,2022-03-20,Gold,Tier 1,4.291337533423962
2055,Restaurant_2055,Healthy Food,Pune,Area_2,2017,4.1,High,False,2020-06-20,Bolt Partner,Tier 1,2.581776955025424
2056,Restaurant_2056,Mexican,Mumbai,Area_9,2016,4.1,High,True,2021-12-13,Bolt Partner,Tier 1,1.7382036504130993
2057,Restaurant_2057,South Indian,Kolkata,Area_15,2013,3.6,Low,False,2020-08-31,Gold,Tier 1,1.3637293552577707
2058,Restaurant_2058,North Indian,Noida,Area_19,2023,3.8,High,True,2022-07-31,Regular,Tier 2,1.303841407220472
2059,Restaurant_2059,Healthy Food,Lucknow,Area_3,2020,3.1,High,False,2020-01-28,Toing Partner,Tier 3,1.692664081192504
2060,Restaurant_2060,Mughlai,Gurgaon,Area_16,2012,4.9,Low,False,2022-08-05,Regular,Tier 2,1.4832027013879068
2061,Restaurant_2061,Thai,Noida,Area_19,2016,4.7,Low,True,2021-04-25,Regular,Tier 2,1.032670602876273
2062,Restaurant_2062,Mexican,Delhi,Area_11,2016,3.3,Medium,True,2020-07-31,Toing Partner,Tier 3,1.4322336390154033
2063,Restaurant_2063,Desserts,Kolkata,Area_11,2019,4.1,Low,True,2020-11-14,Gold,Tier 1,2.2727485049042584
2064,Restaurant_2064,South Indian,Kolkata,Area_4,2017,3.4,Medium,False,2021-09-01,Bolt Partner,Tier 1,1.3598708711633194
2065,Restaurant_2065,Bakery,Bangalore,Area_14,2013,3.7,Medium,True,2022-07-21,Regular,Tier 2,1.0270365164637965
2066,Restaurant_2066,Street Food,Jaipur,Area_16,2021,4.6,Low,False,2021-03-05,Gold,Tier 1,2.1630949717031682
2067,Restaurant_2067,North Indian,Bangalore,Area_17,2013,4.5,Medium,True,2020-07-25,Regular,Tier 2,1.1189881806396347
2068,Restaurant_2068,Thai,Delhi,Area_5,2017,4.9,Medium,False,2022-07-01,Bolt Partner,Tier 1,1.1613946243777389
2069,Restaurant_2069,Street Food,Pune,Area_4,2023,4.9,Medium,False,2020-06-16,Regular,Tier 2,1.0941589344172888
2070,Restaurant_2070,Italian,Bangalore,Area_19,2018,4.0,High,True,2020-03-22,Gold,Tier 1,1.221890568062636
2071,Restaurant_2071,South Indian,Gurgaon,Area_13,2018,3.2,Medium,False,2022-08-17,Toing Partner,Tier 3,2.0275656249534597
2072,Restaurant_2072,Japanese,Mumbai,Area_13,2019,3.9,Medium,True,2020-06-07,Regular,Tier 2,1.4424531878291396
2073,Restaurant_2073,Chinese,Kolkata,Area_7,2016,3.9,High,False,2021-01-20,Gold,Tier 1,1.1214605714620016
2074,Restaurant_2074,Bakery,Gurgaon,Area_17,2013,3.4,High,False,2020-04-16,Toing Partner,Tier 3,2.860999961561809
2075,Restaurant_2075,North Indian,Bangalore,Area_9,2014,4.0,High,True,2022-06-03,Regular,Tier 2,2.8817349487770123
2076,Restaurant_2076,Japanese,Chennai,Area_7,2021,3.2,Low,False,2022-07-25,Regular,Tier 2,2.779691888404808
2077,Restaurant_2077,Italian,Bangalore,Area_18,2011,4.0,High,False,2022-07-29,Bolt Partner,Tier 1,1.146171299589226
2078,Restaurant_2078,Mughlai,Jaipur,Area_14,2014,4.6,Low,False,2022-07-09,Regular,Tier 2,1.3499215075658046
2079,Restaurant_2079,South Indian,Chennai,Area_19,2022,3.7,Medium,False,2021-12-21,Toing Partner,Tier 3,8.162152022594615
2080,Restaurant_2080,South Indian,Bangalore,Area_18,2014,5.0,Low,False,2022-01-04,Gold,Tier 1,2.0943268437137155
2081,Restaurant_2081,Mexican,Chennai,Area_20,2019,4.9,Low,False,2021-04-02,Gold,Tier 1,1.0138669051631362
2082,Restaurant_2082,North Indian,Mumbai,Area_3,2013,3.1,Medium,False,2022-04-22,Bolt Partner,Tier 1,1.0342885446819932
2083,Restaurant_2083,Desserts,Hyderabad,Area_14,2018,3.4,Medium,True,2020-05-07,Gold,Tier 1,1.3658084834754471
2084,Restaurant_2084,Desserts,Kolkata,Area_8,2022,4.5,High,False,2020-11-16,Regular,Tier 2,3.318985868023487
2085,Restaurant_2085,Mexican,Jaipur,Area_16,2022,4.2,Medium,False,2021-06-26,Bolt Partner,Tier 1,1.472343417460847
2086,Restaurant_2086,Chinese,Chennai,Area_19,2013,4.0,Medium,True,2020-01-29,Toing Partner,Tier 3,1.4111300954755597
2087,Restaurant_2087,Japanese,Noida,Area_17,2013,4.6,Low,False,2021-12-21,Toing Partner,Tier 3,1.0573126860922275
2088,Restaurant_2088,Fast Food,Bangalore,Area_14,2011,4.7,Low,False,2020-10-10,Bolt Partner,Tier 1,1.706922380639451
2089,Restaurant_2089,Thai,Gurgaon,Area_13,2014,4.4,High,False,2022-09-18,Toing Partner,Tier 3,2.370914451671049
2090,Restaurant_2090,Japanese,Chennai,Area_2,2022,3.3,Low,True,2020-10-30,Regular,Tier 2,1.2704316580927686
2091,Restaurant_2091,Fast Food,Ahmedabad,Area_15,2018,3.5,Low,True,2020-06-12,Regular,Tier 2,2.1110573995099893
2092,Restaurant_2092,South Indian,Noida,Area_1,2023,3.5,Low,False,2021-03-18,Toing Partner,Tier 3,5.305704598320793
2093,Restaurant_2093,Street Food,Gurgaon,Area_17,2016,4.1,Medium,False,2021-06-15,Regular,Tier 2,1.1206752120497387
2094,Restaurant_2094,Mughlai,Lucknow,Area_2,2013,3.8,Low,False,2020-02-12,Toing Partner,Tier 3,1.448408024073812
2095,Restaurant_2095,Healthy Food,Ahmedabad,Area_2,2023,3.1,High,False,2022-01-13,Gold,Tier 1,1.1843968805304734
2096,Restaurant_2096,South Indian,Gurgaon,Area_12,2021,4.3,Low,True,2021-06-11,Toing Partner,Tier 3,2.1971624262730294
2097,Restaurant_2097,Desserts,Chennai,Area_8,2016,4.2,Medium,False,2021-09-16,Bolt Partner,Tier 1,1.5386315545895413
2098,Restaurant_2098,Italian,Hyderabad,Area_17,2013,4.3,Low,False,2021-04-08,Gold,Tier 1,1.65426575681722
2099,Restaurant_2099,Mughlai,Kolkata,Area_5,2014,4.3,Medium,True,2021-09-28,Regular,Tier 2,2.224498194733503
2100,Restaurant_2100,Thai,Noida,Area_2,2020,3.6,Medium,False,2022-08-14,Gold,Tier 1,1.2866810814699872
2101,Restaurant_2101,Chinese,Mumbai,Area_16,2020,4.3,High,True,2021-07-10,Gold,Tier 1,3.4317903959052756
2102,Restaurant_2102,South Indian,Gurgaon,Area_4,2017,3.8,Medium,True,2021-04-08,Regular,Tier 2,1.4633728150510394
2103,Restaurant_2103,Chinese,Bangalore,Area_5,2010,3.5,High,False,2020-11-19,Toing Partner,Tier 3,1.089763615049177
2104,Restaurant_2104,South Indian,Kolkata,Area_1,2015,4.4,High,False,2020-10-15,Regular,Tier 2,1.813389765232604
2105,Restaurant_2105,Mughlai,Noida,Area_6,2020,4.2,High,False,2021-09-30,Toing Partner,Tier 3,2.199323741673834
2106,Restaurant_2106,Continental,Delhi,Area_20,2016,3.8,High,False,2022-02-05,Toing Partner,Tier 3,1.2098008658628543
2107,Restaurant_2107,Street Food,Kolkata,Area_7,2010,3.8,Medium,True,2022-05-25,Gold,Tier 1,2.646088442874199
2108,Restaurant_2108,Desserts,Mumbai,Area_10,2022,4.7,Low,False,2021-05-02,Bolt Partner,Tier 1,3.2641285581540647
2109,Restaurant_2109,American,Chennai,Area_8,2020,3.5,Low,True,2021-11-07,Gold,Tier 1,1.175986041325988
2110,Restaurant_2110,Desserts,Chennai,Area_14,2010,4.0,High,False,2020-05-09,Toing Partner,Tier 3,7.790059993032486
2111,Restaurant_2111,Chinese,Pune,Area_1,2011,3.6,Medium,False,2020-10-30,Gold,Tier 1,1.0787740906710066
2112,Restaurant_2112,Italian,Lucknow,Area_18,2012,3.8,Low,False,2020-11-30,Regular,Tier 2,1.1194451470760725
2113,Restaurant_2113,Mexican,Delhi,Area_19,2021,4.3,Medium,True,2020-05-18,Gold,Tier 1,1.1071711514522247
2114,Restaurant_2114,Italian,Lucknow,Area_3,2014,3.8,High,False,2022-01-09,Gold,Tier 1,3.0713265126665057
2115,Restaurant_2115,North Indian,Gurgaon,Area_17,2010,4.1,Low,False,2020-01-08,Toing Partner,Tier 3,1.700770177859055
2116,Restaurant_2116,Mughlai,Chennai,Area_13,2010,4.7,Medium,False,2022-05-05,Toing Partner,Tier 3,1.0859973844953108
2117,Restaurant_2117,Thai,Jaipur,Area_19,2016,4.4,Medium,False,2020-12-20,Gold,Tier 1,1.336692257120367
2118,Restaurant_2118,South Indian,Bangalore,Area_15,2014,4.8,Low,False,2021-09-21,Regular,Tier 2,1.6122700708085431
2119,Restaurant_2119,Thai,Jaipur,Area_9,2016,4.6,Low,False,2021-12-06,Regular,Tier 2,1.044540434058984
2120,Restaurant_2120,Fast Food,Kolkata,Area_20,2014,3.5,Low,False,2022-08-29,Bolt Partner,Tier 1,2.916262177753601
2121,Restaurant_2121,Chinese,Ahmedabad,Area_5,2017,3.2,Medium,False,2020-01-25,Regular,Tier 2,2.2564887219100482
2122,Restaurant_2122,North Indian,Kolkata,Area_1,2016,3.8,Low,False,2021-10-25,Regular,Tier 2,1.4216350658776724
2123,Restaurant_2123,Bakery,Ahmedabad,Area_14,2016,3.3,Medium,False,2021-08-22,Bolt Partner,Tier 1,5.515409828366716
2124,Restaurant_2124,Italian,Chennai,Area_7,2022,4.5,Low,False,2022-06-06,Bolt Partner,Tier 1,1.3105371790629634
2125,Restaurant_2125,Fast Food,Bangalore,Area_7,2023,3.4,High,True,2020-05-14,Bolt Partner,Tier 1,7.933090547030832
2126,Restaurant_2126,Thai,Noida,Area_16,2014,4.1,Medium,True,2022-01-30,Bolt Partner,Tier 1,1.7353162714690429
2127,Restaurant_2127,Continental,Chennai,Area_8,2011,3.3,High,False,2020-01-12,Gold,Tier 1,1.6544669208652703
2128,Restaurant_2128,Thai,Hyderabad,Area_8,2023,3.5,Low,True,2021-04-02,Gold,Tier 1,1.0949775905997239
2129,Restaurant_2129,Chinese,Pune,Area_10,2017,4.9,Medium,True,2020-12-24,Gold,Tier 1,2.910221840259853
2130,Restaurant_2130,Italian,Ahmedabad,Area_9,2016,3.4,High,False,2022-09-15,Toing Partner,Tier 3,1.321625298164659
2131,Restaurant_2131,Bakery,Chennai,Area_4,2017,3.1,Low,False,2020-02-14,Regular,Tier 2,1.092542853337644
2132,Restaurant_2132,Bakery,Lucknow,Area_1,2022,4.2,Low,False,2022-01-07,Toing Partner,Tier 3,1.006363999297972
2133,Restaurant_2133,Healthy Food,Kolkata,Area_11,2014,3.3,Low,True,2020-10-14,Regular,Tier 2,1.5071383507776446
2134,Restaurant_2134,Street Food,Kolkata,Area_15,2019,4.5,High,True,2020-06-25,Regular,Tier 2,1.4546314321959948
2135,Restaurant_2135,American,Hyderabad,Area_20,2023,4.8,High,False,2022-06-25,Regular,Tier 2,1.887644814993901
2136,Restaurant_2136,Mexican,Chennai,Area_10,2020,3.4,Low,False,2022-02-28,Regular,Tier 2,3.018656312884146
2137,Restaurant_2137,Chinese,Gurgaon,Area_6,2020,4.1,Medium,False,2022-04-17,Toing Partner,Tier 3,1.0422359946632664
2138,Restaurant_2138,Japanese,Delhi,Area_4,2021,3.4,Medium,False,2022-08-26,Toing Partner,Tier 3,1.9298564981847384
2139,Restaurant_2139,South Indian,Noida,Area_14,2022,3.3,Low,True,2020-05-30,Toing Partner,Tier 3,1.1093402808732258
2140,Restaurant_2140,Japanese,Pune,Area_11,2018,3.3,Low,False,2021-09-10,Regular,Tier 2,2.655380413323011
2141,Restaurant_2141,North Indian,Kolkata,Area_3,2023,4.8,High,True,2021-06-16,Bolt Partner,Tier 1,2.3509149840817294
2142,Restaurant_2142,Italian,Chennai,Area_9,2014,4.5,Low,True,2022-08-17,Toing Partner,Tier 3,1.4756933057416155
2143,Restaurant_2143,Desserts,Ahmedabad,Area_8,2013,4.3,High,True,2022-04-03,Toing Partner,Tier 3,1.8577312249313698
2144,Restaurant_2144,Fast Food,Ahmedabad,Area_12,2011,4.7,Medium,False,2020-01-26,Toing Partner,Tier 3,1.2076714394482724
2145,Restaurant_2145,Mexican,Kolkata,Area_3,2021,3.7,High,False,2022-02-10,Gold,Tier 1,1.3751215722539305
2146,Restaurant_2146,Continental,Lucknow,Area_11,2013,4.1,Medium,False,2021-12-01,Gold,Tier 1,2.367813494092962
2147,Restaurant_2147,North Indian,Bangalore,Area_19,2012,3.8,Low,False,2020-02-13,Gold,Tier 1,1.3599027083513395
2148,Restaurant_2148,South Indian,Bangalore,Area_9,2021,4.7,Medium,True,2021-03-05,Regular,Tier 2,1.24785540030394
2149,Restaurant_2149,Japanese,Kolkata,Area_11,2012,4.2,Low,False,2021-11-30,Toing Partner,Tier 3,1.406099103510014
2150,Restaurant_2150,Thai,Ahmedabad,Area_15,2023,3.1,High,False,2021-08-21,Toing Partner,Tier 3,2.412963107902865
2151,Restaurant_2151,Bakery,Delhi,Area_13,2010,4.7,Low,False,2020-01-19,Gold,Tier 1,1.226470546588735
2152,Restaurant_2152,Japanese,Chennai,Area_4,2022,3.6,Medium,False,2020-03-02,Bolt Partner,Tier 1,1.1001383663346085
2153,Restaurant_2153,Fast Food,Mumbai,Area_15,2010,4.4,Medium,False,2022-05-26,Bolt Partner,Tier 1,1.8634353394057606
2154,Restaurant_2154,Desserts,Delhi,Area_4,2022,4.9,High,False,2020-03-26,Gold,Tier 1,2.3971664323406445
2155,Restaurant_2155,Bakery,Ahmedabad,Area_2,2020,4.7,Medium,True,2021-03-14,Regular,Tier 2,1.0544660636910623
2156,Restaurant_2156,Street Food,Lucknow,Area_8,2011,3.1,Low,True,2021-03-23,Regular,Tier 2,1.1469836794609514
2157,Restaurant_2157,Mughlai,Jaipur,Area_10,2021,3.2,Low,True,2021-05-25,Toing Partner,Tier 3,1.0795661711222728
2158,Restaurant_2158,North Indian,Gurgaon,Area_5,2018,3.9,Medium,True,2021-11-07,Gold,Tier 1,1.2383878723149353
2159,Restaurant_2159,Bakery,Delhi,Area_17,2019,4.9,High,False,2022-06-22,Toing Partner,Tier 3,1.3488301671863006
2160,Restaurant_2160,Bakery,Delhi,Area_7,2021,3.3,High,True,2021-10-21,Bolt Partner,Tier 1,1.9953218132687123
2161,Restaurant_2161,Street Food,Delhi,Area_10,2022,4.2,Low,False,2021-02-03,Regular,Tier 2,1.6930864461380966
2162,Restaurant_2162,Desserts,Chennai,Area_9,2019,4.9,Low,False,2021-09-06,Toing Partner,Tier 3,1.624199871376833
2163,Restaurant_2163,Chinese,Kolkata,Area_11,2020,4.2,Medium,True,2021-07-06,Gold,Tier 1,1.242619542593495
2164,Restaurant_2164,Mexican,Bangalore,Area_7,2020,3.4,Low,False,2020-12-17,Bolt Partner,Tier 1,2.511386327836052
2165,Restaurant_2165,North Indian,Noida,Area_2,2021,3.6,Medium,False,2021-10-03,Toing Partner,Tier 3,1.3752766653225539
2166,Restaurant_2166,Continental,Kolkata,Area_2,2023,4.2,Medium,True,2021-12-10,Toing Partner,Tier 3,6.917961935763836
2167,Restaurant_2167,Healthy Food,Jaipur,Area_15,2016,4.0,High,True,2020-01-16,Gold,Tier 1,1.653270072118092
2168,Restaurant_2168,American,Noida,Area_2,2013,4.9,Low,False,2021-04-02,Bolt Partner,Tier 1,1.0698184151345835
2169,Restaurant_2169,Healthy Food,Delhi,Area_2,2010,3.4,High,True,2022-01-05,Bolt Partner,Tier 1,1.7573025165199199
2170,Restaurant_2170,Thai,Hyderabad,Area_4,2023,3.5,High,True,2021-11-25,Toing Partner,Tier 3,1.2172550301488916
2171,Restaurant_2171,Thai,Mumbai,Area_9,2013,4.2,Medium,False,2020-10-24,Toing Partner,Tier 3,1.7855070419546042
2172,Restaurant_2172,Healthy Food,Delhi,Area_9,2019,3.4,Low,False,2022-06-30,Gold,Tier 1,1.0367516923821478
2173,Restaurant_2173,South Indian,Noida,Area_18,2010,4.0,High,False,2022-08-31,Gold,Tier 1,1.1008846625170363
2174,Restaurant_2174,Thai,Pune,Area_15,2016,4.8,Low,True,2021-12-31,Bolt Partner,Tier 1,2.6328305587238083
2175,Restaurant_2175,Fast Food,Lucknow,Area_2,2018,3.9,Low,True,2020-09-11,Toing Partner,Tier 3,1.1375243425448194
2176,Restaurant_2176,North Indian,Kolkata,Area_17,2021,4.7,Medium,True,2020-07-13,Toing Partner,Tier 3,2.477199544132438
2177,Restaurant_2177,Fast Food,Mumbai,Area_2,2011,3.6,Low,False,2021-03-23,Bolt Partner,Tier 1,1.177919291458781
2178,Restaurant_2178,Mughlai,Hyderabad,Area_3,2019,3.8,Low,False,2021-06-25,Toing Partner,Tier 3,1.673378076923106
2179,Restaurant_2179,Italian,Hyderabad,Area_8,2022,3.3,Low,False,2021-08-19,Regular,Tier 2,1.8081987503420027
2180,Restaurant_2180,Fast Food,Bangalore,Area_16,2020,3.2,Medium,True,2021-07-20,Gold,Tier 1,1.4324571274028126
2181,Restaurant_2181,Japanese,Noida,Area_1,2010,4.7,Medium,False,2022-02-08,Bolt Partner,Tier 1,1.1997884806046908
2182,Restaurant_2182,South Indian,Noida,Area_8,2017,4.1,Medium,True,2021-08-19,Regular,Tier 2,1.1269756514558669
2183,Restaurant_2183,South Indian,Mumbai,Area_10,2011,5.0,High,False,2022-04-13,Gold,Tier 1,1.017019518999327
2184,Restaurant_2184,Mexican,Jaipur,Area_18,2012,3.9,Low,False,2022-01-26,Toing Partner,Tier 3,1.1986121022158134
2185,Restaurant_2185,Street Food,Delhi,Area_18,2015,3.6,Medium,False,2020-06-13,Bolt Partner,Tier 1,1.6979979371977616
2186,Restaurant_2186,Thai,Lucknow,Area_17,2022,4.5,Low,True,2021-06-11,Gold,Tier 1,4.026005619241435
2187,Restaurant_2187,Bakery,Mumbai,Area_15,2017,3.9,Low,True,2020-12-07,Toing Partner,Tier 3,2.786439547596067
2188,Restaurant_2188,Street Food,Delhi,Area_4,2014,3.4,Medium,False,2021-11-19,Bolt Partner,Tier 1,2.067531766260908
2189,Restaurant_2189,Street Food,Kolkata,Area_15,2015,4.8,Medium,True,2022-04-15,Toing Partner,Tier 3,2.174156279275874
2190,Restaurant_2190,Continental,Pune,Area_16,2019,4.7,Medium,False,2022-09-27,Gold,Tier 1,1.727697922895066
2191,Restaurant_2191,Continental,Pune,Area_8,2010,4.4,Medium,False,2020-08-20,Toing Partner,Tier 3,1.162701767254428
2192,Restaurant_2192,Mughlai,Mumbai,Area_5,2017,4.7,Medium,True,2020-07-21,Toing Partner,Tier 3,3.2825729343584724
2193,Restaurant_2193,Mexican,Bangalore,Area_15,2015,3.4,Low,False,2022-08-09,Toing Partner,Tier 3,1.7427112823208903
2194,Restaurant_2194,Thai,Lucknow,Area_3,2012,3.9,High,False,2021-08-31,Bolt Partner,Tier 1,1.5083121496333687
2195,Restaurant_2195,Italian,Delhi,Area_13,2011,4.9,Medium,True,2021-03-14,Bolt Partner,Tier 1,1.0605876050748755
2196,Restaurant_2196,Bakery,Pune,Area_3,2019,4.2,High,True,2021-05-16,Gold,Tier 1,1.344804785586495
2197,Restaurant_2197,Italian,Hyderabad,Area_17,2016,3.0,High,True,2022-03-09,Toing Partner,Tier 3,1.3612792905171354
2198,Restaurant_2198,South Indian,Noida,Area_20,2011,5.0,Low,False,2022-09-18,Bolt Partner,Tier 1,2.7172670004390143
2199,Restaurant_2199,Continental,Noida,Area_16,2014,3.2,High,False,2021-12-29,Toing Partner,Tier 3,1.4851910979934728
2200,Restaurant_2200,Healthy Food,Kolkata,Area_16,2016,3.3,Low,False,2021-12-23,Bolt Partner,Tier 1,1.2704117089662241
2201,Restaurant_2201,Italian,Noida,Area_4,2023,3.1,Low,False,2022-07-02,Regular,Tier 2,6.5653681257673115
2202,Restaurant_2202,Street Food,Noida,Area_3,2021,3.4,Medium,False,2022-08-25,Gold,Tier 1,1.060427257275551
2203,Restaurant_2203,Continental,Kolkata,Area_6,2014,4.3,Medium,False,2021-07-11,Regular,Tier 2,1.3159585682642785
2204,Restaurant_2204,Desserts,Delhi,Area_14,2013,3.6,Low,True,2021-01-13,Gold,Tier 1,1.0216986948181124
2205,Restaurant_2205,Fast Food,Lucknow,Area_9,2022,4.1,High,True,2020-06-01,Bolt Partner,Tier 1,1.960799846272908
2206,Restaurant_2206,Fast Food,Ahmedabad,Area_10,2013,3.3,Medium,True,2020-11-17,Bolt Partner,Tier 1,3.493782693479921
2207,Restaurant_2207,Mughlai,Pune,Area_3,2021,4.5,Low,False,2020-07-20,Bolt Partner,Tier 1,1.178541854066399
2208,Restaurant_2208,American,Jaipur,Area_4,2022,4.1,Low,False,2022-09-22,Regular,Tier 2,2.6569228975792316
2209,Restaurant_2209,Bakery,Bangalore,Area_4,2014,4.0,Low,False,2022-08-10,Toing Partner,Tier 3,1.1886399257549218
2210,Restaurant_2210,Bakery,Bangalore,Area_5,2023,5.0,High,False,2020-05-09,Bolt Partner,Tier 1,3.347687779006966
2211,Restaurant_2211,Bakery,Hyderabad,Area_20,2016,3.4,Low,True,2020-02-21,Regular,Tier 2,2.0160384970910377
2212,Restaurant_2212,Japanese,Gurgaon,Area_15,2011,4.6,High,False,2022-06-07,Toing Partner,Tier 3,2.2640129574689274
2213,Restaurant_2213,Healthy Food,Lucknow,Area_2,2019,5.0,Low,True,2021-10-21,Toing Partner,Tier 3,1.0091267200288312
2214,Restaurant_2214,Continental,Pune,Area_19,2019,4.2,Medium,False,2020-02-02,Bolt Partner,Tier 1,5.185480384174971
2215,Restaurant_2215,Street Food,Ahmedabad,Area_4,2021,4.9,Low,True,2022-09-01,Gold,Tier 1,1.9127452735097672
2216,Restaurant_2216,Bakery,Noida,Area_6,2021,3.5,Low,False,2021-07-11,Toing Partner,Tier 3,1.199305549705618
2217,Restaurant_2217,Chinese,Delhi,Area_5,2013,4.3,Low,False,2020-08-13,Bolt Partner,Tier 1,2.4210496500055605
2218,Restaurant_2218,Mughlai,Ahmedabad,Area_12,2017,4.9,Medium,False,2021-04-03,Gold,Tier 1,1.179758243153577
2219,Restaurant_2219,South Indian,Jaipur,Area_3,2011,3.2,Low,True,2022-08-04,Bolt Partner,Tier 1,2.803352153267766
2220,Restaurant_2220,Chinese,Delhi,Area_2,2011,4.2,Medium,False,2022-08-24,Gold,Tier 1,1.0615378634030272
2221,Restaurant_2221,Italian,Kolkata,Area_17,2011,3.5,High,True,2021-07-23,Regular,Tier 2,1.8370623557988754
2222,Restaurant_2222,American,Ahmedabad,Area_18,2016,3.3,High,False,2022-07-03,Regular,Tier 2,1.4755402375557662
2223,Restaurant_2223,Bakery,Mumbai,Area_19,2018,4.1,Medium,True,2020-09-30,Toing Partner,Tier 3,1.0520689571229416
2224,Restaurant_2224,Healthy Food,Gurgaon,Area_20,2013,3.6,High,False,2020-05-20,Toing Partner,Tier 3,1.1485105367285928
2225,Restaurant_2225,Desserts,Ahmedabad,Area_9,2012,4.9,Medium,False,2021-03-05,Regular,Tier 2,1.006260318630327
2226,Restaurant_2226,Healthy Food,Chennai,Area_20,2014,4.4,High,False,2021-04-03,Regular,Tier 2,1.3720118802357215
2227,Restaurant_2227,South Indian,Delhi,Area_19,2021,5.0,Medium,False,2021-09-06,Bolt Partner,Tier 1,1.1963102729400306
2228,Restaurant_2228,Mughlai,Kolkata,Area_7,2021,4.4,Low,True,2022-09-12,Toing Partner,Tier 3,1.577902487006362
2229,Restaurant_2229,Healthy Food,Gurgaon,Area_4,2017,3.2,High,False,2022-05-05,Bolt Partner,Tier 1,1.1928773860116428
2230,Restaurant_2230,American,Chennai,Area_2,2016,3.8,High,False,2021-01-20,Toing Partner,Tier 3,1.1951595580037426
2231,Restaurant_2231,Mughlai,Chennai,Area_13,2016,3.1,High,False,2020-11-26,Toing Partner,Tier 3,1.973316463745239
2232,Restaurant_2232,Mughlai,Mumbai,Area_4,2019,3.9,High,False,2022-09-12,Regular,Tier 2,1.0249769726390132
2233,Restaurant_2233,Chinese,Bangalore,Area_2,2012,4.9,Low,True,2021-02-02,Bolt Partner,Tier 1,3.209070017831749
2234,Restaurant_2234,Street Food,Mumbai,Area_14,2018,4.5,High,False,2022-08-01,Bolt Partner,Tier 1,2.601696587326387
2235,Restaurant_2235,Italian,Hyderabad,Area_10,2022,4.9,Low,True,2020-11-20,Toing Partner,Tier 3,1.7350150535462328
2236,Restaurant_2236,Thai,Gurgaon,Area_6,2016,3.4,Medium,False,2022-01-31,Toing Partner,Tier 3,1.5679096828376524
2237,Restaurant_2237,Chinese,Kolkata,Area_18,2012,4.7,Medium,False,2020-10-21,Regular,Tier 2,3.047173517019547
2238,Restaurant_2238,Bakery,Pune,Area_5,2018,4.1,High,True,2020-04-02,Bolt Partner,Tier 1,1.107921999231998
2239,Restaurant_2239,Desserts,Mumbai,Area_10,2019,3.9,Low,False,2020-11-06,Bolt Partner,Tier 1,1.0419884722415398
2240,Restaurant_2240,American,Gurgaon,Area_4,2015,3.2,High,True,2020-12-14,Toing Partner,Tier 3,1.1467091942259013
2241,Restaurant_2241,Thai,Delhi,Area_16,2014,4.3,Low,False,2020-11-08,Toing Partner,Tier 3,2.20636224854199
2242,Restaurant_2242,Desserts,Noida,Area_7,2021,3.6,Low,True,2022-02-03,Gold,Tier 1,1.0177993247663282
2243,Restaurant_2243,Chinese,Hyderabad,Area_19,2012,3.4,Medium,False,2022-03-11,Bolt Partner,Tier 1,1.5482154879936179
2244,Restaurant_2244,Healthy Food,Bangalore,Area_1,2013,4.2,Medium,True,2020-02-12,Toing Partner,Tier 3,14.80469047327206
2245,Restaurant_2245,North Indian,Pune,Area_20,2010,4.7,High,True,2021-06-11,Regular,Tier 2,2.6324550027774754
2246,Restaurant_2246,Thai,Jaipur,Area_9,2010,3.8,High,False,2021-04-30,Bolt Partner,Tier 1,1.445554212369396
2247,Restaurant_2247,Japanese,Bangalore,Area_13,2020,3.6,High,False,2021-01-03,Gold,Tier 1,1.0334245737229468
2248,Restaurant_2248,Chinese,Chennai,Area_5,2021,3.5,Low,False,2020-10-24,Toing Partner,Tier 3,2.4352138526213665
2249,Restaurant_2249,Chinese,Kolkata,Area_19,2022,3.5,High,True,2021-08-17,Regular,Tier 2,1.5791237881859221
2250,Restaurant_2250,Fast Food,Ahmedabad,Area_13,2018,3.7,Medium,False,2022-04-23,Gold,Tier 1,1.0629477700251573
2251,Restaurant_2251,Mughlai,Lucknow,Area_11,2020,4.3,Low,True,2022-02-21,Bolt Partner,Tier 1,1.0505136463297797
2252,Restaurant_2252,Continental,Pune,Area_7,2021,3.1,Medium,True,2022-08-08,Bolt Partner,Tier 1,3.32644399948378
2253,Restaurant_2253,Thai,Bangalore,Area_8,2011,3.2,Medium,False,2020-01-13,Gold,Tier 1,1.738671047047744
2254,Restaurant_2254,Fast Food,Chennai,Area_17,2011,4.6,Medium,False,2020-03-16,Toing Partner,Tier 3,2.4202846561543523
2255,Restaurant_2255,Italian,Hyderabad,Area_14,2016,3.5,Medium,False,2022-04-26,Toing Partner,Tier 3,2.8745472551455253
2256,Restaurant_2256,Mughlai,Noida,Area_3,2021,4.8,High,False,2020-02-26,Toing Partner,Tier 3,1.5281382563147332
2257,Restaurant_2257,Thai,Delhi,Area_2,2016,3.2,Medium,False,2021-08-08,Toing Partner,Tier 3,1.4395514732451202
2258,Restaurant_2258,Healthy Food,Ahmedabad,Area_4,2021,4.9,High,False,2022-02-15,Bolt Partner,Tier 1,1.3250292319545105
2259,Restaurant_2259,Italian,Jaipur,Area_4,2014,4.8,Medium,False,2020-12-18,Bolt Partner,Tier 1,1.209964608559725
2260,Restaurant_2260,Desserts,Noida,Area_17,2016,4.7,Low,False,2022-04-16,Regular,Tier 2,1.3299047790103362
2261,Restaurant_2261,Fast Food,Chennai,Area_6,2015,3.5,Low,False,2020-12-03,Regular,Tier 2,2.102955975444534
2262,Restaurant_2262,Healthy Food,Mumbai,Area_15,2013,4.1,Medium,False,2020-10-26,Bolt Partner,Tier 1,1.584954109492555
2263,Restaurant_2263,Japanese,Delhi,Area_8,2015,3.9,Medium,False,2020-12-20,Regular,Tier 2,3.0503018496314156
2264,Restaurant_2264,Bakery,Noida,Area_16,2011,3.9,Medium,True,2021-12-09,Gold,Tier 1,1.3403573559595319
2265,Restaurant_2265,Bakery,Ahmedabad,Area_7,2014,3.4,Low,False,2021-11-19,Regular,Tier 2,1.5953398958535123
2266,Restaurant_2266,Chinese,Jaipur,Area_17,2023,3.9,High,False,2022-05-23,Toing Partner,Tier 3,1.64690246532458
2267,Restaurant_2267,Desserts,Ahmedabad,Area_16,2010,4.3,Medium,False,2021-02-05,Regular,Tier 2,1.564980032820784
2268,Restaurant_2268,Mughlai,Noida,Area_11,2021,3.6,High,True,2021-01-27,Bolt Partner,Tier 1,1.8338093334107655
2269,Restaurant_2269,American,Mumbai,Area_9,2019,4.8,High,True,2021-01-30,Gold,Tier 1,1.1451467100639137
2270,Restaurant_2270,North Indian,Bangalore,Area_3,2016,3.8,High,False,2021-01-22,Gold,Tier 1,1.4320296855427508
2271,Restaurant_2271,Healthy Food,Noida,Area_7,2020,3.5,Medium,False,2021-10-24,Gold,Tier 1,1.056575371988211
2272,Restaurant_2272,Italian,Pune,Area_12,2015,3.6,Low,True,2022-08-21,Gold,Tier 1,1.2746471162705053
2273,Restaurant_2273,Healthy Food,Mumbai,Area_13,2020,5.0,Medium,False,2021-07-25,Bolt Partner,Tier 1,1.397088326803354
2274,Restaurant_2274,Bakery,Pune,Area_10,2015,3.8,Low,True,2021-08-13,Bolt Partner,Tier 1,1.6957052236605614
2275,Restaurant_2275,Thai,Hyderabad,Area_10,2020,3.5,Low,True,2022-05-30,Gold,Tier 1,4.496076221444609
2276,Restaurant_2276,Fast Food,Bangalore,Area_14,2020,4.1,Medium,False,2020-04-24,Bolt Partner,Tier 1,1.5824271863089845
2277,Restaurant_2277,Bakery,Mumbai,Area_2,2015,4.2,Low,False,2020-08-10,Toing Partner,Tier 3,1.9748578343967607
2278,Restaurant_2278,Desserts,Chennai,Area_9,2013,5.0,Medium,False,2020-06-02,Regular,Tier 2,1.423159278644026
2279,Restaurant_2279,Chinese,Delhi,Area_2,2012,3.8,High,True,2020-05-10,Bolt Partner,Tier 1,1.6531839784258653
2280,Restaurant_2280,South Indian,Hyderabad,Area_7,2020,4.5,Medium,False,2021-11-08,Gold,Tier 1,1.0374717971133829
2281,Restaurant_2281,Mughlai,Gurgaon,Area_12,2014,4.5,Medium,True,2021-09-24,Gold,Tier 1,1.1580960980600525
2282,Restaurant_2282,Continental,Noida,Area_2,2018,4.7,High,False,2021-08-30,Toing Partner,Tier 3,1.2518136006884595
2283,Restaurant_2283,Continental,Kolkata,Area_20,2013,3.6,Low,False,2020-10-24,Bolt Partner,Tier 1,1.3768481094933542
2284,Restaurant_2284,Mexican,Mumbai,Area_7,2023,3.5,Medium,True,2021-01-20,Regular,Tier 2,1.0236367649919735
2285,Restaurant_2285,Japanese,Ahmedabad,Area_11,2015,3.9,High,False,2022-07-03,Gold,Tier 1,1.0783428399449153
2286,Restaurant_2286,Street Food,Hyderabad,Area_7,2020,3.6,High,False,2021-11-16,Toing Partner,Tier 3,1.17591271766767
2287,Restaurant_2287,American,Gurgaon,Area_7,2016,4.3,Medium,False,2021-09-18,Bolt Partner,Tier 1,5.926888969423411
2288,Restaurant_2288,North Indian,Noida,Area_13,2017,4.4,High,False,2021-03-07,Bolt Partner,Tier 1,1.2229243813334816
2289,Restaurant_2289,Chinese,Pune,Area_9,2018,3.1,Medium,False,2020-09-26,Bolt Partner,Tier 1,1.3894801040502835
2290,Restaurant_2290,Mexican,Jaipur,Area_6,2011,3.1,Medium,True,2022-02-19,Toing Partner,Tier 3,1.1153171179838073
2291,Restaurant_2291,Italian,Bangalore,Area_8,2011,3.5,High,False,2020-09-16,Bolt Partner,Tier 1,1.602885371873533
2292,Restaurant_2292,North Indian,Chennai,Area_2,2021,4.7,Medium,False,2022-06-23,Toing Partner,Tier 3,1.1790708510689407
2293,Restaurant_2293,Healthy Food,Hyderabad,Area_11,2013,3.4,Low,False,2021-10-20,Gold,Tier 1,1.1229524683670027
2294,Restaurant_2294,Bakery,Mumbai,Area_19,2018,3.9,Low,True,2020-10-06,Toing Partner,Tier 3,1.4382499969810334
2295,Restaurant_2295,Thai,Chennai,Area_9,2020,4.4,High,False,2021-01-06,Regular,Tier 2,1.0027643196737008
2296,Restaurant_2296,Mexican,Ahmedabad,Area_8,2015,4.2,High,False,2021-08-29,Toing Partner,Tier 3,1.0038541844748794
2297,Restaurant_2297,Japanese,Pune,Area_17,2021,3.3,High,False,2020-01-08,Regular,Tier 2,1.1316017630210924
2298,Restaurant_2298,Bakery,Delhi,Area_2,2017,4.1,Low,True,2020-01-21,Toing Partner,Tier 3,1.0188823415166228
2299,Restaurant_2299,Bakery,Noida,Area_14,2015,3.4,Low,False,2020-10-25,Gold,Tier 1,1.058824160197001
2300,Restaurant_2300,South Indian,Delhi,Area_14,2010,3.6,Medium,False,2021-06-10,Toing Partner,Tier 3,1.2298538260377632
2301,Restaurant_2301,Desserts,Chennai,Area_9,2010,5.0,High,True,2022-04-16,Gold,Tier 1,2.250664047088622
2302,Restaurant_2302,Continental,Jaipur,Area_7,2014,3.3,Medium,True,2020-01-22,Bolt Partner,Tier 1,1.5286314703290744
2303,Restaurant_2303,Continental,Kolkata,Area_15,2012,3.2,Medium,False,2020-08-02,Regular,Tier 2,1.432476193318843
2304,Restaurant_2304,Mughlai,Noida,Area_5,2011,4.8,High,True,2021-04-25,Gold,Tier 1,1.1897082732239574
2305,Restaurant_2305,Street Food,Jaipur,Area_19,2011,4.5,Low,False,2022-01-18,Bolt Partner,Tier 1,3.827899318042852
2306,Restaurant_2306,Fast Food,Jaipur,Area_5,2020,5.0,High,False,2021-05-15,Regular,Tier 2,1.2877950769629967
2307,Restaurant_2307,Italian,Jaipur,Area_6,2019,4.4,Low,False,2022-07-03,Gold,Tier 1,1.0466143281591622
2308,Restaurant_2308,Mughlai,Mumbai,Area_9,2018,3.6,High,False,2020-08-01,Gold,Tier 1,1.6159887332970904
2309,Restaurant_2309,Chinese,Kolkata,Area_15,2017,4.0,High,False,2021-02-20,Toing Partner,Tier 3,1.0622910805751886
2310,Restaurant_2310,Desserts,Jaipur,Area_20,2022,3.6,Low,True,2020-02-25,Gold,Tier 1,1.235814650578505
2311,Restaurant_2311,Mexican,Kolkata,Area_2,2019,3.8,Low,False,2020-02-27,Toing Partner,Tier 3,1.4248136238126066
2312,Restaurant_2312,Street Food,Ahmedabad,Area_20,2013,3.5,Low,False,2021-12-24,Bolt Partner,Tier 1,2.819671816780385
2313,Restaurant_2313,Bakery,Chennai,Area_11,2015,4.9,High,False,2020-06-08,Bolt Partner,Tier 1,1.4051744549867873
2314,Restaurant_2314,Mughlai,Kolkata,Area_16,2021,4.2,Low,False,2020-02-02,Regular,Tier 2,1.8326541220536898
2315,Restaurant_2315,South Indian,Noida,Area_4,2010,4.3,High,False,2021-06-03,Regular,Tier 2,11.798918455873931
2316,Restaurant_2316,South Indian,Gurgaon,Area_5,2015,4.8,Medium,False,2020-11-22,Toing Partner,Tier 3,1.0730312454739388
2317,Restaurant_2317,Continental,Gurgaon,Area_9,2014,4.7,High,False,2022-07-04,Bolt Partner,Tier 1,1.1742230461033756
2318,Restaurant_2318,North Indian,Noida,Area_6,2010,3.9,Low,True,2020-09-24,Toing Partner,Tier 3,1.2851985016615974
2319,Restaurant_2319,North Indian,Kolkata,Area_6,2014,4.8,Low,False,2021-01-23,Toing Partner,Tier 3,1.3151386439855608
2320,Restaurant_2320,Thai,Kolkata,Area_1,2012,3.7,High,False,2020-06-18,Gold,Tier 1,1.3030171222627425
2321,Restaurant_2321,Bakery,Bangalore,Area_3,2016,3.6,High,False,2021-06-03,Bolt Partner,Tier 1,3.289954356760461
2322,Restaurant_2322,American,Noida,Area_11,2021,3.2,High,False,2020-05-26,Gold,Tier 1,1.8700007053981997
2323,Restaurant_2323,Desserts,Kolkata,Area_10,2011,5.0,High,False,2020-07-24,Toing Partner,Tier 3,1.5969983464399085
2324,Restaurant_2324,Japanese,Hyderabad,Area_12,2012,4.0,Medium,False,2021-02-15,Regular,Tier 2,1.2033116870511125
2325,Restaurant_2325,Thai,Kolkata,Area_15,2023,4.0,Medium,False,2022-05-14,Gold,Tier 1,2.3822382738622827
2326,Restaurant_2326,Street Food,Delhi,Area_13,2022,4.9,High,False,2022-03-14,Bolt Partner,Tier 1,4.717217895512371
2327,Restaurant_2327,Continental,Ahmedabad,Area_7,2020,3.2,Low,False,2021-10-19,Gold,Tier 1,2.3649074912599475
2328,Restaurant_2328,Fast Food,Chennai,Area_18,2023,4.2,Medium,True,2020-06-26,Gold,Tier 1,1.0007834723782927
2329,Restaurant_2329,Thai,Chennai,Area_9,2023,3.7,High,False,2022-09-04,Bolt Partner,Tier 1,1.6583984417583537
2330,Restaurant_2330,Mughlai,Ahmedabad,Area_10,2022,3.1,Low,True,2021-06-30,Bolt Partner,Tier 1,1.0265919952239166
2331,Restaurant_2331,Mexican,Mumbai,Area_20,2017,4.5,Low,False,2021-09-13,Bolt Partner,Tier 1,1.1606015074310467
2332,Restaurant_2332,American,Gurgaon,Area_15,2021,3.7,Medium,False,2020-09-15,Regular,Tier 2,1.0311605822549579
2333,Restaurant_2333,Bakery,Jaipur,Area_2,2015,3.3,Low,False,2020-02-26,Toing Partner,Tier 3,1.5886940619597634
2334,Restaurant_2334,Italian,Bangalore,Area_19,2020,3.3,High,True,2021-07-28,Regular,Tier 2,1.7862552381151415
2335,Restaurant_2335,Fast Food,Chennai,Area_18,2014,4.4,Medium,False,2022-08-12,Bolt Partner,Tier 1,1.0626804372884662
2336,Restaurant_2336,Healthy Food,Delhi,Area_2,2020,4.4,Medium,False,2020-02-04,Gold,Tier 1,1.2739513862656122
2337,Restaurant_2337,Healthy Food,Noida,Area_9,2014,3.1,Medium,False,2020-06-30,Bolt Partner,Tier 1,1.3561101840422622
2338,Restaurant_2338,Japanese,Hyderabad,Area_6,2018,4.0,High,False,2021-09-17,Regular,Tier 2,1.2589357536067167
2339,Restaurant_2339,Desserts,Lucknow,Area_9,2022,4.8,Low,True,2021-02-03,Bolt Partner,Tier 1,1.0666249508898629
2340,Restaurant_2340,South Indian,Bangalore,Area_16,2021,4.6,Medium,True,2022-08-06,Toing Partner,Tier 3,1.3118748957048658
2341,Restaurant_2341,Continental,Ahmedabad,Area_11,2015,3.8,High,True,2021-03-07,Toing Partner,Tier 3,2.004728910459757
2342,Restaurant_2342,American,Hyderabad,Area_14,2016,3.3,Medium,False,2022-04-23,Toing Partner,Tier 3,1.0375139255542656
2343,Restaurant_2343,Mughlai,Hyderabad,Area_6,2013,4.1,High,True,2020-04-30,Regular,Tier 2,1.0426740839812176
2344,Restaurant_2344,North Indian,Noida,Area_5,2010,4.0,Medium,False,2020-10-18,Regular,Tier 2,1.244924915631385
2345,Restaurant_2345,Healthy Food,Pune,Area_13,2023,3.9,Low,False,2021-07-31,Bolt Partner,Tier 1,4.142490399540944
2346,Restaurant_2346,Bakery,Ahmedabad,Area_9,2019,4.5,Medium,True,2022-05-07,Regular,Tier 2,1.7370240266306793
2347,Restaurant_2347,Chinese,Jaipur,Area_6,2021,4.0,Medium,True,2022-03-28,Bolt Partner,Tier 1,1.7641046052413107
2348,Restaurant_2348,American,Jaipur,Area_12,2010,4.2,Medium,False,2021-08-27,Regular,Tier 2,1.2518792203368232
2349,Restaurant_2349,Continental,Delhi,Area_20,2022,3.6,Medium,False,2021-12-11,Regular,Tier 2,1.5687568482185743
2350,Restaurant_2350,Bakery,Ahmedabad,Area_14,2016,4.7,Low,False,2021-02-23,Regular,Tier 2,1.0051044102153115
2351,Restaurant_2351,Continental,Lucknow,Area_15,2011,4.7,High,False,2021-08-01,Gold,Tier 1,1.6577025785781236
2352,Restaurant_2352,Mexican,Lucknow,Area_12,2020,3.2,Low,False,2021-09-15,Regular,Tier 2,3.3959224407311344
2353,Restaurant_2353,Mexican,Noida,Area_19,2021,3.2,High,False,2020-11-20,Bolt Partner,Tier 1,1.606590966416998
2354,Restaurant_2354,Mexican,Ahmedabad,Area_15,2012,3.5,Medium,True,2021-09-09,Gold,Tier 1,2.813817371491929
2355,Restaurant_2355,Healthy Food,Noida,Area_18,2013,4.9,High,False,2021-11-30,Gold,Tier 1,1.9033745627468874
2356,Restaurant_2356,Mughlai,Jaipur,Area_5,2010,4.3,High,True,2022-09-05,Toing Partner,Tier 3,1.066341966630853
2357,Restaurant_2357,South Indian,Ahmedabad,Area_18,2017,3.2,Low,False,2020-12-02,Toing Partner,Tier 3,3.2017964982862033
2358,Restaurant_2358,North Indian,Chennai,Area_9,2014,3.9,High,False,2020-07-29,Regular,Tier 2,1.0349748023806866
2359,Restaurant_2359,Fast Food,Ahmedabad,Area_7,2013,4.5,High,True,2020-10-15,Gold,Tier 1,1.4648457150241332
2360,Restaurant_2360,South Indian,Delhi,Area_15,2022,3.1,High,False,2020-09-23,Gold,Tier 1,1.0796700714901304
2361,Restaurant_2361,Chinese,Mumbai,Area_17,2017,4.9,Medium,True,2020-07-09,Bolt Partner,Tier 1,1.0059052036841247
2362,Restaurant_2362,North Indian,Noida,Area_17,2021,4.3,High,False,2022-09-14,Gold,Tier 1,1.3153730884235015
2363,Restaurant_2363,Continental,Kolkata,Area_4,2010,3.3,High,False,2021-11-10,Regular,Tier 2,1.1910170543155347
2364,Restaurant_2364,Mughlai,Mumbai,Area_7,2014,4.3,High,False,2021-10-14,Regular,Tier 2,1.394821551628889
2365,Restaurant_2365,Bakery,Hyderabad,Area_11,2010,4.9,Low,True,2022-01-03,Gold,Tier 1,1.5379154238032628
2366,Restaurant_2366,Mughlai,Noida,Area_12,2014,3.4,High,True,2021-11-21,Bolt Partner,Tier 1,1.0226141421078738
2367,Restaurant_2367,Desserts,Pune,Area_14,2018,3.3,Medium,True,2020-02-08,Gold,Tier 1,1.0678272985047306
2368,Restaurant_2368,Mughlai,Mumbai,Area_20,2013,3.7,Medium,True,2020-08-08,Gold,Tier 1,1.5052363361577055
2369,Restaurant_2369,American,Kolkata,Area_12,2023,4.0,Medium,False,2021-05-12,Gold,Tier 1,1.2338791758591074
2370,Restaurant_2370,Chinese,Ahmedabad,Area_3,2022,4.6,Low,False,2021-08-22,Gold,Tier 1,1.9215620428893077
2371,Restaurant_2371,Street Food,Gurgaon,Area_18,2021,3.5,High,False,2021-07-16,Bolt Partner,Tier 1,1.695869537260521
2372,Restaurant_2372,Bakery,Gurgaon,Area_13,2023,4.3,Low,False,2020-05-01,Toing Partner,Tier 3,2.54496895054348
2373,Restaurant_2373,American,Chennai,Area_3,2017,3.8,High,False,2021-06-14,Regular,Tier 2,1.8033182356393265
2374,Restaurant_2374,Mexican,Chennai,Area_4,2019,4.2,High,True,2020-01-26,Gold,Tier 1,1.3244522851801135
2375,Restaurant_2375,Japanese,Chennai,Area_10,2013,4.7,Low,True,2020-06-26,Gold,Tier 1,1.7486542997484409
2376,Restaurant_2376,Chinese,Chennai,Area_3,2011,4.9,Low,False,2020-01-14,Toing Partner,Tier 3,1.1747492963123634
2377,Restaurant_2377,Thai,Pune,Area_6,2015,3.4,High,False,2020-11-09,Regular,Tier 2,1.2006553994892475
2378,Restaurant_2378,North Indian,Lucknow,Area_17,2011,5.0,Medium,True,2021-02-18,Toing Partner,Tier 3,2.176925168375724
2379,Restaurant_2379,Desserts,Noida,Area_1,2010,4.3,High,True,2020-05-26,Regular,Tier 2,1.3440320176290128
2380,Restaurant_2380,Desserts,Delhi,Area_10,2019,4.4,High,False,2020-09-21,Gold,Tier 1,2.2270684297672894
2381,Restaurant_2381,American,Ahmedabad,Area_11,2010,4.0,Medium,False,2021-11-24,Toing Partner,Tier 3,2.373044469623468
2382,Restaurant_2382,Chinese,Pune,Area_2,2016,3.1,Medium,False,2020-06-13,Bolt Partner,Tier 1,2.6496443306169253
2383,Restaurant_2383,Continental,Noida,Area_9,2011,3.3,Medium,True,2021-09-05,Regular,Tier 2,3.4634485224377003
2384,Restaurant_2384,Healthy Food,Ahmedabad,Area_20,2013,3.4,Low,False,2022-02-11,Toing Partner,Tier 3,1.325678541766726
2385,Restaurant_2385,Thai,Delhi,Area_18,2023,4.8,Low,False,2021-10-16,Regular,Tier 2,1.2116689564210033
2386,Restaurant_2386,Bakery,Lucknow,Area_20,2017,3.6,Low,False,2021-04-08,Bolt Partner,Tier 1,1.5470884032636767
2387,Restaurant_2387,Italian,Chennai,Area_9,2020,3.5,High,False,2022-04-13,Toing Partner,Tier 3,1.2610555287315104
2388,Restaurant_2388,Thai,Mumbai,Area_17,2016,4.9,High,False,2020-04-07,Toing Partner,Tier 3,1.583266124095207
2389,Restaurant_2389,Mughlai,Pune,Area_8,2010,3.2,Medium,False,2020-05-15,Bolt Partner,Tier 1,1.8429802016733947
2390,Restaurant_2390,Mexican,Hyderabad,Area_4,2012,4.1,High,False,2021-01-11,Gold,Tier 1,1.7914503359625364
2391,Restaurant_2391,Thai,Gurgaon,Area_11,2016,4.0,Medium,True,2022-01-07,Bolt Partner,Tier 1,1.2644588601522715
2392,Restaurant_2392,Healthy Food,Hyderabad,Area_15,2013,4.8,Low,False,2021-12-30,Bolt Partner,Tier 1,1.095572341374533
2393,Restaurant_2393,Japanese,Chennai,Area_2,2015,4.8,Low,True,2021-01-24,Bolt Partner,Tier 1,1.3251478084966577
2394,Restaurant_2394,Mughlai,Hyderabad,Area_9,2014,3.5,Low,False,2020-01-30,Bolt Partner,Tier 1,1.079957779690754
2395,Restaurant_2395,Healthy Food,Gurgaon,Area_3,2011,3.3,Medium,False,2021-10-13,Toing Partner,Tier 3,3.0164441993982836
2396,Restaurant_2396,North Indian,Chennai,Area_17,2022,3.0,Medium,False,2021-03-23,Toing Partner,Tier 3,1.2364325879907565
2397,Restaurant_2397,South Indian,Pune,Area_10,2019,4.7,Low,False,2020-10-10,Regular,Tier 2,1.0875089912499827
2398,Restaurant_2398,Desserts,Hyderabad,Area_5,2017,3.3,Low,False,2022-07-09,Toing Partner,Tier 3,1.0129719928940784
2399,Restaurant_2399,Healthy Food,Delhi,Area_2,2014,4.0,Medium,True,2020-06-08,Toing Partner,Tier 3,1.680310132421937
2400,Restaurant_2400,Street Food,Lucknow,Area_20,2016,4.0,Low,True,2021-10-22,Bolt Partner,Tier 1,1.6595420511351706
2401,Restaurant_2401,Mughlai,Gurgaon,Area_17,2015,3.1,Medium,True,2020-05-02,Gold,Tier 1,1.2314786890484648
2402,Restaurant_2402,Thai,Pune,Area_6,2015,4.7,Low,False,2021-07-11,Toing Partner,Tier 3,1.037907393921141
2403,Restaurant_2403,Desserts,Mumbai,Area_5,2014,4.9,Medium,False,2022-01-10,Toing Partner,Tier 3,1.3014798641330776
2404,Restaurant_2404,Thai,Ahmedabad,Area_12,2022,4.0,Low,True,2021-12-31,Regular,Tier 2,1.2049220339873261
2405,Restaurant_2405,Bakery,Ahmedabad,Area_15,2014,4.0,Medium,True,2020-03-02,Toing Partner,Tier 3,1.7598670414739543
2406,Restaurant_2406,Mughlai,Gurgaon,Area_12,2012,4.6,Low,True,2020-12-31,Bolt Partner,Tier 1,1.5926863565559384
2407,Restaurant_2407,Chinese,Delhi,Area_4,2020,3.4,Medium,False,2021-11-07,Bolt Partner,Tier 1,1.2545103577656895
2408,Restaurant_2408,Italian,Hyderabad,Area_19,2013,3.4,Medium,False,2022-05-22,Bolt Partner,Tier 1,1.130750503451068
2409,Restaurant_2409,Bakery,Mumbai,Area_17,2020,4.1,High,True,2022-03-17,Bolt Partner,Tier 1,9.142420311033915
2410,Restaurant_2410,Italian,Lucknow,Area_18,2019,4.4,Medium,False,2020-03-03,Toing Partner,Tier 3,1.3533319140759736
2411,Restaurant_2411,Street Food,Pune,Area_17,2021,3.5,Medium,False,2021-02-28,Regular,Tier 2,1.7910745003097814
2412,Restaurant_2412,Healthy Food,Pune,Area_9,2022,4.2,High,True,2022-02-26,Bolt Partner,Tier 1,1.078674573882365
2413,Restaurant_2413,Mughlai,Bangalore,Area_1,2013,4.8,Medium,False,2020-02-03,Regular,Tier 2,1.3942645070333097
2414,Restaurant_2414,Fast Food,Chennai,Area_1,2022,3.5,High,False,2021-12-22,Regular,Tier 2,1.0140593978466943
2415,Restaurant_2415,Italian,Lucknow,Area_18,2015,3.3,Low,False,2021-09-03,Toing Partner,Tier 3,1.4219919704924873
2416,Restaurant_2416,Fast Food,Noida,Area_4,2016,3.1,High,True,2021-06-19,Gold,Tier 1,5.271737445416587
2417,Restaurant_2417,American,Kolkata,Area_19,2016,3.6,High,False,2020-09-27,Bolt Partner,Tier 1,1.2743318122277933
2418,Restaurant_2418,American,Mumbai,Area_1,2014,3.5,Medium,False,2022-06-22,Regular,Tier 2,1.0200874515017264
2419,Restaurant_2419,Mughlai,Hyderabad,Area_17,2015,3.4,Low,False,2020-07-10,Toing Partner,Tier 3,1.0158467715337038
2420,Restaurant_2420,Fast Food,Noida,Area_16,2013,4.8,Low,False,2021-10-17,Bolt Partner,Tier 1,1.2782611544890274
2421,Restaurant_2421,Chinese,Pune,Area_1,2011,3.3,High,True,2022-03-04,Toing Partner,Tier 3,1.0911056467262308
2422,Restaurant_2422,Italian,Gurgaon,Area_1,2018,3.3,Medium,False,2020-03-05,Toing Partner,Tier 3,1.011884605866886
2423,Restaurant_2423,Mexican,Gurgaon,Area_11,2022,3.5,Low,False,2022-03-06,Bolt Partner,Tier 1,2.0253275733057543
2424,Restaurant_2424,North Indian,Bangalore,Area_13,2012,4.4,Medium,True,2020-09-01,Regular,Tier 2,1.3589703973041056
2425,Restaurant_2425,Mexican,Lucknow,Area_2,2015,4.7,High,False,2022-02-13,Bolt Partner,Tier 1,1.1861509706132198
2426,Restaurant_2426,Japanese,Lucknow,Area_19,2012,4.4,Low,False,2021-12-31,Bolt Partner,Tier 1,3.1635937202527873
2427,Restaurant_2427,Street Food,Noida,Area_7,2022,4.8,Medium,True,2021-04-02,Gold,Tier 1,1.0636726797199652
2428,Restaurant_2428,Fast Food,Ahmedabad,Area_13,2022,3.3,Medium,True,2021-06-11,Bolt Partner,Tier 1,4.762921660019411
2429,Restaurant_2429,North Indian,Noida,Area_19,2018,4.4,High,True,2021-12-26,Bolt Partner,Tier 1,1.2073339333203796
2430,Restaurant_2430,Italian,Hyderabad,Area_20,2023,3.6,Medium,False,2022-04-19,Toing Partner,Tier 3,2.993470952416681
2431,Restaurant_2431,South Indian,Hyderabad,Area_8,2023,4.1,High,True,2022-07-01,Bolt Partner,Tier 1,1.5869874925818939
2432,Restaurant_2432,Japanese,Hyderabad,Area_15,2019,4.9,Medium,False,2020-03-26,Bolt Partner,Tier 1,2.402204303665119
2433,Restaurant_2433,Desserts,Lucknow,Area_15,2017,3.0,Low,False,2020-09-15,Gold,Tier 1,7.908948168244609
2434,Restaurant_2434,Desserts,Pune,Area_20,2015,4.4,High,False,2021-10-17,Toing Partner,Tier 3,1.1854512247036666
2435,Restaurant_2435,North Indian,Lucknow,Area_15,2021,4.9,High,False,2021-05-15,Regular,Tier 2,5.072515421752411
2436,Restaurant_2436,Fast Food,Gurgaon,Area_8,2015,4.2,Low,True,2022-01-31,Toing Partner,Tier 3,1.2798254031592027
2437,Restaurant_2437,Continental,Gurgaon,Area_20,2018,3.6,High,False,2020-09-22,Regular,Tier 2,1.2756844544692116
2438,Restaurant_2438,Thai,Gurgaon,Area_14,2015,4.9,Medium,False,2022-05-08,Bolt Partner,Tier 1,1.2312760477522882
2439,Restaurant_2439,Japanese,Gurgaon,Area_15,2023,4.7,Low,True,2021-06-07,Gold,Tier 1,1.4766806257482994
2440,Restaurant_2440,South Indian,Bangalore,Area_12,2013,3.9,High,False,2020-05-06,Bolt Partner,Tier 1,1.0873066661853825
2441,Restaurant_2441,Chinese,Lucknow,Area_19,2022,3.4,High,True,2020-10-02,Toing Partner,Tier 3,1.4968977819052984
2442,Restaurant_2442,Continental,Delhi,Area_16,2022,4.3,Low,False,2020-06-25,Bolt Partner,Tier 1,1.477159362858588
2443,Restaurant_2443,Chinese,Bangalore,Area_19,2010,3.9,Medium,True,2022-01-17,Bolt Partner,Tier 1,2.0493774603509096
2444,Restaurant_2444,North Indian,Gurgaon,Area_12,2016,3.4,High,True,2020-09-17,Gold,Tier 1,2.451819798795156
2445,Restaurant_2445,Mughlai,Hyderabad,Area_20,2016,4.0,Low,False,2020-02-26,Bolt Partner,Tier 1,1.3368331095685744
2446,Restaurant_2446,Healthy Food,Jaipur,Area_6,2011,3.8,High,True,2020-09-02,Regular,Tier 2,1.1972255789517607
2447,Restaurant_2447,Mughlai,Chennai,Area_4,2017,3.8,High,False,2020-01-19,Bolt Partner,Tier 1,1.1619543297556632
2448,Restaurant_2448,Continental,Ahmedabad,Area_7,2019,4.0,High,False,2021-04-28,Gold,Tier 1,1.1142961094107247
2449,Restaurant_2449,Healthy Food,Gurgaon,Area_14,2019,3.4,Low,False,2020-04-16,Toing Partner,Tier 3,1.0301330605564996
2450,Restaurant_2450,Thai,Gurgaon,Area_17,2011,3.8,Low,False,2022-08-19,Gold,Tier 1,1.233204047589337
2451,Restaurant_2451,Mexican,Hyderabad,Area_10,2013,4.2,Medium,True,2020-03-12,Regular,Tier 2,1.1706100853215247
2452,Restaurant_2452,Desserts,Ahmedabad,Area_16,2014,3.5,High,False,2020-02-06,Toing Partner,Tier 3,5.456859227645343
2453,Restaurant_2453,Chinese,Chennai,Area_8,2017,3.9,Low,False,2020-05-28,Regular,Tier 2,1.503646901201857
2454,Restaurant_2454,Continental,Hyderabad,Area_13,2019,4.5,High,True,2020-01-30,Regular,Tier 2,1.2377574667483506
2455,Restaurant_2455,Mexican,Lucknow,Area_11,2021,3.0,High,False,2022-03-18,Toing Partner,Tier 3,1.5438931746578899
2456,Restaurant_2456,Continental,Mumbai,Area_18,2010,3.1,Medium,False,2021-04-17,Bolt Partner,Tier 1,1.0778244687453502
2457,Restaurant_2457,South Indian,Lucknow,Area_20,2021,3.7,Low,False,2021-11-01,Bolt Partner,Tier 1,1.3411572178931184
2458,Restaurant_2458,Street Food,Noida,Area_18,2015,3.7,High,False,2020-06-16,Regular,Tier 2,1.6356873325481405
2459,Restaurant_2459,Japanese,Kolkata,Area_7,2021,3.9,Medium,False,2021-04-22,Regular,Tier 2,1.3987694495381993
2460,Restaurant_2460,Desserts,Mumbai,Area_15,2016,3.9,High,False,2022-06-08,Toing Partner,Tier 3,1.2929123991637506
2461,Restaurant_2461,American,Ahmedabad,Area_2,2012,4.2,High,False,2022-08-01,Bolt Partner,Tier 1,12.749864345398295
2462,Restaurant_2462,North Indian,Mumbai,Area_17,2010,3.7,High,True,2022-05-17,Bolt Partner,Tier 1,2.890544810563514
2463,Restaurant_2463,Japanese,Lucknow,Area_8,2016,4.8,Low,True,2020-05-20,Toing Partner,Tier 3,1.62953344193277
2464,Restaurant_2464,Healthy Food,Bangalore,Area_17,2021,5.0,High,False,2022-04-20,Bolt Partner,Tier 1,1.52388281336511
2465,Restaurant_2465,Continental,Gurgaon,Area_16,2011,4.0,Low,False,2022-07-17,Bolt Partner,Tier 1,1.6236258408994175
2466,Restaurant_2466,Street Food,Lucknow,Area_13,2016,4.4,High,False,2022-08-03,Gold,Tier 1,1.1189519813420343
2467,Restaurant_2467,Mexican,Gurgaon,Area_13,2023,3.3,High,False,2021-09-23,Toing Partner,Tier 3,1.2857950729776848
2468,Restaurant_2468,Japanese,Kolkata,Area_7,2010,4.9,High,False,2022-04-15,Gold,Tier 1,1.020333549529454
2469,Restaurant_2469,Japanese,Pune,Area_20,2014,3.7,Low,False,2022-08-18,Bolt Partner,Tier 1,1.3808493964832425
2470,Restaurant_2470,Italian,Ahmedabad,Area_20,2011,4.1,Medium,True,2020-04-26,Gold,Tier 1,1.4792908860022462
2471,Restaurant_2471,Desserts,Pune,Area_7,2021,4.3,High,False,2022-02-04,Gold,Tier 1,1.1379442018428156
2472,Restaurant_2472,South Indian,Chennai,Area_2,2016,4.7,High,False,2020-05-19,Regular,Tier 2,5.272575674516343
2473,Restaurant_2473,Italian,Kolkata,Area_9,2017,3.5,Medium,False,2020-07-30,Gold,Tier 1,3.323279207952438
2474,Restaurant_2474,Mughlai,Noida,Area_8,2023,3.0,High,False,2020-06-16,Regular,Tier 2,1.897096893284142
2475,Restaurant_2475,Mughlai,Mumbai,Area_19,2011,4.6,High,True,2021-06-17,Bolt Partner,Tier 1,1.4639337057160378
2476,Restaurant_2476,Japanese,Ahmedabad,Area_9,2015,3.3,Low,True,2021-01-23,Bolt Partner,Tier 1,2.7731720560051656
2477,Restaurant_2477,Mexican,Ahmedabad,Area_6,2014,3.8,Low,False,2022-08-16,Regular,Tier 2,1.0725147069909775
2478,Restaurant_2478,Thai,Bangalore,Area_8,2021,4.4,Medium,False,2020-04-23,Gold,Tier 1,2.184832454432959
2479,Restaurant_2479,Healthy Food,Bangalore,Area_2,2012,3.3,High,False,2022-05-15,Regular,Tier 2,1.068935522786252
2480,Restaurant_2480,Street Food,Pune,Area_4,2023,4.9,Low,False,2021-10-27,Regular,Tier 2,2.2043906766424914
2481,Restaurant_2481,Japanese,Delhi,Area_4,2010,3.2,High,False,2021-05-13,Bolt Partner,Tier 1,1.1750626318711668
2482,Restaurant_2482,Japanese,Hyderabad,Area_20,2015,4.8,Medium,False,2021-07-19,Toing Partner,Tier 3,2.8523802266704212
2483,Restaurant_2483,Thai,Mumbai,Area_2,2016,3.9,High,True,2022-06-03,Regular,Tier 2,4.227360373833746
2484,Restaurant_2484,Thai,Noida,Area_3,2017,3.3,Low,True,2021-01-27,Bolt Partner,Tier 1,1.083884895706992
2485,Restaurant_2485,American,Hyderabad,Area_18,2013,4.2,Low,False,2022-03-16,Gold,Tier 1,1.364211545943386
2486,Restaurant_2486,Japanese,Delhi,Area_14,2017,3.0,Low,False,2021-07-04,Regular,Tier 2,7.2523540054393285
2487,Restaurant_2487,Healthy Food,Gurgaon,Area_16,2023,4.2,High,False,2022-08-24,Gold,Tier 1,1.3913164652675345
2488,Restaurant_2488,Chinese,Bangalore,Area_18,2013,4.1,Medium,False,2021-06-07,Regular,Tier 2,2.7071310950644416
2489,Restaurant_2489,Continental,Chennai,Area_10,2013,4.1,Low,False,2021-06-16,Bolt Partner,Tier 1,1.5593273205060798
2490,Restaurant_2490,Mughlai,Noida,Area_14,2013,3.0,High,True,2022-01-12,Regular,Tier 2,1.2652450396326922
2491,Restaurant_2491,American,Chennai,Area_3,2013,4.4,Medium,False,2021-10-26,Gold,Tier 1,1.1832733335956391
2492,Restaurant_2492,Street Food,Lucknow,Area_7,2019,3.2,High,False,2022-06-24,Toing Partner,Tier 3,1.1202930204089543
2493,Restaurant_2493,Chinese,Kolkata,Area_15,2016,4.2,Medium,False,2022-05-16,Gold,Tier 1,2.048931657465441
2494,Restaurant_2494,Japanese,Bangalore,Area_5,2021,4.8,Low,False,2021-01-13,Toing Partner,Tier 3,1.276753491731626
2495,Restaurant_2495,Continental,Gurgaon,Area_6,2019,3.8,Low,False,2021-01-07,Toing Partner,Tier 3,1.4304343405541429
2496,Restaurant_2496,Chinese,Mumbai,Area_12,2023,3.2,High,True,2022-02-03,Gold,Tier 1,1.4034835172309004
2497,Restaurant_2497,Fast Food,Gurgaon,Area_1,2015,4.8,Low,True,2020-12-19,Regular,Tier 2,1.5380593825624687
2498,Restaurant_2498,Mexican,Jaipur,Area_7,2015,3.9,Low,False,2021-07-09,Bolt Partner,Tier 1,2.727491736318893
2499,Restaurant_2499,Mexican,Chennai,Area_19,2013,4.8,Low,True,2021-01-15,Gold,Tier 1,7.20550556532544
2500,Restaurant_2500,Continental,Ahmedabad,Area_18,2018,3.8,Low,False,2021-04-17,Regular,Tier 2,1.2992319343374814
2501,Restaurant_2501,Italian,Noida,Area_17,2014,4.7,Low,True,2020-03-10,Gold,Tier 1,2.4078491278796705
2502,Restaurant_2502,Chinese,Delhi,Area_9,2012,5.0,High,False,2021-04-06,Regular,Tier 2,2.0607730888549662
2503,Restaurant_2503,Fast Food,Delhi,Area_4,2010,5.0,Low,False,2020-11-26,Gold,Tier 1,1.5312821605864813
2504,Restaurant_2504,Japanese,Kolkata,Area_12,2017,3.4,Medium,False,2020-01-02,Bolt Partner,Tier 1,4.769868958922891
2505,Restaurant_2505,Mughlai,Gurgaon,Area_16,2018,3.1,High,False,2020-10-23,Gold,Tier 1,1.118365714133574
2506,Restaurant_2506,Healthy Food,Gurgaon,Area_20,2016,4.9,Low,False,2021-09-20,Regular,Tier 2,1.0595599854851223
2507,Restaurant_2507,Mexican,Jaipur,Area_20,2022,4.2,Low,False,2020-11-17,Toing Partner,Tier 3,2.6167787993070406
2508,Restaurant_2508,Bakery,Gurgaon,Area_3,2016,3.8,Low,False,2020-02-27,Regular,Tier 2,1.3352929833720675
2509,Restaurant_2509,American,Bangalore,Area_10,2015,4.3,High,True,2021-04-26,Toing Partner,Tier 3,2.5562897875927315
2510,Restaurant_2510,Mughlai,Gurgaon,Area_6,2018,3.4,Low,False,2021-07-03,Toing Partner,Tier 3,3.0583786409536806
2511,Restaurant_2511,Thai,Kolkata,Area_3,2016,3.1,Low,False,2021-11-27,Toing Partner,Tier 3,1.0327722013160419
2512,Restaurant_2512,Healthy Food,Pune,Area_17,2014,4.1,High,False,2020-12-02,Toing Partner,Tier 3,2.929350699002745
2513,Restaurant_2513,North Indian,Kolkata,Area_14,2011,3.5,High,True,2022-01-21,Regular,Tier 2,1.3463439040046992
2514,Restaurant_2514,Japanese,Kolkata,Area_15,2013,3.1,Medium,True,2021-01-02,Gold,Tier 1,1.4292022966632678
2515,Restaurant_2515,Thai,Bangalore,Area_16,2022,4.7,Medium,True,2021-06-15,Bolt Partner,Tier 1,1.6364716578386629
2516,Restaurant_2516,Continental,Chennai,Area_14,2015,4.5,Medium,False,2022-07-12,Bolt Partner,Tier 1,3.685613434562854
2517,Restaurant_2517,North Indian,Bangalore,Area_3,2018,4.2,High,False,2020-06-02,Bolt Partner,Tier 1,1.00969730173651
2518,Restaurant_2518,Italian,Gurgaon,Area_3,2017,4.0,Medium,False,2020-04-09,Bolt Partner,Tier 1,1.3825605929219877
2519,Restaurant_2519,South Indian,Noida,Area_4,2014,4.2,High,True,2020-01-26,Regular,Tier 2,1.7894902433914415
2520,Restaurant_2520,Italian,Hyderabad,Area_6,2018,4.3,Low,False,2022-06-05,Bolt Partner,Tier 1,1.899024263568631
2521,Restaurant_2521,Japanese,Noida,Area_7,2022,4.3,Medium,False,2020-01-10,Regular,Tier 2,1.8034343745236183
2522,Restaurant_2522,Mexican,Chennai,Area_16,2017,3.0,Medium,False,2021-08-07,Gold,Tier 1,1.0748557621117898
2523,Restaurant_2523,Healthy Food,Mumbai,Area_12,2013,3.1,Medium,False,2022-01-08,Bolt Partner,Tier 1,1.1947129360592363
2524,Restaurant_2524,Bakery,Jaipur,Area_19,2021,4.5,High,False,2022-08-16,Bolt Partner,Tier 1,1.2487475152697434
2525,Restaurant_2525,North Indian,Mumbai,Area_18,2020,4.3,Low,False,2021-01-26,Regular,Tier 2,2.261293243802989
2526,Restaurant_2526,Healthy Food,Hyderabad,Area_4,2018,4.8,High,False,2021-01-18,Gold,Tier 1,1.1774976775953492
2527,Restaurant_2527,American,Gurgaon,Area_6,2011,3.6,High,False,2022-04-15,Bolt Partner,Tier 1,1.1255902284837866
2528,Restaurant_2528,Bakery,Chennai,Area_4,2021,5.0,Low,False,2021-05-22,Bolt Partner,Tier 1,4.847748810819991
2529,Restaurant_2529,Street Food,Jaipur,Area_2,2012,4.1,Medium,False,2021-01-03,Toing Partner,Tier 3,1.0044613210290247
2530,Restaurant_2530,Street Food,Noida,Area_7,2015,4.7,Medium,False,2020-09-01,Bolt Partner,Tier 1,21.421851452004013
2531,Restaurant_2531,Chinese,Chennai,Area_7,2019,3.3,Medium,True,2021-03-05,Toing Partner,Tier 3,1.7590518234767327
2532,Restaurant_2532,Thai,Chennai,Area_8,2018,3.6,Medium,False,2022-02-01,Gold,Tier 1,2.4145103386400475
2533,Restaurant_2533,Thai,Delhi,Area_16,2019,4.8,Low,False,2021-05-21,Bolt Partner,Tier 1,1.1906613145204845
2534,Restaurant_2534,Chinese,Bangalore,Area_8,2012,3.5,High,False,2020-12-23,Gold,Tier 1,1.0072354149036868
2535,Restaurant_2535,South Indian,Pune,Area_6,2011,3.8,High,False,2020-03-14,Regular,Tier 2,1.9531753625139923
2536,Restaurant_2536,Desserts,Delhi,Area_10,2014,3.5,High,False,2021-01-02,Gold,Tier 1,2.455473141272885
2537,Restaurant_2537,Chinese,Chennai,Area_20,2010,3.0,Low,False,2021-04-04,Regular,Tier 2,1.9629595360767498
2538,Restaurant_2538,Japanese,Lucknow,Area_19,2013,3.9,Low,False,2020-11-09,Regular,Tier 2,1.0801191302663977
2539,Restaurant_2539,Bakery,Mumbai,Area_14,2015,4.6,Low,True,2021-07-16,Bolt Partner,Tier 1,2.01385432762508
2540,Restaurant_2540,Thai,Mumbai,Area_3,2019,3.7,High,False,2021-02-12,Toing Partner,Tier 3,2.0802782813274696
2541,Restaurant_2541,Italian,Chennai,Area_11,2015,3.1,High,False,2020-02-19,Gold,Tier 1,1.7113167846233845
2542,Restaurant_2542,Chinese,Bangalore,Area_14,2014,4.4,Medium,True,2020-10-29,Regular,Tier 2,2.0677578641982266
2543,Restaurant_2543,Fast Food,Ahmedabad,Area_9,2016,4.7,High,False,2021-06-17,Gold,Tier 1,2.547586237454434
2544,Restaurant_2544,Fast Food,Kolkata,Area_4,2021,4.0,Low,False,2020-12-19,Gold,Tier 1,1.6087321948207547
2545,Restaurant_2545,South Indian,Lucknow,Area_6,2018,4.7,Medium,False,2021-10-26,Bolt Partner,Tier 1,1.0474821019219183
2546,Restaurant_2546,American,Noida,Area_15,2011,4.2,High,False,2020-11-15,Toing Partner,Tier 3,1.3970348019652088
2547,Restaurant_2547,North Indian,Hyderabad,Area_3,2019,3.6,Medium,True,2022-08-03,Regular,Tier 2,1.0412426943951414
2548,Restaurant_2548,Street Food,Bangalore,Area_13,2016,4.3,Medium,False,2021-07-01,Gold,Tier 1,1.2991867832892456
2549,Restaurant_2549,Fast Food,Mumbai,Area_16,2014,4.9,High,False,2020-01-08,Toing Partner,Tier 3,1.298708405721924
2550,Restaurant_2550,Italian,Chennai,Area_8,2011,3.5,High,False,2022-05-02,Bolt Partner,Tier 1,1.0347343119017398
2551,Restaurant_2551,Mexican,Noida,Area_2,2018,3.4,Low,True,2021-06-22,Gold,Tier 1,1.2392235308087527
2552,Restaurant_2552,Continental,Noida,Area_17,2014,3.6,High,True,2021-05-09,Bolt Partner,Tier 1,1.0605927526460248
2553,Restaurant_2553,Italian,Lucknow,Area_10,2021,4.5,Medium,False,2021-06-18,Toing Partner,Tier 3,2.2835765017165297
2554,Restaurant_2554,Fast Food,Chennai,Area_3,2014,4.9,Low,False,2022-08-24,Bolt Partner,Tier 1,4.372194218245214
2555,Restaurant_2555,Fast Food,Mumbai,Area_3,2010,4.1,Medium,False,2021-02-18,Gold,Tier 1,1.0382455493822007
2556,Restaurant_2556,Continental,Gurgaon,Area_11,2015,4.5,High,True,2021-05-22,Regular,Tier 2,4.72009117918274
2557,Restaurant_2557,Japanese,Delhi,Area_1,2021,3.6,Low,True,2022-07-17,Toing Partner,Tier 3,1.4472652985516206
2558,Restaurant_2558,Street Food,Delhi,Area_4,2020,4.4,Medium,True,2020-02-19,Gold,Tier 1,1.1948579859823678
2559,Restaurant_2559,Chinese,Lucknow,Area_2,2017,4.0,High,True,2022-03-28,Gold,Tier 1,1.0407986096520243
2560,Restaurant_2560,North Indian,Ahmedabad,Area_14,2016,4.9,Medium,False,2021-12-05,Regular,Tier 2,1.4150972383069897
2561,Restaurant_2561,Continental,Kolkata,Area_9,2013,3.2,High,False,2022-06-02,Bolt Partner,Tier 1,2.2060254226805895
2562,Restaurant_2562,Italian,Lucknow,Area_7,2014,3.4,Medium,False,2021-07-23,Gold,Tier 1,1.847695023250504
2563,Restaurant_2563,Thai,Kolkata,Area_6,2018,3.2,Low,True,2020-06-11,Toing Partner,Tier 3,1.0261004174811799
2564,Restaurant_2564,Mughlai,Mumbai,Area_20,2010,4.8,Medium,True,2021-01-20,Toing Partner,Tier 3,1.0385732663657137
2565,Restaurant_2565,American,Mumbai,Area_17,2021,4.6,High,True,2020-12-02,Gold,Tier 1,1.2940967553880918
2566,Restaurant_2566,Mughlai,Pune,Area_10,2021,3.8,Low,False,2020-09-20,Gold,Tier 1,1.1912281153943667
2567,Restaurant_2567,South Indian,Gurgaon,Area_4,2016,3.8,Medium,True,2021-10-28,Regular,Tier 2,1.141374280833436
2568,Restaurant_2568,Chinese,Delhi,Area_18,2018,3.8,Medium,False,2020-09-25,Toing Partner,Tier 3,1.179334255759016
2569,Restaurant_2569,North Indian,Kolkata,Area_6,2012,3.4,Medium,False,2021-10-26,Gold,Tier 1,2.255795123765754
2570,Restaurant_2570,Chinese,Mumbai,Area_9,2013,3.2,Low,False,2021-02-21,Gold,Tier 1,3.7589749376640302
2571,Restaurant_2571,Japanese,Kolkata,Area_5,2022,3.4,Medium,False,2020-09-13,Toing Partner,Tier 3,1.2965193388577474
2572,Restaurant_2572,Mexican,Gurgaon,Area_14,2014,4.6,Medium,True,2020-02-29,Toing Partner,Tier 3,3.2635678652805176
2573,Restaurant_2573,Italian,Hyderabad,Area_13,2015,3.9,Low,False,2022-06-14,Gold,Tier 1,1.2140140089018874
2574,Restaurant_2574,North Indian,Bangalore,Area_14,2012,3.3,High,False,2022-06-12,Toing Partner,Tier 3,1.3820237949961567
2575,Restaurant_2575,Mughlai,Hyderabad,Area_18,2022,4.3,Medium,True,2021-05-10,Gold,Tier 1,1.1366785254116796
2576,Restaurant_2576,Street Food,Delhi,Area_11,2013,4.0,Medium,False,2022-09-10,Regular,Tier 2,1.6677697102168552
2577,Restaurant_2577,Desserts,Bangalore,Area_6,2013,3.0,Medium,False,2020-11-05,Bolt Partner,Tier 1,6.8975548827902635
2578,Restaurant_2578,Chinese,Pune,Area_7,2013,3.4,Medium,False,2022-06-22,Bolt Partner,Tier 1,1.5880882159773848
2579,Restaurant_2579,Italian,Pune,Area_1,2018,3.8,Medium,False,2021-04-22,Gold,Tier 1,1.2478707692478228
2580,Restaurant_2580,Healthy Food,Chennai,Area_2,2012,3.6,Medium,False,2021-10-19,Regular,Tier 2,1.6850627597240568
2581,Restaurant_2581,Healthy Food,Gurgaon,Area_19,2014,4.1,High,False,2020-10-18,Toing Partner,Tier 3,1.067777005219665
2582,Restaurant_2582,South Indian,Jaipur,Area_15,2014,4.4,High,True,2022-02-24,Gold,Tier 1,2.996902387797033
2583,Restaurant_2583,North Indian,Delhi,Area_18,2010,4.5,High,True,2020-03-05,Toing Partner,Tier 3,1.4185952070066454
2584,Restaurant_2584,Mughlai,Gurgaon,Area_16,2010,4.8,High,False,2021-03-08,Gold,Tier 1,1.347603333161722
2585,Restaurant_2585,Desserts,Lucknow,Area_3,2013,4.7,Low,False,2022-01-30,Bolt Partner,Tier 1,1.5539209474270965
2586,Restaurant_2586,American,Gurgaon,Area_7,2015,3.0,Medium,False,2021-08-04,Regular,Tier 2,1.6325227644039033
2587,Restaurant_2587,American,Lucknow,Area_10,2012,4.4,Medium,False,2021-07-02,Gold,Tier 1,1.0379431283797766
2588,Restaurant_2588,Thai,Pune,Area_9,2018,3.9,Low,False,2020-07-22,Gold,Tier 1,1.7750407222239089
2589,Restaurant_2589,Mexican,Lucknow,Area_13,2023,5.0,High,False,2020-10-03,Regular,Tier 2,1.148539210228163
2590,Restaurant_2590,South Indian,Mumbai,Area_6,2022,4.2,High,True,2021-08-21,Bolt Partner,Tier 1,1.869739152761216
2591,Restaurant_2591,Mughlai,Noida,Area_18,2014,4.7,Low,False,2021-03-21,Toing Partner,Tier 3,2.3737959891136233
2592,Restaurant_2592,Fast Food,Chennai,Area_7,2017,4.9,Medium,False,2021-04-03,Bolt Partner,Tier 1,2.258530708774036
2593,Restaurant_2593,Street Food,Ahmedabad,Area_6,2010,3.7,High,False,2020-03-05,Bolt Partner,Tier 1,1.4948718013156654
2594,Restaurant_2594,Fast Food,Hyderabad,Area_2,2023,3.7,Medium,False,2022-02-09,Bolt Partner,Tier 1,1.4436311766641194
2595,Restaurant_2595,Mughlai,Chennai,Area_11,2017,4.3,Low,False,2021-10-12,Gold,Tier 1,1.0801353069288788
2596,Restaurant_2596,Chinese,Hyderabad,Area_8,2015,3.5,Medium,False,2022-06-27,Regular,Tier 2,2.1098086450353324
2597,Restaurant_2597,Thai,Bangalore,Area_16,2022,4.5,High,False,2020-12-14,Regular,Tier 2,1.1715429428090753
2598,Restaurant_2598,Italian,Lucknow,Area_6,2016,4.2,High,True,2020-11-15,Toing Partner,Tier 3,1.4095632229586899
2599,Restaurant_2599,Street Food,Kolkata,Area_19,2011,4.5,Low,False,2021-07-29,Regular,Tier 2,1.1820249160519003
2600,Restaurant_2600,Healthy Food,Ahmedabad,Area_6,2015,3.7,Low,True,2022-04-08,Bolt Partner,Tier 1,1.0744792197504769
2601,Restaurant_2601,South Indian,Pune,Area_12,2023,4.2,Low,False,2021-06-19,Bolt Partner,Tier 1,1.6430081290629999
2602,Restaurant_2602,Street Food,Noida,Area_11,2016,4.3,Low,False,2020-02-06,Regular,Tier 2,1.0283256323524743
2603,Restaurant_2603,Street Food,Ahmedabad,Area_15,2020,4.8,Medium,True,2020-01-08,Bolt Partner,Tier 1,1.9946028622000165
2604,Restaurant_2604,Mexican,Mumbai,Area_12,2023,4.4,Medium,False,2021-03-22,Toing Partner,Tier 3,1.2105320410044598
2605,Restaurant_2605,Healthy Food,Gurgaon,Area_12,2020,3.0,Low,False,2021-07-09,Bolt Partner,Tier 1,1.0000673533063333
2606,Restaurant_2606,Mexican,Bangalore,Area_7,2016,4.6,Low,True,2021-10-28,Toing Partner,Tier 3,1.4302202543069638
2607,Restaurant_2607,Desserts,Gurgaon,Area_15,2013,3.5,High,True,2021-08-26,Toing Partner,Tier 3,1.0242826318299272
2608,Restaurant_2608,Mughlai,Delhi,Area_4,2022,3.8,Low,False,2021-12-10,Bolt Partner,Tier 1,1.1753888804847104
2609,Restaurant_2609,Bakery,Mumbai,Area_11,2012,4.4,High,False,2021-10-18,Gold,Tier 1,1.8473482137075716
2610,Restaurant_2610,Healthy Food,Mumbai,Area_5,2012,4.9,High,True,2020-04-04,Regular,Tier 2,1.0329000230325989
2611,Restaurant_2611,Italian,Jaipur,Area_15,2019,4.1,Low,False,2020-06-19,Toing Partner,Tier 3,2.4948479416290636
2612,Restaurant_2612,North Indian,Pune,Area_19,2019,4.7,Medium,True,2021-12-08,Gold,Tier 1,1.0019154507347514
2613,Restaurant_2613,Italian,Ahmedabad,Area_13,2013,3.5,Low,False,2022-08-08,Gold,Tier 1,1.1522632900443366
2614,Restaurant_2614,Italian,Lucknow,Area_10,2010,4.4,Medium,True,2020-10-08,Regular,Tier 2,1.964579884361072
2615,Restaurant_2615,Italian,Hyderabad,Area_13,2023,4.0,Medium,True,2020-02-29,Gold,Tier 1,1.2093659301131852
2616,Restaurant_2616,Healthy Food,Jaipur,Area_17,2018,4.5,High,False,2021-07-22,Bolt Partner,Tier 1,1.0552024997199811
2617,Restaurant_2617,Italian,Chennai,Area_11,2023,4.9,Medium,True,2020-09-20,Toing Partner,Tier 3,1.2502284989674093
2618,Restaurant_2618,Desserts,Lucknow,Area_2,2012,4.7,High,False,2020-10-13,Gold,Tier 1,1.1707268781065006
2619,Restaurant_2619,Italian,Hyderabad,Area_3,2022,3.4,Medium,True,2021-01-28,Regular,Tier 2,2.521459923682894
2620,Restaurant_2620,Mexican,Bangalore,Area_10,2018,3.6,High,False,2020-07-26,Bolt Partner,Tier 1,1.2067897957576632
2621,Restaurant_2621,Desserts,Kolkata,Area_17,2019,5.0,Low,False,2021-02-14,Gold,Tier 1,2.176653441814428
2622,Restaurant_2622,Mexican,Lucknow,Area_6,2020,4.3,Low,True,2021-02-06,Toing Partner,Tier 3,3.0411035330841782
2623,Restaurant_2623,Healthy Food,Lucknow,Area_4,2011,3.6,Low,False,2020-07-23,Bolt Partner,Tier 1,1.3289901076791941
2624,Restaurant_2624,Street Food,Mumbai,Area_10,2023,4.4,Medium,False,2020-02-18,Toing Partner,Tier 3,3.3322809403468323
2625,Restaurant_2625,Desserts,Delhi,Area_18,2011,4.7,Low,True,2020-06-06,Gold,Tier 1,1.2672633149509325
2626,Restaurant_2626,Healthy Food,Gurgaon,Area_4,2011,3.7,High,False,2021-10-17,Gold,Tier 1,5.276212316997653
2627,Restaurant_2627,American,Kolkata,Area_7,2015,3.7,Medium,False,2021-12-25,Gold,Tier 1,1.047875856041184
2628,Restaurant_2628,Italian,Bangalore,Area_9,2018,3.1,Low,False,2021-04-27,Regular,Tier 2,1.7874800279164205
2629,Restaurant_2629,Japanese,Bangalore,Area_14,2011,4.7,Low,True,2021-02-14,Toing Partner,Tier 3,1.4055456411927527
2630,Restaurant_2630,South Indian,Chennai,Area_11,2020,4.6,High,True,2022-06-24,Toing Partner,Tier 3,1.2779083718681827
2631,Restaurant_2631,Italian,Hyderabad,Area_15,2012,3.1,High,False,2021-03-30,Regular,Tier 2,1.6500479262498127
2632,Restaurant_2632,Bakery,Ahmedabad,Area_4,2011,3.1,Medium,False,2021-03-27,Gold,Tier 1,1.837593015157507
2633,Restaurant_2633,Mughlai,Hyderabad,Area_3,2013,3.1,Low,True,2021-05-12,Bolt Partner,Tier 1,1.002188800179312
2634,Restaurant_2634,Thai,Noida,Area_2,2020,3.6,Medium,True,2022-04-03,Gold,Tier 1,1.0956334193541626
2635,Restaurant_2635,Healthy Food,Kolkata,Area_3,2016,4.2,High,False,2022-05-15,Bolt Partner,Tier 1,1.8667832558886763
2636,Restaurant_2636,Mexican,Hyderabad,Area_17,2012,4.0,High,False,2020-09-29,Bolt Partner,Tier 1,1.7313205526973852
2637,Restaurant_2637,Japanese,Jaipur,Area_2,2010,3.4,Low,False,2022-04-14,Gold,Tier 1,5.427054136977488
2638,Restaurant_2638,Healthy Food,Pune,Area_18,2018,4.9,Medium,False,2021-03-08,Gold,Tier 1,2.0456691094795367
2639,Restaurant_2639,Mughlai,Delhi,Area_14,2011,5.0,Low,True,2021-10-29,Toing Partner,Tier 3,4.5070982558340456
2640,Restaurant_2640,Street Food,Delhi,Area_7,2011,4.0,High,False,2020-02-11,Bolt Partner,Tier 1,1.8335218057788685
2641,Restaurant_2641,Thai,Bangalore,Area_11,2014,3.1,High,True,2020-09-25,Gold,Tier 1,1.193569174525359
2642,Restaurant_2642,Fast Food,Mumbai,Area_12,2013,3.0,Medium,False,2021-09-17,Bolt Partner,Tier 1,1.0572484053886202
2643,Restaurant_2643,North Indian,Chennai,Area_4,2015,4.3,High,False,2022-01-22,Toing Partner,Tier 3,2.1408999714975576
2644,Restaurant_2644,Japanese,Ahmedabad,Area_5,2019,4.6,Medium,True,2021-04-27,Gold,Tier 1,1.6763551764414422
2645,Restaurant_2645,Fast Food,Ahmedabad,Area_20,2017,3.9,Medium,False,2022-04-26,Toing Partner,Tier 3,1.0250002200013082
2646,Restaurant_2646,Mexican,Ahmedabad,Area_19,2020,3.4,Medium,True,2020-01-06,Gold,Tier 1,1.2500492860212051
2647,Restaurant_2647,Street Food,Noida,Area_2,2013,3.2,Low,False,2021-07-02,Regular,Tier 2,4.811241968376531
2648,Restaurant_2648,Mexican,Jaipur,Area_7,2014,4.3,Low,False,2021-03-20,Bolt Partner,Tier 1,1.414781209663708
2649,Restaurant_2649,Mexican,Delhi,Area_12,2011,3.7,Medium,False,2020-06-30,Gold,Tier 1,1.3277146919003877
2650,Restaurant_2650,Japanese,Hyderabad,Area_14,2011,3.6,Medium,True,2021-02-08,Toing Partner,Tier 3,1.3579383066309707
2651,Restaurant_2651,Japanese,Mumbai,Area_12,2012,3.8,Medium,True,2020-05-31,Regular,Tier 2,1.1242931528682643
2652,Restaurant_2652,Mughlai,Chennai,Area_14,2016,3.4,Low,False,2022-09-21,Toing Partner,Tier 3,1.2585908552581857
2653,Restaurant_2653,South Indian,Jaipur,Area_2,2015,3.8,Low,False,2021-12-20,Gold,Tier 1,1.2596948917377744
2654,Restaurant_2654,Street Food,Ahmedabad,Area_7,2014,3.7,High,False,2020-03-12,Gold,Tier 1,1.0272524053977197
2655,Restaurant_2655,American,Delhi,Area_10,2016,3.2,High,False,2022-01-09,Regular,Tier 2,2.074205078960845
2656,Restaurant_2656,Bakery,Bangalore,Area_4,2014,4.8,Low,True,2021-09-27,Toing Partner,Tier 3,1.3091253092424764
2657,Restaurant_2657,North Indian,Lucknow,Area_20,2011,4.0,High,False,2021-04-26,Gold,Tier 1,2.371425900215618
2658,Restaurant_2658,Chinese,Bangalore,Area_5,2016,3.9,High,False,2021-06-08,Regular,Tier 2,2.58498923584727
2659,Restaurant_2659,Desserts,Chennai,Area_16,2013,4.1,High,True,2021-12-26,Regular,Tier 2,1.1265105230088073
2660,Restaurant_2660,Healthy Food,Noida,Area_6,2019,3.1,Low,False,2021-05-08,Gold,Tier 1,1.708349947603748
2661,Restaurant_2661,Desserts,Mumbai,Area_9,2017,3.3,Low,False,2022-04-21,Bolt Partner,Tier 1,1.3765721074733055
2662,Restaurant_2662,Japanese,Jaipur,Area_4,2013,4.4,High,True,2020-12-15,Regular,Tier 2,2.8886384589789316
2663,Restaurant_2663,North Indian,Pune,Area_7,2013,4.7,Medium,True,2022-03-23,Bolt Partner,Tier 1,1.1291981436937821
2664,Restaurant_2664,Bakery,Jaipur,Area_3,2022,3.7,High,True,2022-02-16,Toing Partner,Tier 3,1.7617574979653379
2665,Restaurant_2665,Thai,Mumbai,Area_20,2012,3.3,High,False,2020-05-04,Bolt Partner,Tier 1,1.5966866669049695
2666,Restaurant_2666,Japanese,Jaipur,Area_20,2012,4.9,High,True,2020-08-13,Bolt Partner,Tier 1,1.191237398677264
2667,Restaurant_2667,American,Gurgaon,Area_12,2020,4.3,Medium,True,2021-02-23,Regular,Tier 2,1.0762030167727274
2668,Restaurant_2668,Continental,Pune,Area_11,2015,4.0,Medium,False,2021-03-20,Gold,Tier 1,1.6942820500214473
2669,Restaurant_2669,Continental,Noida,Area_12,2020,4.7,Medium,False,2020-03-25,Bolt Partner,Tier 1,1.9558930200535407
2670,Restaurant_2670,American,Pune,Area_7,2012,3.1,Medium,True,2021-12-30,Bolt Partner,Tier 1,1.2087978403038766
2671,Restaurant_2671,South Indian,Kolkata,Area_3,2014,3.6,High,False,2021-07-27,Toing Partner,Tier 3,1.6779671506109461
2672,Restaurant_2672,Italian,Ahmedabad,Area_8,2023,4.0,Low,False,2020-09-11,Bolt Partner,Tier 1,1.2857878075431857
2673,Restaurant_2673,Japanese,Noida,Area_20,2019,3.3,High,False,2020-01-26,Regular,Tier 2,1.8673066255160897
2674,Restaurant_2674,South Indian,Ahmedabad,Area_18,2022,3.9,High,False,2020-07-23,Toing Partner,Tier 3,1.117486048487864
2675,Restaurant_2675,Mughlai,Chennai,Area_3,2013,4.7,Low,False,2022-06-12,Gold,Tier 1,3.0180643966307734
2676,Restaurant_2676,Mexican,Ahmedabad,Area_12,2016,4.5,Low,True,2022-06-07,Bolt Partner,Tier 1,1.1846226041683567
2677,Restaurant_2677,South Indian,Kolkata,Area_3,2020,4.6,Low,False,2022-03-22,Regular,Tier 2,1.2576735904930052
2678,Restaurant_2678,North Indian,Jaipur,Area_5,2013,4.3,Medium,True,2020-02-06,Bolt Partner,Tier 1,1.0303760280783933
2679,Restaurant_2679,Italian,Gurgaon,Area_14,2019,4.1,High,False,2022-07-31,Regular,Tier 2,1.0608995583424006
2680,Restaurant_2680,Continental,Pune,Area_15,2022,3.5,Medium,True,2021-02-21,Toing Partner,Tier 3,1.4371939174044541
2681,Restaurant_2681,Thai,Delhi,Area_16,2011,3.5,Medium,False,2020-10-18,Toing Partner,Tier 3,1.1684863971220756
2682,Restaurant_2682,Desserts,Ahmedabad,Area_14,2021,4.0,High,True,2020-11-24,Regular,Tier 2,2.4654201861324494
2683,Restaurant_2683,Italian,Bangalore,Area_19,2018,3.1,Medium,False,2020-07-02,Gold,Tier 1,1.007428659444497
2684,Restaurant_2684,Japanese,Mumbai,Area_14,2018,4.9,Low,False,2021-05-13,Regular,Tier 2,1.269074415193484
2685,Restaurant_2685,Mexican,Ahmedabad,Area_13,2021,3.3,Low,False,2022-07-30,Toing Partner,Tier 3,1.2284470438131914
2686,Restaurant_2686,North Indian,Kolkata,Area_9,2023,4.8,Medium,False,2021-08-20,Gold,Tier 1,1.0098061945283043
2687,Restaurant_2687,Desserts,Ahmedabad,Area_2,2021,5.0,Low,True,2022-02-10,Gold,Tier 1,1.0686593421926123
2688,Restaurant_2688,Desserts,Delhi,Area_14,2019,4.4,High,False,2021-03-06,Toing Partner,Tier 3,1.305926764033512
2689,Restaurant_2689,Fast Food,Jaipur,Area_12,2023,4.7,Low,False,2021-02-24,Regular,Tier 2,1.4042292975568769
2690,Restaurant_2690,Healthy Food,Pune,Area_17,2022,4.9,Low,True,2022-06-27,Bolt Partner,Tier 1,1.2956343770057954
2691,Restaurant_2691,North Indian,Mumbai,Area_10,2017,4.6,High,False,2021-12-30,Gold,Tier 1,1.4601071431643649
2692,Restaurant_2692,Fast Food,Jaipur,Area_19,2016,3.9,Low,True,2021-06-04,Bolt Partner,Tier 1,1.5716039058702584
2693,Restaurant_2693,North Indian,Chennai,Area_1,2018,4.7,High,False,2021-04-16,Regular,Tier 2,1.0049991494869874
2694,Restaurant_2694,American,Bangalore,Area_13,2021,3.4,Low,False,2022-01-06,Bolt Partner,Tier 1,1.366017175966199
2695,Restaurant_2695,Japanese,Ahmedabad,Area_2,2017,4.8,Low,True,2021-11-23,Bolt Partner,Tier 1,5.234184796943429
2696,Restaurant_2696,North Indian,Bangalore,Area_12,2015,4.8,High,True,2020-08-25,Bolt Partner,Tier 1,1.4419228866845173
2697,Restaurant_2697,Desserts,Kolkata,Area_12,2014,3.4,Medium,False,2022-03-19,Toing Partner,Tier 3,1.761017217553534
2698,Restaurant_2698,Chinese,Ahmedabad,Area_19,2021,3.1,Medium,False,2022-09-17,Bolt Partner,Tier 1,1.2054877898004914
2699,Restaurant_2699,Fast Food,Ahmedabad,Area_12,2010,3.4,High,False,2021-12-22,Gold,Tier 1,2.1034756863878488
2700,Restaurant_2700,Italian,Lucknow,Area_3,2020,3.2,Medium,False,2020-10-17,Gold,Tier 1,2.098514499537908
2701,Restaurant_2701,Fast Food,Gurgaon,Area_5,2020,3.3,High,False,2022-02-28,Gold,Tier 1,1.445328256799906
2702,Restaurant_2702,Japanese,Lucknow,Area_15,2017,3.7,Medium,False,2020-04-27,Gold,Tier 1,6.456831982158573
2703,Restaurant_2703,Mughlai,Delhi,Area_10,2021,4.9,Low,False,2022-08-31,Toing Partner,Tier 3,1.0693812430058043
2704,Restaurant_2704,Japanese,Mumbai,Area_12,2014,4.9,High,False,2020-08-20,Gold,Tier 1,1.0085830852831525
2705,Restaurant_2705,Healthy Food,Bangalore,Area_9,2014,4.2,Medium,False,2022-06-16,Regular,Tier 2,2.0858616723337566
2706,Restaurant_2706,Mughlai,Hyderabad,Area_16,2012,4.2,Low,False,2021-10-12,Regular,Tier 2,2.277175032775302
2707,Restaurant_2707,Desserts,Delhi,Area_7,2019,3.7,Low,False,2021-08-03,Bolt Partner,Tier 1,1.066129119282648
2708,Restaurant_2708,Japanese,Jaipur,Area_20,2020,3.9,Medium,False,2022-07-22,Toing Partner,Tier 3,1.1668864317672054
2709,Restaurant_2709,American,Noida,Area_9,2015,4.5,Low,False,2020-11-28,Toing Partner,Tier 3,1.0088934299849255
2710,Restaurant_2710,Mexican,Bangalore,Area_9,2014,3.9,Medium,False,2021-04-25,Gold,Tier 1,1.1895565705928695
2711,Restaurant_2711,Chinese,Mumbai,Area_4,2017,4.6,Medium,True,2020-04-14,Regular,Tier 2,2.0995336026025266
2712,Restaurant_2712,Mexican,Lucknow,Area_14,2017,3.3,Low,False,2022-04-25,Toing Partner,Tier 3,1.440319030180449
2713,Restaurant_2713,Mexican,Noida,Area_17,2016,3.8,Medium,False,2020-07-14,Bolt Partner,Tier 1,1.2385343089060525
2714,Restaurant_2714,Fast Food,Chennai,Area_14,2012,4.6,High,False,2020-10-23,Bolt Partner,Tier 1,1.2616243174645874
2715,Restaurant_2715,South Indian,Hyderabad,Area_11,2019,4.8,High,False,2021-04-20,Bolt Partner,Tier 1,1.0006775007471986
2716,Restaurant_2716,Street Food,Noida,Area_18,2013,3.5,Low,True,2020-09-21,Gold,Tier 1,1.1950583491781783
2717,Restaurant_2717,Mughlai,Noida,Area_14,2013,3.9,Low,False,2020-05-07,Gold,Tier 1,1.6818216867214228
2718,Restaurant_2718,Desserts,Jaipur,Area_19,2017,3.9,Low,False,2021-08-12,Toing Partner,Tier 3,6.225057798097391
2719,Restaurant_2719,Fast Food,Gurgaon,Area_12,2021,4.2,Low,True,2021-08-27,Toing Partner,Tier 3,2.5570583079442235
2720,Restaurant_2720,Mexican,Lucknow,Area_6,2021,4.8,Low,False,2020-09-03,Bolt Partner,Tier 1,1.0120104447464935
2721,Restaurant_2721,Desserts,Bangalore,Area_12,2016,4.3,Low,False,2021-12-16,Bolt Partner,Tier 1,3.139761603579913
2722,Restaurant_2722,Bakery,Lucknow,Area_8,2011,3.6,Medium,False,2022-01-09,Regular,Tier 2,2.1476760388181235
2723,Restaurant_2723,North Indian,Kolkata,Area_16,2022,3.4,Medium,False,2020-03-23,Regular,Tier 2,2.133831999556713
2724,Restaurant_2724,North Indian,Noida,Area_13,2023,3.0,Low,False,2020-03-24,Toing Partner,Tier 3,1.3583092481282983
2725,Restaurant_2725,Mexican,Jaipur,Area_10,2018,4.4,Low,False,2022-04-15,Toing Partner,Tier 3,1.288853821562541
2726,Restaurant_2726,Fast Food,Gurgaon,Area_11,2021,3.3,High,False,2021-06-11,Bolt Partner,Tier 1,1.1977256718006772
2727,Restaurant_2727,Japanese,Bangalore,Area_19,2022,4.2,Low,False,2021-03-25,Regular,Tier 2,1.0345598756067935
2728,Restaurant_2728,Continental,Kolkata,Area_4,2020,4.7,High,False,2020-06-15,Gold,Tier 1,1.1383021671744153
2729,Restaurant_2729,Italian,Mumbai,Area_4,2017,4.2,Low,False,2021-11-09,Regular,Tier 2,1.152094861862739
2730,Restaurant_2730,Healthy Food,Delhi,Area_10,2014,3.9,Medium,False,2021-08-19,Bolt Partner,Tier 1,1.3922190907113343
2731,Restaurant_2731,Chinese,Delhi,Area_19,2014,3.4,Medium,False,2020-07-10,Regular,Tier 2,1.9898553373666088
2732,Restaurant_2732,Chinese,Gurgaon,Area_16,2020,3.2,Low,True,2020-07-02,Regular,Tier 2,1.3785693993326615
2733,Restaurant_2733,Bakery,Kolkata,Area_19,2011,4.1,Low,True,2021-02-02,Gold,Tier 1,1.030240680188889
2734,Restaurant_2734,Mughlai,Kolkata,Area_18,2019,3.2,Medium,True,2021-07-05,Toing Partner,Tier 3,4.867335695122685
2735,Restaurant_2735,American,Bangalore,Area_9,2018,3.3,Medium,True,2020-06-13,Bolt Partner,Tier 1,4.178446727459192
2736,Restaurant_2736,Mughlai,Pune,Area_9,2023,4.1,High,True,2021-01-14,Bolt Partner,Tier 1,2.1576067425549295
2737,Restaurant_2737,Chinese,Jaipur,Area_17,2020,4.7,Medium,False,2021-06-24,Regular,Tier 2,10.738358544365287
2738,Restaurant_2738,Desserts,Chennai,Area_13,2011,3.3,High,False,2021-01-29,Bolt Partner,Tier 1,1.4816560105959338
2739,Restaurant_2739,Chinese,Delhi,Area_19,2022,3.2,Low,False,2022-05-04,Gold,Tier 1,5.182554284710433
2740,Restaurant_2740,Street Food,Hyderabad,Area_10,2023,4.3,High,False,2020-11-15,Gold,Tier 1,1.0400907060694984
2741,Restaurant_2741,Continental,Pune,Area_9,2023,3.4,High,False,2022-06-19,Gold,Tier 1,1.2555848121501936
2742,Restaurant_2742,Healthy Food,Hyderabad,Area_6,2015,3.1,Medium,True,2021-06-12,Regular,Tier 2,1.1362031854075263
2743,Restaurant_2743,Healthy Food,Kolkata,Area_15,2012,3.6,Low,False,2022-04-09,Bolt Partner,Tier 1,1.1151335932135058
2744,Restaurant_2744,Japanese,Ahmedabad,Area_10,2014,4.4,Low,False,2020-08-31,Regular,Tier 2,1.0788314813559232
2745,Restaurant_2745,North Indian,Jaipur,Area_20,2011,4.0,Low,False,2021-05-16,Bolt Partner,Tier 1,1.6273907839224955
2746,Restaurant_2746,Healthy Food,Hyderabad,Area_3,2022,3.7,Low,False,2020-08-06,Toing Partner,Tier 3,2.138441185379734
2747,Restaurant_2747,Street Food,Ahmedabad,Area_15,2010,3.5,Medium,False,2020-12-02,Bolt Partner,Tier 1,1.539917219405417
2748,Restaurant_2748,Continental,Noida,Area_9,2021,4.9,Medium,True,2022-05-06,Gold,Tier 1,1.0827195824297688
2749,Restaurant_2749,South Indian,Lucknow,Area_8,2019,4.8,Low,False,2020-10-05,Regular,Tier 2,2.300972070295788
2750,Restaurant_2750,Mughlai,Ahmedabad,Area_10,2018,4.0,Medium,False,2020-12-18,Bolt Partner,Tier 1,1.65738074887363
2751,Restaurant_2751,Chinese,Pune,Area_2,2016,3.0,High,False,2020-10-01,Gold,Tier 1,1.2784480704811196
2752,Restaurant_2752,Italian,Hyderabad,Area_9,2012,4.6,Low,True,2020-06-04,Toing Partner,Tier 3,1.751773719319845
2753,Restaurant_2753,North Indian,Chennai,Area_4,2014,4.0,High,False,2020-05-22,Bolt Partner,Tier 1,1.1624017599044834
2754,Restaurant_2754,Continental,Gurgaon,Area_18,2018,4.7,High,False,2020-04-20,Toing Partner,Tier 3,1.235785459171194
2755,Restaurant_2755,Bakery,Mumbai,Area_2,2021,4.0,High,False,2020-11-07,Regular,Tier 2,3.4812544430800707
2756,Restaurant_2756,American,Kolkata,Area_6,2019,3.7,Low,False,2021-02-17,Bolt Partner,Tier 1,1.1872035295677679
2757,Restaurant_2757,Bakery,Hyderabad,Area_3,2020,4.6,Low,False,2021-10-08,Bolt Partner,Tier 1,1.37359043698039
2758,Restaurant_2758,Mexican,Lucknow,Area_3,2022,4.9,Medium,True,2021-05-17,Bolt Partner,Tier 1,3.0170496057828777
2759,Restaurant_2759,Healthy Food,Kolkata,Area_1,2023,3.1,High,False,2021-11-24,Gold,Tier 1,1.849700669856953
2760,Restaurant_2760,Thai,Bangalore,Area_19,2014,4.7,Low,False,2022-07-25,Gold,Tier 1,1.032632127549831
2761,Restaurant_2761,Continental,Noida,Area_10,2015,5.0,High,True,2021-01-26,Toing Partner,Tier 3,1.0829356323821087
2762,Restaurant_2762,Mughlai,Lucknow,Area_6,2018,4.6,High,False,2021-08-23,Bolt Partner,Tier 1,1.003944006064292
2763,Restaurant_2763,North Indian,Noida,Area_12,2015,4.6,High,False,2021-10-01,Gold,Tier 1,1.646041563910864
2764,Restaurant_2764,Italian,Jaipur,Area_18,2014,3.3,Medium,False,2020-07-16,Regular,Tier 2,1.3455567844201635
2765,Restaurant_2765,Bakery,Jaipur,Area_13,2019,3.4,High,False,2020-10-22,Gold,Tier 1,1.0747562592556092
2766,Restaurant_2766,Street Food,Jaipur,Area_6,2017,4.8,Low,False,2021-04-13,Bolt Partner,Tier 1,4.875677999780703
2767,Restaurant_2767,Bakery,Pune,Area_9,2013,3.9,High,False,2020-09-07,Regular,Tier 2,1.4581221763738168
2768,Restaurant_2768,Continental,Jaipur,Area_16,2017,3.3,High,False,2022-06-25,Toing Partner,Tier 3,1.1485101321204059
2769,Restaurant_2769,Desserts,Lucknow,Area_20,2011,3.8,Medium,True,2022-05-29,Gold,Tier 1,1.4150679144572071
2770,Restaurant_2770,Street Food,Lucknow,Area_8,2014,4.7,High,True,2021-08-13,Gold,Tier 1,1.76671919264993
2771,Restaurant_2771,American,Jaipur,Area_13,2015,4.2,Medium,False,2022-04-17,Toing Partner,Tier 3,1.0404476647213083
2772,Restaurant_2772,North Indian,Chennai,Area_4,2014,3.1,Low,False,2020-11-07,Regular,Tier 2,1.174200614863648
2773,Restaurant_2773,Chinese,Delhi,Area_18,2018,4.1,Medium,False,2021-09-14,Bolt Partner,Tier 1,2.276053793693915
2774,Restaurant_2774,Thai,Mumbai,Area_7,2020,4.8,High,False,2020-01-29,Bolt Partner,Tier 1,1.3604055594597784
2775,Restaurant_2775,South Indian,Delhi,Area_11,2019,4.6,Medium,True,2021-08-11,Gold,Tier 1,1.4850746848271268
2776,Restaurant_2776,South Indian,Mumbai,Area_16,2021,4.6,High,True,2021-08-29,Gold,Tier 1,1.3278163600550215
2777,Restaurant_2777,American,Bangalore,Area_8,2020,4.4,High,True,2020-10-04,Regular,Tier 2,1.022700169379842
2778,Restaurant_2778,Desserts,Kolkata,Area_3,2016,4.0,High,False,2020-08-27,Regular,Tier 2,1.0948429723216218
2779,Restaurant_2779,Thai,Kolkata,Area_16,2019,4.1,Medium,False,2020-05-06,Bolt Partner,Tier 1,1.3429675886574668
2780,Restaurant_2780,American,Chennai,Area_5,2014,3.3,Low,False,2020-06-01,Gold,Tier 1,1.1245083344957212
2781,Restaurant_2781,North Indian,Chennai,Area_1,2012,4.1,High,False,2022-02-20,Regular,Tier 2,1.0259670279878055
2782,Restaurant_2782,Mexican,Ahmedabad,Area_1,2016,4.9,Low,False,2022-05-06,Bolt Partner,Tier 1,2.5290102563951864
2783,Restaurant_2783,American,Hyderabad,Area_13,2018,4.3,Medium,False,2021-10-30,Bolt Partner,Tier 1,7.2918008930628755
2784,Restaurant_2784,Mughlai,Jaipur,Area_2,2020,4.9,High,False,2020-02-11,Bolt Partner,Tier 1,2.1986938253249115
2785,Restaurant_2785,Mughlai,Noida,Area_13,2022,5.0,High,False,2020-12-31,Bolt Partner,Tier 1,2.6151940496601895
2786,Restaurant_2786,Italian,Delhi,Area_14,2012,4.9,Low,False,2022-02-06,Toing Partner,Tier 3,1.148573642122292
2787,Restaurant_2787,Continental,Mumbai,Area_8,2023,3.5,Medium,True,2020-06-26,Gold,Tier 1,5.039652732508739
2788,Restaurant_2788,South Indian,Mumbai,Area_9,2022,3.5,High,False,2020-08-08,Regular,Tier 2,1.1158919311919173
2789,Restaurant_2789,Thai,Kolkata,Area_8,2020,3.4,High,False,2020-11-05,Gold,Tier 1,4.537483935055321
2790,Restaurant_2790,Mughlai,Delhi,Area_1,2015,4.5,High,True,2022-05-13,Gold,Tier 1,13.89330356297572
2791,Restaurant_2791,Healthy Food,Pune,Area_8,2013,4.2,High,False,2021-09-21,Gold,Tier 1,1.8624938902105683
2792,Restaurant_2792,Thai,Noida,Area_7,2013,3.0,Medium,True,2022-07-08,Regular,Tier 2,7.282359702982268
2793,Restaurant_2793,Chinese,Chennai,Area_16,2018,4.1,Medium,False,2022-04-20,Toing Partner,Tier 3,1.5241702769110719
2794,Restaurant_2794,Mexican,Noida,Area_1,2022,4.4,Medium,False,2020-05-16,Regular,Tier 2,1.1621166448768847
2795,Restaurant_2795,Japanese,Jaipur,Area_10,2023,3.8,Medium,True,2021-11-23,Bolt Partner,Tier 1,1.3327362657830433
2796,Restaurant_2796,Chinese,Kolkata,Area_4,2016,4.7,Low,False,2022-09-19,Regular,Tier 2,1.5685641266605699
2797,Restaurant_2797,Mughlai,Noida,Area_10,2016,3.6,Low,False,2021-04-13,Toing Partner,Tier 3,1.0386739495803687
2798,Restaurant_2798,Chinese,Mumbai,Area_2,2019,3.4,Low,False,2021-07-28,Toing Partner,Tier 3,1.6272391433937907
2799,Restaurant_2799,Mexican,Ahmedabad,Area_12,2015,3.4,High,False,2020-03-12,Bolt Partner,Tier 1,7.288954382210448
2800,Restaurant_2800,South Indian,Bangalore,Area_9,2015,4.3,Low,True,2020-10-07,Toing Partner,Tier 3,1.1111849523422404
2801,Restaurant_2801,Bakery,Hyderabad,Area_4,2012,4.9,Medium,True,2021-04-25,Regular,Tier 2,2.1957885231534835
2802,Restaurant_2802,Italian,Bangalore,Area_17,2013,3.6,High,True,2020-02-26,Bolt Partner,Tier 1,3.2950904540037604
2803,Restaurant_2803,Chinese,Jaipur,Area_15,2021,4.7,High,True,2022-06-28,Gold,Tier 1,4.214557138432506
2804,Restaurant_2804,American,Ahmedabad,Area_7,2016,4.0,Low,False,2022-01-18,Bolt Partner,Tier 1,5.008496885487368
2805,Restaurant_2805,North Indian,Ahmedabad,Area_12,2012,4.1,Medium,False,2021-07-05,Bolt Partner,Tier 1,1.4455752815103746
2806,Restaurant_2806,Chinese,Jaipur,Area_3,2011,5.0,Low,False,2020-12-30,Regular,Tier 2,6.638389523505858
2807,Restaurant_2807,Healthy Food,Noida,Area_3,2023,4.9,High,True,2021-04-09,Bolt Partner,Tier 1,2.0298981347369147
2808,Restaurant_2808,Desserts,Chennai,Area_14,2019,4.6,Medium,False,2020-10-24,Bolt Partner,Tier 1,1.0921766015088674
2809,Restaurant_2809,Street Food,Pune,Area_20,2011,4.1,Low,False,2020-07-15,Regular,Tier 2,1.3826354386215587
2810,Restaurant_2810,Desserts,Lucknow,Area_4,2021,4.9,Medium,True,2020-11-25,Gold,Tier 1,1.8842156612117726
2811,Restaurant_2811,Street Food,Bangalore,Area_12,2018,3.9,High,True,2022-02-01,Regular,Tier 2,1.1526585420054707
2812,Restaurant_2812,South Indian,Noida,Area_5,2012,3.7,Medium,False,2022-03-16,Toing Partner,Tier 3,1.6680925303530063
2813,Restaurant_2813,Japanese,Noida,Area_13,2014,3.0,Medium,False,2021-03-04,Bolt Partner,Tier 1,1.731878872692233
2814,Restaurant_2814,Italian,Delhi,Area_5,2018,4.5,High,False,2021-06-04,Regular,Tier 2,1.0928470592377124
2815,Restaurant_2815,Desserts,Delhi,Area_20,2014,4.6,Low,False,2021-10-07,Gold,Tier 1,1.5163447876593845
2816,Restaurant_2816,Japanese,Delhi,Area_6,2020,4.8,High,False,2021-05-30,Regular,Tier 2,2.092558156905699
2817,Restaurant_2817,Mughlai,Ahmedabad,Area_20,2021,4.1,Low,True,2022-09-25,Regular,Tier 2,1.4126543785006285
2818,Restaurant_2818,Mexican,Kolkata,Area_15,2022,3.5,Low,False,2020-02-21,Toing Partner,Tier 3,1.0061070503992162
2819,Restaurant_2819,North Indian,Hyderabad,Area_2,2012,4.4,High,True,2021-06-23,Toing Partner,Tier 3,1.0045501023469952
2820,Restaurant_2820,Mexican,Lucknow,Area_13,2014,4.0,High,True,2021-09-30,Regular,Tier 2,1.247109028993646
2821,Restaurant_2821,Desserts,Jaipur,Area_10,2020,4.7,Low,True,2020-09-12,Gold,Tier 1,3.680902948509444
2822,Restaurant_2822,North Indian,Bangalore,Area_20,2014,3.4,Low,True,2021-07-31,Gold,Tier 1,1.1386278367728586
2823,Restaurant_2823,Mughlai,Hyderabad,Area_17,2019,3.4,Medium,False,2021-10-03,Toing Partner,Tier 3,1.653770880512581
2824,Restaurant_2824,Italian,Kolkata,Area_8,2019,3.5,Low,False,2020-12-11,Gold,Tier 1,1.1337867538434383
2825,Restaurant_2825,Fast Food,Kolkata,Area_15,2015,4.4,Medium,False,2020-12-30,Regular,Tier 2,1.2141699617424029
2826,Restaurant_2826,Mughlai,Chennai,Area_15,2010,3.0,Low,False,2020-05-06,Bolt Partner,Tier 1,2.5653010775010827
2827,Restaurant_2827,Desserts,Hyderabad,Area_4,2011,4.9,Medium,False,2021-06-14,Toing Partner,Tier 3,1.9204559903442713
2828,Restaurant_2828,Japanese,Noida,Area_12,2018,4.2,Low,False,2021-12-07,Toing Partner,Tier 3,1.0514086237392077
2829,Restaurant_2829,Thai,Pune,Area_5,2010,3.2,Low,False,2022-04-17,Gold,Tier 1,1.323026844282707
2830,Restaurant_2830,Street Food,Delhi,Area_3,2012,4.0,High,False,2020-09-13,Gold,Tier 1,1.0149119194904688
2831,Restaurant_2831,Italian,Delhi,Area_14,2012,4.1,Medium,False,2021-07-07,Toing Partner,Tier 3,1.3879389504864408
2832,Restaurant_2832,American,Gurgaon,Area_2,2023,4.9,Medium,False,2021-10-13,Toing Partner,Tier 3,1.7211576787346698
2833,Restaurant_2833,American,Kolkata,Area_13,2021,4.4,High,True,2021-01-11,Regular,Tier 2,1.065097800838639
2834,Restaurant_2834,Bakery,Hyderabad,Area_5,2018,3.5,Low,False,2020-06-01,Toing Partner,Tier 3,1.185850829069234
2835,Restaurant_2835,Japanese,Bangalore,Area_18,2022,4.0,High,False,2022-01-01,Toing Partner,Tier 3,1.2886733033472388
2836,Restaurant_2836,Continental,Hyderabad,Area_5,2022,4.0,Medium,True,2021-03-24,Gold,Tier 1,3.5252162579256536
2837,Restaurant_2837,North Indian,Pune,Area_7,2016,4.4,Medium,True,2020-11-20,Gold,Tier 1,12.176136820433262
2838,Restaurant_2838,Chinese,Ahmedabad,Area_19,2023,3.6,High,False,2021-01-04,Gold,Tier 1,1.0232415016375427
2839,Restaurant_2839,Italian,Lucknow,Area_4,2015,4.1,Low,False,2020-04-27,Gold,Tier 1,2.0455412822127297
2840,Restaurant_2840,Mughlai,Noida,Area_15,2015,3.7,Low,False,2022-08-25,Gold,Tier 1,1.2616090273935021
2841,Restaurant_2841,Chinese,Pune,Area_13,2013,4.1,Low,False,2022-09-26,Bolt Partner,Tier 1,1.282956446492681
2842,Restaurant_2842,Desserts,Bangalore,Area_13,2018,3.3,High,True,2020-05-08,Regular,Tier 2,2.017281323599284
2843,Restaurant_2843,American,Bangalore,Area_8,2010,3.9,Medium,True,2020-07-13,Bolt Partner,Tier 1,3.501267327121325
2844,Restaurant_2844,Street Food,Gurgaon,Area_17,2023,3.2,Medium,False,2020-06-22,Toing Partner,Tier 3,4.514251504056938
2845,Restaurant_2845,Continental,Mumbai,Area_8,2017,4.6,High,False,2021-12-14,Toing Partner,Tier 3,1.53777485426421
2846,Restaurant_2846,Chinese,Ahmedabad,Area_6,2020,3.1,High,False,2020-08-09,Regular,Tier 2,1.2471980812631953
2847,Restaurant_2847,American,Chennai,Area_4,2020,3.8,Medium,False,2022-08-10,Toing Partner,Tier 3,2.1695551679022
2848,Restaurant_2848,American,Kolkata,Area_7,2015,3.5,Low,True,2020-08-13,Toing Partner,Tier 3,1.1554721763653826
2849,Restaurant_2849,Mexican,Jaipur,Area_1,2018,4.9,Low,False,2021-05-23,Toing Partner,Tier 3,1.5145849188670988
2850,Restaurant_2850,Italian,Ahmedabad,Area_9,2011,3.4,High,True,2021-06-05,Regular,Tier 2,1.2486140871502827
2851,Restaurant_2851,Japanese,Noida,Area_13,2019,3.4,High,True,2020-12-18,Regular,Tier 2,1.706551916153299
2852,Restaurant_2852,Japanese,Pune,Area_4,2017,3.1,High,True,2021-05-18,Bolt Partner,Tier 1,1.1473798303294211
2853,Restaurant_2853,American,Delhi,Area_10,2011,4.6,Low,False,2021-06-02,Bolt Partner,Tier 1,1.1122052805945448
2854,Restaurant_2854,Thai,Noida,Area_9,2011,4.1,High,False,2020-12-14,Bolt Partner,Tier 1,3.497253656448272
2855,Restaurant_2855,Japanese,Gurgaon,Area_15,2020,3.2,Low,False,2020-08-29,Toing Partner,Tier 3,1.0551503929756136
2856,Restaurant_2856,Mughlai,Noida,Area_19,2018,3.3,High,False,2021-08-27,Gold,Tier 1,1.4227153716877654
2857,Restaurant_2857,Continental,Gurgaon,Area_18,2011,3.9,High,False,2020-08-01,Toing Partner,Tier 3,1.1328965078954623
2858,Restaurant_2858,Japanese,Noida,Area_13,2019,4.2,Medium,False,2020-12-12,Regular,Tier 2,1.020052398297796
2859,Restaurant_2859,American,Pune,Area_8,2011,4.0,High,False,2021-02-14,Bolt Partner,Tier 1,1.018510995908534
2860,Restaurant_2860,Desserts,Mumbai,Area_3,2023,3.2,Medium,False,2021-07-05,Regular,Tier 2,1.1011117725746151
2861,Restaurant_2861,South Indian,Jaipur,Area_20,2011,4.1,Low,True,2020-12-29,Bolt Partner,Tier 1,2.739678262158069
2862,Restaurant_2862,Thai,Mumbai,Area_11,2023,3.3,High,False,2020-06-11,Toing Partner,Tier 3,1.180545185435545
2863,Restaurant_2863,Bakery,Mumbai,Area_15,2021,4.2,Medium,True,2021-11-04,Gold,Tier 1,4.492813212708855
2864,Restaurant_2864,Mexican,Kolkata,Area_20,2013,3.4,Medium,False,2022-07-05,Toing Partner,Tier 3,1.546022223015672
2865,Restaurant_2865,Japanese,Hyderabad,Area_18,2019,4.7,High,False,2021-05-11,Regular,Tier 2,1.3322847225015928
2866,Restaurant_2866,Mughlai,Lucknow,Area_11,2021,3.4,Low,False,2020-10-03,Gold,Tier 1,1.5431967098820787
2867,Restaurant_2867,Desserts,Noida,Area_13,2019,3.9,High,True,2020-02-19,Regular,Tier 2,1.4384371036646657
2868,Restaurant_2868,Chinese,Bangalore,Area_14,2010,3.6,Medium,False,2021-06-14,Toing Partner,Tier 3,2.036057183056912
2869,Restaurant_2869,Japanese,Lucknow,Area_20,2021,4.0,Medium,True,2022-08-13,Toing Partner,Tier 3,1.180559435723511
2870,Restaurant_2870,North Indian,Lucknow,Area_13,2023,3.6,Medium,False,2022-05-27,Gold,Tier 1,1.2432680491976407
2871,Restaurant_2871,Bakery,Bangalore,Area_9,2019,3.5,Medium,True,2020-12-22,Bolt Partner,Tier 1,3.072842760278268
2872,Restaurant_2872,Italian,Kolkata,Area_2,2017,4.5,Low,False,2020-03-11,Regular,Tier 2,4.321620978894506
2873,Restaurant_2873,Healthy Food,Chennai,Area_3,2013,4.6,High,False,2020-06-17,Gold,Tier 1,3.0507977524481174
2874,Restaurant_2874,Bakery,Delhi,Area_2,2018,4.4,Medium,False,2021-12-01,Regular,Tier 2,1.312439929910127
2875,Restaurant_2875,Thai,Kolkata,Area_18,2019,3.9,High,False,2022-05-07,Bolt Partner,Tier 1,2.133780407539501
2876,Restaurant_2876,Bakery,Pune,Area_9,2011,3.7,Low,False,2021-08-09,Regular,Tier 2,1.3818901780128083
2877,Restaurant_2877,Continental,Delhi,Area_3,2016,3.1,Medium,True,2020-12-19,Bolt Partner,Tier 1,1.4107471744209266
2878,Restaurant_2878,Fast Food,Bangalore,Area_3,2015,3.7,Low,True,2020-04-03,Gold,Tier 1,1.1213187335735482
2879,Restaurant_2879,Italian,Chennai,Area_16,2017,4.4,High,True,2022-09-20,Gold,Tier 1,1.5638948083719566
2880,Restaurant_2880,North Indian,Lucknow,Area_20,2019,3.6,Low,False,2021-07-10,Regular,Tier 2,1.1084702800312827
2881,Restaurant_2881,North Indian,Kolkata,Area_2,2011,4.2,Medium,False,2021-04-12,Gold,Tier 1,1.2231235024289957
2882,Restaurant_2882,Chinese,Gurgaon,Area_4,2015,4.1,Medium,False,2021-07-29,Gold,Tier 1,2.626402194200353
2883,Restaurant_2883,Bakery,Mumbai,Area_1,2020,4.6,High,False,2020-07-29,Gold,Tier 1,1.1230114032247709
2884,Restaurant_2884,Italian,Ahmedabad,Area_3,2019,4.3,Medium,True,2020-01-08,Regular,Tier 2,1.0375980435877616
2885,Restaurant_2885,Chinese,Gurgaon,Area_17,2022,4.9,Low,True,2020-03-02,Toing Partner,Tier 3,1.0363988691106396
2886,Restaurant_2886,Thai,Pune,Area_8,2011,3.4,Low,False,2020-01-06,Bolt Partner,Tier 1,4.1094374540312675
2887,Restaurant_2887,Chinese,Lucknow,Area_13,2017,4.1,High,False,2020-11-04,Toing Partner,Tier 3,1.4241033210259422
2888,Restaurant_2888,Italian,Delhi,Area_14,2015,3.0,High,False,2022-01-02,Regular,Tier 2,1.3012409354639416
2889,Restaurant_2889,Bakery,Delhi,Area_8,2023,4.6,High,True,2021-07-31,Regular,Tier 2,2.299480023946424
2890,Restaurant_2890,American,Bangalore,Area_1,2022,4.5,Medium,True,2021-09-27,Regular,Tier 2,2.4680145449475033
2891,Restaurant_2891,Thai,Hyderabad,Area_19,2016,4.8,Low,True,2021-11-14,Bolt Partner,Tier 1,1.223696948122876
2892,Restaurant_2892,Mexican,Chennai,Area_18,2015,4.9,High,False,2020-06-13,Regular,Tier 2,1.8066266707608978
2893,Restaurant_2893,Continental,Bangalore,Area_11,2022,4.7,High,False,2020-12-12,Toing Partner,Tier 3,2.090252488405647
2894,Restaurant_2894,Bakery,Lucknow,Area_8,2023,4.1,High,False,2021-02-19,Bolt Partner,Tier 1,1.701651816669493
2895,Restaurant_2895,Japanese,Chennai,Area_4,2017,3.7,Medium,False,2021-08-03,Toing Partner,Tier 3,1.0856714304608979
2896,Restaurant_2896,Continental,Kolkata,Area_12,2021,3.0,Low,False,2021-06-18,Regular,Tier 2,2.838471324886446
2897,Restaurant_2897,Italian,Pune,Area_3,2021,4.6,High,True,2020-11-01,Regular,Tier 2,1.4729706033450571
2898,Restaurant_2898,Healthy Food,Ahmedabad,Area_1,2021,4.4,Medium,False,2020-04-20,Gold,Tier 1,1.1805399882575929
2899,Restaurant_2899,Continental,Delhi,Area_3,2014,3.0,Medium,False,2022-02-22,Regular,Tier 2,1.3190226960418971
2900,Restaurant_2900,North Indian,Jaipur,Area_14,2012,3.1,High,False,2020-07-02,Toing Partner,Tier 3,1.0193320275810034
2901,Restaurant_2901,Thai,Kolkata,Area_1,2015,4.3,Low,True,2022-07-27,Regular,Tier 2,1.0708005624477757
2902,Restaurant_2902,Mughlai,Bangalore,Area_17,2022,5.0,Low,True,2020-08-03,Gold,Tier 1,2.0652463905566267
2903,Restaurant_2903,Street Food,Pune,Area_16,2020,3.6,Medium,False,2021-02-05,Gold,Tier 1,1.0000058174284463
2904,Restaurant_2904,Desserts,Noida,Area_2,2019,4.9,Low,True,2022-03-10,Bolt Partner,Tier 1,1.3091941890786154
2905,Restaurant_2905,Mughlai,Noida,Area_11,2011,4.9,Low,False,2020-09-09,Gold,Tier 1,1.4471646386325754
2906,Restaurant_2906,Healthy Food,Jaipur,Area_8,2011,3.1,Medium,True,2021-12-06,Regular,Tier 2,1.0284900796175376
2907,Restaurant_2907,Italian,Pune,Area_2,2012,3.1,Medium,True,2020-04-07,Regular,Tier 2,6.094634342700379
2908,Restaurant_2908,Japanese,Gurgaon,Area_16,2022,3.1,Medium,False,2021-05-02,Regular,Tier 2,1.1367492711940845
2909,Restaurant_2909,South Indian,Bangalore,Area_15,2014,4.8,High,False,2020-10-03,Gold,Tier 1,1.1988294088508504
2910,Restaurant_2910,Mughlai,Kolkata,Area_8,2012,4.2,Medium,True,2020-03-10,Regular,Tier 2,1.1986087537913555
2911,Restaurant_2911,Italian,Delhi,Area_4,2010,3.7,Low,False,2022-07-02,Toing Partner,Tier 3,1.1399142213125217
2912,Restaurant_2912,American,Bangalore,Area_4,2020,4.4,Low,False,2020-04-29,Gold,Tier 1,1.0007377266017023
2913,Restaurant_2913,Mexican,Chennai,Area_2,2012,3.9,Low,False,2022-09-06,Regular,Tier 2,1.9221700564520854
2914,Restaurant_2914,South Indian,Mumbai,Area_20,2023,3.4,Medium,True,2020-04-11,Bolt Partner,Tier 1,5.491977601174385
2915,Restaurant_2915,North Indian,Ahmedabad,Area_13,2014,4.8,Medium,False,2021-03-09,Regular,Tier 2,1.1354062486543266
2916,Restaurant_2916,Japanese,Noida,Area_16,2015,4.7,High,True,2022-05-27,Toing Partner,Tier 3,1.7227230313783426
2917,Restaurant_2917,Desserts,Chennai,Area_5,2020,4.4,Low,False,2020-03-03,Bolt Partner,Tier 1,1.968352642107027
2918,Restaurant_2918,Street Food,Chennai,Area_4,2012,3.5,Medium,False,2020-03-31,Bolt Partner,Tier 1,2.5685424912866908
2919,Restaurant_2919,Healthy Food,Delhi,Area_1,2018,3.6,High,False,2021-04-26,Regular,Tier 2,1.3160506101094263
2920,Restaurant_2920,Thai,Pune,Area_7,2021,4.1,Medium,True,2020-12-06,Toing Partner,Tier 3,1.1977387103594437
2921,Restaurant_2921,Healthy Food,Kolkata,Area_9,2021,4.0,High,False,2021-09-06,Toing Partner,Tier 3,1.2174274192972179
2922,Restaurant_2922,Italian,Hyderabad,Area_8,2020,3.4,High,True,2021-03-13,Bolt Partner,Tier 1,1.8654032843857826
2923,Restaurant_2923,Italian,Delhi,Area_6,2015,3.1,Medium,False,2021-05-28,Gold,Tier 1,2.3362156469284394
2924,Restaurant_2924,Chinese,Delhi,Area_18,2014,4.4,Medium,False,2021-05-22,Bolt Partner,Tier 1,1.105403653799393
2925,Restaurant_2925,Italian,Gurgaon,Area_12,2012,4.5,High,False,2022-01-10,Regular,Tier 2,1.2608235517898707
2926,Restaurant_2926,Desserts,Lucknow,Area_12,2010,4.8,Medium,True,2020-02-28,Toing Partner,Tier 3,3.1934086051549726
2927,Restaurant_2927,Continental,Delhi,Area_3,2019,4.3,Low,True,2022-03-26,Bolt Partner,Tier 1,2.274452091202538
2928,Restaurant_2928,South Indian,Mumbai,Area_12,2010,4.0,Low,False,2022-09-16,Bolt Partner,Tier 1,8.126698636680045
2929,Restaurant_2929,American,Ahmedabad,Area_9,2020,4.1,Medium,False,2020-03-09,Bolt Partner,Tier 1,2.017212724415868
2930,Restaurant_2930,Street Food,Ahmedabad,Area_7,2012,3.2,High,False,2020-05-05,Toing Partner,Tier 3,1.2837353386075898
2931,Restaurant_2931,Mughlai,Jaipur,Area_10,2011,4.2,Low,True,2021-07-20,Toing Partner,Tier 3,1.562953829991159
2932,Restaurant_2932,Healthy Food,Kolkata,Area_5,2017,4.5,Low,False,2022-09-04,Gold,Tier 1,1.7175495765111846
2933,Restaurant_2933,Thai,Mumbai,Area_16,2010,3.9,Medium,False,2021-01-14,Regular,Tier 2,1.0416982121517722
2934,Restaurant_2934,Mexican,Bangalore,Area_18,2011,3.5,Medium,False,2021-02-11,Bolt Partner,Tier 1,1.4816797985564254
2935,Restaurant_2935,Bakery,Delhi,Area_16,2022,3.2,High,True,2020-03-16,Toing Partner,Tier 3,1.8547827284485063
2936,Restaurant_2936,Desserts,Gurgaon,Area_6,2017,3.5,Low,True,2020-02-07,Toing Partner,Tier 3,1.0958756402430845
2937,Restaurant_2937,Street Food,Delhi,Area_8,2015,4.4,Medium,False,2022-01-28,Toing Partner,Tier 3,2.135074739772483
2938,Restaurant_2938,Mughlai,Pune,Area_6,2014,4.4,High,True,2020-08-16,Regular,Tier 2,1.5500109316341384
2939,Restaurant_2939,Healthy Food,Chennai,Area_20,2013,4.0,Low,True,2021-03-25,Regular,Tier 2,4.574936210431774
2940,Restaurant_2940,South Indian,Kolkata,Area_16,2015,4.8,High,True,2022-06-27,Bolt Partner,Tier 1,1.021910797069257
2941,Restaurant_2941,Healthy Food,Noida,Area_8,2011,4.9,Low,False,2020-03-05,Toing Partner,Tier 3,1.166682558615274
2942,Restaurant_2942,Mughlai,Jaipur,Area_9,2021,3.2,High,False,2021-08-23,Gold,Tier 1,1.5842189305634102
2943,Restaurant_2943,Japanese,Lucknow,Area_8,2019,4.2,High,True,2022-07-28,Gold,Tier 1,1.1923024677325336
2944,Restaurant_2944,South Indian,Noida,Area_12,2018,4.7,High,True,2020-10-08,Gold,Tier 1,1.8712821358934266
2945,Restaurant_2945,Street Food,Gurgaon,Area_12,2020,3.5,High,False,2022-03-10,Bolt Partner,Tier 1,2.037024434389837
2946,Restaurant_2946,Bakery,Gurgaon,Area_2,2014,4.3,Low,False,2020-03-30,Toing Partner,Tier 3,1.0555690158208988
2947,Restaurant_2947,Desserts,Lucknow,Area_20,2019,4.9,Medium,False,2020-11-09,Gold,Tier 1,1.4342235487622794
2948,Restaurant_2948,Healthy Food,Bangalore,Area_17,2010,3.0,High,False,2021-06-04,Bolt Partner,Tier 1,1.4269569038240744
2949,Restaurant_2949,Continental,Delhi,Area_12,2011,4.3,Low,True,2020-11-04,Regular,Tier 2,1.2591630296911172
2950,Restaurant_2950,Bakery,Hyderabad,Area_2,2014,3.8,High,False,2020-01-24,Toing Partner,Tier 3,3.8611725890186483
2951,Restaurant_2951,American,Chennai,Area_1,2020,3.9,Medium,False,2020-10-23,Bolt Partner,Tier 1,2.407761168627584
2952,Restaurant_2952,Fast Food,Lucknow,Area_2,2011,3.7,Low,False,2021-08-11,Bolt Partner,Tier 1,1.8173090642954113
2953,Restaurant_2953,Continental,Delhi,Area_20,2013,3.1,Low,False,2021-07-10,Gold,Tier 1,1.8709626825677148
2954,Restaurant_2954,Fast Food,Lucknow,Area_16,2021,3.0,Medium,True,2020-09-17,Gold,Tier 1,1.3629951878010254
2955,Restaurant_2955,Street Food,Chennai,Area_1,2013,4.7,High,True,2022-09-15,Regular,Tier 2,3.5577169674207982
2956,Restaurant_2956,Mughlai,Bangalore,Area_5,2014,3.2,High,True,2020-07-03,Regular,Tier 2,1.8095151865556593
2957,Restaurant_2957,Fast Food,Pune,Area_10,2016,4.8,High,False,2021-04-01,Regular,Tier 2,1.9208797585593398
2958,Restaurant_2958,Street Food,Delhi,Area_11,2021,4.6,High,False,2021-04-05,Regular,Tier 2,2.6888998585275563
2959,Restaurant_2959,Desserts,Noida,Area_12,2012,4.9,High,False,2021-01-08,Bolt Partner,Tier 1,1.1736891859776
2960,Restaurant_2960,Mexican,Noida,Area_5,2013,3.0,Low,True,2021-07-27,Gold,Tier 1,2.276675506178448
2961,Restaurant_2961,Street Food,Noida,Area_1,2019,4.3,Low,False,2022-02-14,Gold,Tier 1,1.1147230249638596
2962,Restaurant_2962,Mexican,Mumbai,Area_19,2018,3.9,High,False,2021-09-17,Regular,Tier 2,1.2359267852952496
2963,Restaurant_2963,Fast Food,Chennai,Area_14,2010,4.7,Low,False,2022-02-07,Regular,Tier 2,1.2268419141872857
2964,Restaurant_2964,Continental,Pune,Area_7,2022,4.3,High,True,2022-07-25,Gold,Tier 1,6.823986358407244
2965,Restaurant_2965,Japanese,Kolkata,Area_3,2023,4.0,Medium,False,2022-06-02,Toing Partner,Tier 3,2.6401608364130205
2966,Restaurant_2966,Thai,Chennai,Area_13,2019,4.4,Low,True,2022-05-14,Toing Partner,Tier 3,1.8293120788663053
2967,Restaurant_2967,Thai,Mumbai,Area_3,2021,3.8,Low,False,2021-11-14,Regular,Tier 2,1.914096503785042
2968,Restaurant_2968,Italian,Noida,Area_6,2019,3.3,Low,False,2022-07-25,Gold,Tier 1,1.5111202902871446
2969,Restaurant_2969,Bakery,Delhi,Area_15,2015,4.3,Medium,False,2021-12-09,Bolt Partner,Tier 1,4.34744260471995
2970,Restaurant_2970,North Indian,Gurgaon,Area_13,2011,3.4,Low,False,2022-05-02,Gold,Tier 1,1.4089521479938603
2971,Restaurant_2971,Thai,Jaipur,Area_11,2014,5.0,Medium,False,2022-02-14,Gold,Tier 1,1.270531837938459
2972,Restaurant_2972,South Indian,Gurgaon,Area_2,2017,3.8,Low,True,2022-02-14,Regular,Tier 2,1.0930661337204948
2973,Restaurant_2973,Mughlai,Chennai,Area_8,2013,5.0,High,True,2020-11-03,Regular,Tier 2,2.1627279376039454
2974,Restaurant_2974,North Indian,Noida,Area_14,2013,5.0,Medium,False,2020-01-26,Toing Partner,Tier 3,1.9405368100027038
2975,Restaurant_2975,Fast Food,Mumbai,Area_5,2014,3.8,Low,False,2020-12-09,Bolt Partner,Tier 1,1.2744853134992233
2976,Restaurant_2976,Desserts,Lucknow,Area_16,2020,4.1,Medium,True,2021-05-21,Bolt Partner,Tier 1,1.0128398322519672
2977,Restaurant_2977,Thai,Delhi,Area_10,2012,3.0,Low,False,2022-01-27,Gold,Tier 1,2.4922032486563204
2978,Restaurant_2978,Chinese,Jaipur,Area_19,2018,3.6,Medium,False,2020-07-23,Gold,Tier 1,1.005758350479587
2979,Restaurant_2979,North Indian,Gurgaon,Area_9,2020,3.8,Medium,False,2021-01-06,Gold,Tier 1,1.8371051420452547
2980,Restaurant_2980,Desserts,Mumbai,Area_10,2013,4.8,High,True,2021-04-10,Toing Partner,Tier 3,5.798403256054383
2981,Restaurant_2981,Thai,Gurgaon,Area_13,2012,3.6,Low,False,2020-09-01,Bolt Partner,Tier 1,1.3335245782030951
2982,Restaurant_2982,Thai,Hyderabad,Area_6,2013,4.9,Low,False,2022-07-25,Regular,Tier 2,1.1433040278056237
2983,Restaurant_2983,South Indian,Chennai,Area_9,2014,3.1,High,False,2022-01-27,Gold,Tier 1,1.840746842735809
2984,Restaurant_2984,Chinese,Noida,Area_15,2017,5.0,Low,False,2020-12-01,Toing Partner,Tier 3,2.338441777502134
2985,Restaurant_2985,Japanese,Ahmedabad,Area_10,2015,4.5,Low,True,2020-12-16,Toing Partner,Tier 3,1.4848342971152033
2986,Restaurant_2986,Fast Food,Delhi,Area_3,2018,4.0,Medium,False,2020-09-08,Bolt Partner,Tier 1,5.507763366725148
2987,Restaurant_2987,Street Food,Delhi,Area_14,2016,4.3,Low,False,2021-02-22,Gold,Tier 1,1.0268806316155223
2988,Restaurant_2988,Mughlai,Delhi,Area_18,2018,3.6,High,True,2020-05-18,Bolt Partner,Tier 1,1.4210447413857337
2989,Restaurant_2989,Healthy Food,Jaipur,Area_18,2018,4.2,Low,False,2020-02-02,Bolt Partner,Tier 1,1.884626435251686
2990,Restaurant_2990,Continental,Pune,Area_20,2011,4.3,Medium,False,2021-06-12,Gold,Tier 1,2.698178042657847
2991,Restaurant_2991,Chinese,Jaipur,Area_19,2016,3.2,Low,False,2022-04-01,Regular,Tier 2,1.1038143583863875
2992,Restaurant_2992,Desserts,Gurgaon,Area_20,2019,3.9,High,False,2020-08-10,Bolt Partner,Tier 1,2.2360874414046057
2993,Restaurant_2993,Mughlai,Hyderabad,Area_1,2010,4.8,Medium,False,2020-08-31,Gold,Tier 1,1.4952161729791207
2994,Restaurant_2994,Desserts,Lucknow,Area_8,2023,4.7,High,False,2021-12-29,Gold,Tier 1,1.2873026969837817
2995,Restaurant_2995,Street Food,Kolkata,Area_2,2022,3.7,High,True,2021-09-20,Bolt Partner,Tier 1,1.0731708259781723
2996,Restaurant_2996,Chinese,Lucknow,Area_9,2023,4.5,Low,True,2021-09-30,Toing Partner,Tier 3,2.7246414876701124
2997,Restaurant_2997,Japanese,Gurgaon,Area_14,2018,4.7,High,False,2021-12-29,Gold,Tier 1,1.08932281435499
2998,Restaurant_2998,Italian,Lucknow,Area_19,2015,4.3,High,False,2020-10-22,Regular,Tier 2,1.2036735101137017
2999,Restaurant_2999,Healthy Food,Hyderabad,Area_3,2018,4.6,Medium,False,2020-04-20,Regular,Tier 2,1.1868197138959813
3000,Restaurant_3000,Bakery,Chennai,Area_5,2015,4.4,Low,False,2022-09-05,Gold,Tier 1,2.7887091035196994
3001,Restaurant_3001,American,Chennai,Area_14,2015,4.4,Low,False,2022-07-30,Regular,Tier 2,1.747949912878363
3002,Restaurant_3002,American,Mumbai,Area_4,2023,4.7,Medium,True,2021-04-18,Regular,Tier 2,2.2177441467816763
3003,Restaurant_3003,North Indian,Mumbai,Area_20,2015,4.1,High,True,2022-04-13,Toing Partner,Tier 3,1.155060895657159
3004,Restaurant_3004,Mughlai,Hyderabad,Area_11,2011,4.1,Low,False,2022-03-28,Toing Partner,Tier 3,1.6327191048868208
3005,Restaurant_3005,Mughlai,Lucknow,Area_16,2011,4.3,High,False,2022-08-26,Regular,Tier 2,1.5280912095264187
3006,Restaurant_3006,Japanese,Pune,Area_3,2016,4.6,Medium,False,2020-03-19,Bolt Partner,Tier 1,2.4458021261919156
3007,Restaurant_3007,Desserts,Mumbai,Area_1,2020,3.4,High,True,2020-05-09,Toing Partner,Tier 3,3.2631518406917177
3008,Restaurant_3008,American,Lucknow,Area_1,2020,3.3,Medium,True,2021-12-27,Bolt Partner,Tier 1,1.0061343733785577
3009,Restaurant_3009,Thai,Kolkata,Area_9,2013,4.2,High,False,2021-08-20,Toing Partner,Tier 3,1.7514771199360142
3010,Restaurant_3010,Thai,Noida,Area_15,2010,4.5,Low,False,2022-05-07,Bolt Partner,Tier 1,1.0269711017323457
3011,Restaurant_3011,Mughlai,Ahmedabad,Area_9,2021,4.3,Medium,False,2021-09-22,Regular,Tier 2,1.4888251271944035
3012,Restaurant_3012,Street Food,Chennai,Area_10,2016,4.0,Medium,False,2021-02-03,Bolt Partner,Tier 1,1.1848081174640317
3013,Restaurant_3013,South Indian,Gurgaon,Area_14,2023,3.6,Low,False,2021-11-22,Regular,Tier 2,1.2010563752625218
3014,Restaurant_3014,American,Kolkata,Area_18,2012,3.3,Low,True,2022-06-04,Toing Partner,Tier 3,1.243179766100436
3015,Restaurant_3015,Mexican,Hyderabad,Area_10,2020,3.6,Medium,False,2020-07-31,Gold,Tier 1,1.6249799911527603
3016,Restaurant_3016,Bakery,Ahmedabad,Area_7,2015,4.9,High,False,2022-05-28,Gold,Tier 1,1.2254036714043826
3017,Restaurant_3017,Mughlai,Jaipur,Area_19,2023,4.5,High,False,2020-06-25,Toing Partner,Tier 3,1.9341927423065592
3018,Restaurant_3018,South Indian,Kolkata,Area_16,2018,3.2,Medium,True,2020-11-02,Regular,Tier 2,1.2958928789553497
3019,Restaurant_3019,Japanese,Delhi,Area_19,2019,3.1,Low,True,2021-11-27,Regular,Tier 2,1.0360348198919391
3020,Restaurant_3020,Mexican,Hyderabad,Area_6,2012,4.8,Medium,True,2021-03-07,Bolt Partner,Tier 1,2.150462261314191
3021,Restaurant_3021,Continental,Chennai,Area_2,2022,3.6,Low,True,2022-05-19,Bolt Partner,Tier 1,1.1832524335592165
3022,Restaurant_3022,Italian,Bangalore,Area_6,2017,3.9,Medium,False,2021-08-25,Bolt Partner,Tier 1,1.3277588641019986
3023,Restaurant_3023,Mughlai,Bangalore,Area_1,2020,3.7,Low,False,2021-04-06,Regular,Tier 2,1.7829983144148405
3024,Restaurant_3024,Healthy Food,Pune,Area_5,2010,4.9,Medium,True,2020-08-09,Toing Partner,Tier 3,1.2239399278664347
3025,Restaurant_3025,Chinese,Noida,Area_5,2019,4.4,Low,True,2020-01-15,Gold,Tier 1,1.0295531281276276
3026,Restaurant_3026,American,Hyderabad,Area_10,2021,3.5,High,True,2020-02-22,Toing Partner,Tier 3,1.2638206520115576
3027,Restaurant_3027,Continental,Delhi,Area_2,2013,3.8,Medium,False,2020-08-28,Regular,Tier 2,4.242798709912527
3028,Restaurant_3028,American,Hyderabad,Area_20,2022,4.1,Low,False,2021-10-04,Gold,Tier 1,1.6706960405358438
3029,Restaurant_3029,Japanese,Lucknow,Area_20,2017,4.7,Low,False,2021-02-15,Bolt Partner,Tier 1,1.7446910379244789
3030,Restaurant_3030,Continental,Delhi,Area_2,2022,4.2,Low,False,2020-12-18,Gold,Tier 1,1.649083498883668
3031,Restaurant_3031,Mexican,Gurgaon,Area_9,2016,3.0,Low,False,2020-08-27,Toing Partner,Tier 3,1.1173303891780237
3032,Restaurant_3032,Chinese,Mumbai,Area_3,2012,3.1,Medium,True,2022-05-17,Toing Partner,Tier 3,1.3111823963507723
3033,Restaurant_3033,South Indian,Bangalore,Area_17,2018,4.6,Medium,True,2022-03-08,Toing Partner,Tier 3,2.003769825416404
3034,Restaurant_3034,Japanese,Bangalore,Area_15,2013,4.3,Medium,False,2022-05-31,Bolt Partner,Tier 1,1.0548974527587847
3035,Restaurant_3035,North Indian,Hyderabad,Area_3,2018,3.8,Low,False,2020-12-31,Gold,Tier 1,1.1767579119317386
3036,Restaurant_3036,Street Food,Chennai,Area_18,2019,3.7,High,False,2020-03-05,Bolt Partner,Tier 1,1.175510322882029
3037,Restaurant_3037,Continental,Noida,Area_5,2013,3.8,Medium,False,2021-02-21,Gold,Tier 1,1.3268843393057235
3038,Restaurant_3038,Italian,Bangalore,Area_8,2013,5.0,Medium,False,2020-08-28,Bolt Partner,Tier 1,7.137168054426008
3039,Restaurant_3039,Japanese,Jaipur,Area_8,2021,4.6,Medium,True,2021-08-26,Toing Partner,Tier 3,1.0355621602327063
3040,Restaurant_3040,Fast Food,Ahmedabad,Area_5,2023,3.5,High,False,2020-02-27,Toing Partner,Tier 3,1.4414265520502063
3041,Restaurant_3041,American,Mumbai,Area_16,2018,4.6,Low,False,2022-03-09,Bolt Partner,Tier 1,1.1038877095721173
3042,Restaurant_3042,Street Food,Kolkata,Area_8,2020,3.8,High,True,2021-12-14,Toing Partner,Tier 3,5.839725501764206
3043,Restaurant_3043,Thai,Delhi,Area_12,2018,3.6,Low,False,2020-12-15,Toing Partner,Tier 3,1.0619706252292802
3044,Restaurant_3044,Chinese,Jaipur,Area_8,2014,3.5,Medium,True,2021-06-10,Gold,Tier 1,1.2948860362585504
3045,Restaurant_3045,Fast Food,Bangalore,Area_13,2015,3.7,High,False,2020-08-16,Bolt Partner,Tier 1,1.9532329858781103
3046,Restaurant_3046,Chinese,Jaipur,Area_3,2018,3.3,Medium,False,2021-06-01,Gold,Tier 1,1.8397603606309836
3047,Restaurant_3047,North Indian,Hyderabad,Area_17,2021,4.8,High,True,2020-05-13,Toing Partner,Tier 3,1.3161639556590592
3048,Restaurant_3048,Mexican,Pune,Area_18,2022,4.3,High,False,2020-12-31,Regular,Tier 2,1.2370442495871494
3049,Restaurant_3049,Bakery,Kolkata,Area_3,2015,4.0,High,False,2020-01-09,Bolt Partner,Tier 1,1.2884334179761774
3050,Restaurant_3050,Continental,Bangalore,Area_9,2010,3.8,Medium,False,2021-02-27,Toing Partner,Tier 3,1.1658498361073306
3051,Restaurant_3051,Italian,Pune,Area_5,2018,3.3,High,True,2020-02-28,Regular,Tier 2,1.1217792282071286
3052,Restaurant_3052,Japanese,Jaipur,Area_1,2018,4.8,High,True,2020-09-22,Bolt Partner,Tier 1,1.3908215224941964
3053,Restaurant_3053,Thai,Bangalore,Area_5,2022,3.0,Low,False,2022-05-28,Bolt Partner,Tier 1,1.1692378227375337
3054,Restaurant_3054,Desserts,Pune,Area_4,2018,4.2,High,False,2021-02-26,Toing Partner,Tier 3,1.184665886270727
3055,Restaurant_3055,American,Mumbai,Area_16,2019,3.1,Low,False,2020-07-05,Gold,Tier 1,1.7068626020658826
3056,Restaurant_3056,Mughlai,Hyderabad,Area_9,2013,4.0,Low,False,2020-02-24,Gold,Tier 1,5.637703403679198
3057,Restaurant_3057,Thai,Noida,Area_15,2022,4.1,High,False,2020-08-26,Toing Partner,Tier 3,1.5883768781414116
3058,Restaurant_3058,Japanese,Chennai,Area_12,2023,4.8,Low,False,2021-02-24,Toing Partner,Tier 3,1.0408647930800408
3059,Restaurant_3059,Mughlai,Kolkata,Area_3,2018,4.3,Low,False,2021-07-29,Gold,Tier 1,1.0400786520285905
3060,Restaurant_3060,Thai,Mumbai,Area_17,2010,4.2,Medium,False,2022-02-07,Gold,Tier 1,4.537176166212091
3061,Restaurant_3061,Chinese,Chennai,Area_20,2018,4.1,Low,False,2021-08-31,Gold,Tier 1,1.192922355219189
3062,Restaurant_3062,Bakery,Jaipur,Area_11,2021,3.0,Medium,False,2022-09-06,Gold,Tier 1,1.0494774127800677
3063,Restaurant_3063,Thai,Chennai,Area_5,2023,3.4,Low,False,2020-09-30,Toing Partner,Tier 3,1.5792539056207455
3064,Restaurant_3064,North Indian,Delhi,Area_12,2023,3.6,High,False,2020-11-25,Gold,Tier 1,1.6300590410247933
3065,Restaurant_3065,South Indian,Jaipur,Area_13,2020,3.5,High,True,2020-11-18,Gold,Tier 1,1.686709585762161
3066,Restaurant_3066,Chinese,Chennai,Area_8,2016,3.5,High,False,2022-07-27,Toing Partner,Tier 3,1.168334345713695
3067,Restaurant_3067,North Indian,Delhi,Area_17,2023,4.2,Medium,False,2021-11-12,Regular,Tier 2,1.0076420595589253
3068,Restaurant_3068,Mughlai,Lucknow,Area_12,2013,4.9,High,False,2022-03-27,Bolt Partner,Tier 1,5.346398841912455
3069,Restaurant_3069,Thai,Lucknow,Area_11,2013,3.8,High,True,2021-11-22,Bolt Partner,Tier 1,1.1553886198219716
3070,Restaurant_3070,Continental,Lucknow,Area_15,2018,3.9,Low,True,2021-12-18,Toing Partner,Tier 3,1.7568921973331482
3071,Restaurant_3071,Chinese,Pune,Area_13,2019,3.6,Medium,True,2020-01-16,Toing Partner,Tier 3,1.8462565677905094
3072,Restaurant_3072,Healthy Food,Chennai,Area_16,2023,4.9,High,True,2022-06-28,Gold,Tier 1,1.6012967649763277
3073,Restaurant_3073,Italian,Pune,Area_20,2023,4.6,High,False,2022-08-02,Toing Partner,Tier 3,1.2064028724062188
3074,Restaurant_3074,Italian,Mumbai,Area_15,2020,4.5,Low,False,2020-01-03,Gold,Tier 1,1.1712912766850647
3075,Restaurant_3075,Mughlai,Kolkata,Area_8,2015,4.3,High,True,2022-09-22,Toing Partner,Tier 3,1.5765504198100013
3076,Restaurant_3076,Mughlai,Pune,Area_17,2016,4.2,Medium,False,2022-02-21,Regular,Tier 2,2.7327671632410855
3077,Restaurant_3077,Desserts,Pune,Area_2,2010,3.8,High,False,2022-07-25,Bolt Partner,Tier 1,4.332851977341046
3078,Restaurant_3078,Street Food,Delhi,Area_7,2020,3.7,Low,True,2022-09-05,Gold,Tier 1,1.057568148172974
3079,Restaurant_3079,American,Jaipur,Area_15,2014,4.0,Low,True,2020-11-11,Toing Partner,Tier 3,1.087746280785586
3080,Restaurant_3080,Thai,Hyderabad,Area_2,2016,4.1,High,True,2020-10-31,Bolt Partner,Tier 1,4.253827346709553
3081,Restaurant_3081,Chinese,Chennai,Area_14,2012,4.9,Low,False,2020-09-20,Toing Partner,Tier 3,1.9482232568730293
3082,Restaurant_3082,South Indian,Chennai,Area_16,2016,4.6,Low,False,2022-06-08,Regular,Tier 2,2.923449583328431
3083,Restaurant_3083,South Indian,Chennai,Area_8,2018,3.8,High,False,2020-12-18,Bolt Partner,Tier 1,1.1198781505928819
3084,Restaurant_3084,Fast Food,Gurgaon,Area_11,2012,4.1,Low,False,2022-03-14,Gold,Tier 1,1.557159975613097
3085,Restaurant_3085,Street Food,Ahmedabad,Area_19,2021,3.0,Low,False,2022-08-31,Toing Partner,Tier 3,1.829219444469673
3086,Restaurant_3086,Continental,Lucknow,Area_13,2014,4.5,High,False,2020-05-04,Bolt Partner,Tier 1,1.7680760768364963
3087,Restaurant_3087,Mexican,Pune,Area_8,2016,4.5,Medium,False,2020-09-30,Toing Partner,Tier 3,1.2998546567952949
3088,Restaurant_3088,Italian,Gurgaon,Area_16,2019,4.7,Low,False,2021-07-25,Gold,Tier 1,1.0077874776264948
3089,Restaurant_3089,Continental,Mumbai,Area_1,2019,3.2,High,False,2021-10-10,Toing Partner,Tier 3,1.5484367529860295
3090,Restaurant_3090,Fast Food,Bangalore,Area_16,2021,3.6,Medium,False,2021-09-26,Gold,Tier 1,1.157095535094235
3091,Restaurant_3091,Fast Food,Kolkata,Area_15,2011,4.1,Low,True,2020-09-03,Bolt Partner,Tier 1,1.348711492501278
3092,Restaurant_3092,Italian,Mumbai,Area_1,2022,3.5,Medium,False,2021-04-14,Bolt Partner,Tier 1,4.8553424255490585
3093,Restaurant_3093,Mughlai,Kolkata,Area_18,2018,3.0,Medium,False,2020-08-06,Regular,Tier 2,1.2899578655616653
3094,Restaurant_3094,Fast Food,Bangalore,Area_2,2016,3.2,High,False,2020-12-07,Gold,Tier 1,2.498451491981207
3095,Restaurant_3095,South Indian,Kolkata,Area_15,2011,3.0,High,False,2022-03-30,Bolt Partner,Tier 1,1.1101115053904391
3096,Restaurant_3096,Italian,Gurgaon,Area_16,2011,3.5,Low,False,2021-06-07,Bolt Partner,Tier 1,1.747302739539006
3097,Restaurant_3097,Fast Food,Gurgaon,Area_14,2014,3.5,Low,False,2022-04-04,Bolt Partner,Tier 1,6.59480183426438
3098,Restaurant_3098,Mughlai,Delhi,Area_10,2023,3.5,Medium,False,2022-08-16,Bolt Partner,Tier 1,1.0552029184649538
3099,Restaurant_3099,Fast Food,Gurgaon,Area_13,2015,3.4,High,False,2020-04-16,Regular,Tier 2,1.004186110447677
3100,Restaurant_3100,North Indian,Noida,Area_3,2023,5.0,Low,True,2020-01-16,Gold,Tier 1,1.3287148254481271
3101,Restaurant_3101,Bakery,Mumbai,Area_14,2021,3.7,Low,True,2021-09-04,Gold,Tier 1,1.0498003443693547
3102,Restaurant_3102,South Indian,Jaipur,Area_14,2023,4.4,Low,False,2022-09-11,Regular,Tier 2,1.9935685548700064
3103,Restaurant_3103,Italian,Noida,Area_9,2022,3.7,Low,False,2020-10-24,Regular,Tier 2,3.4209015123763673
3104,Restaurant_3104,Bakery,Bangalore,Area_16,2020,4.4,Low,True,2022-03-21,Regular,Tier 2,1.3292290704034804
3105,Restaurant_3105,Bakery,Hyderabad,Area_8,2011,3.5,High,False,2020-05-18,Toing Partner,Tier 3,1.1614657571842306
3106,Restaurant_3106,Continental,Ahmedabad,Area_9,2020,3.9,Medium,False,2020-12-22,Gold,Tier 1,1.3296782773820006
3107,Restaurant_3107,Bakery,Gurgaon,Area_11,2012,3.8,Medium,False,2022-01-23,Bolt Partner,Tier 1,1.9015662258191437
3108,Restaurant_3108,Street Food,Noida,Area_2,2018,4.0,Low,False,2020-04-18,Regular,Tier 2,1.0045580562838023
3109,Restaurant_3109,American,Delhi,Area_14,2015,3.8,High,False,2021-03-14,Toing Partner,Tier 3,1.5606987476610616
3110,Restaurant_3110,American,Chennai,Area_5,2018,3.7,Low,False,2021-08-31,Toing Partner,Tier 3,1.6080822001171735
3111,Restaurant_3111,Bakery,Kolkata,Area_8,2022,3.7,High,False,2021-09-09,Regular,Tier 2,1.6613410217684423
3112,Restaurant_3112,Chinese,Kolkata,Area_13,2016,3.3,High,False,2021-02-20,Gold,Tier 1,1.1486076980178181
3113,Restaurant_3113,Japanese,Pune,Area_19,2013,3.7,Medium,False,2022-08-25,Gold,Tier 1,1.8700663589682704
3114,Restaurant_3114,Desserts,Kolkata,Area_8,2011,3.3,High,True,2020-12-12,Gold,Tier 1,1.0490872262861193
3115,Restaurant_3115,Mexican,Mumbai,Area_18,2014,4.4,Low,False,2022-02-18,Regular,Tier 2,1.1175244693709763
3116,Restaurant_3116,South Indian,Lucknow,Area_7,2020,4.8,High,False,2022-04-19,Regular,Tier 2,2.8567936110372236
3117,Restaurant_3117,Fast Food,Delhi,Area_18,2014,3.3,Low,False,2020-08-02,Regular,Tier 2,1.9563634247388075
3118,Restaurant_3118,Continental,Kolkata,Area_10,2022,3.4,High,False,2021-11-16,Bolt Partner,Tier 1,1.0069444510750623
3119,Restaurant_3119,South Indian,Kolkata,Area_15,2017,4.3,High,False,2021-06-02,Regular,Tier 2,1.1534526089763761
3120,Restaurant_3120,Fast Food,Jaipur,Area_10,2018,3.4,Low,True,2020-07-29,Gold,Tier 1,1.1282388612988437
3121,Restaurant_3121,Chinese,Delhi,Area_7,2017,3.6,Medium,False,2022-03-20,Gold,Tier 1,1.1710584021761374
3122,Restaurant_3122,Italian,Delhi,Area_9,2020,4.7,Medium,True,2021-05-31,Gold,Tier 1,1.1528266202178143
3123,Restaurant_3123,Mexican,Mumbai,Area_17,2012,3.2,High,False,2021-07-07,Toing Partner,Tier 3,1.0328100436274494
3124,Restaurant_3124,Mughlai,Bangalore,Area_16,2011,3.7,Medium,False,2020-03-31,Gold,Tier 1,1.3594946198990794
3125,Restaurant_3125,Fast Food,Delhi,Area_20,2022,3.7,High,True,2021-12-25,Regular,Tier 2,1.934317301276177
3126,Restaurant_3126,Bakery,Lucknow,Area_1,2023,4.0,High,False,2020-05-21,Toing Partner,Tier 3,1.5946138918349217
3127,Restaurant_3127,Desserts,Chennai,Area_19,2020,4.4,Low,True,2021-04-23,Toing Partner,Tier 3,1.7484004950500032
3128,Restaurant_3128,South Indian,Noida,Area_5,2015,4.5,Medium,True,2020-01-08,Gold,Tier 1,1.0432238230207291
3129,Restaurant_3129,American,Chennai,Area_16,2011,3.4,High,False,2021-02-19,Toing Partner,Tier 3,4.5403312789233725
3130,Restaurant_3130,South Indian,Ahmedabad,Area_11,2023,4.7,High,False,2020-06-22,Bolt Partner,Tier 1,2.4883001000125256
3131,Restaurant_3131,American,Jaipur,Area_6,2011,3.8,Medium,False,2022-02-17,Gold,Tier 1,2.2650786892994716
3132,Restaurant_3132,Mexican,Bangalore,Area_9,2022,4.7,High,False,2021-07-16,Toing Partner,Tier 3,2.3768047100167804
3133,Restaurant_3133,Japanese,Bangalore,Area_4,2020,4.5,High,False,2021-01-27,Gold,Tier 1,3.8550176928826776
3134,Restaurant_3134,Continental,Mumbai,Area_6,2011,3.7,High,False,2021-01-26,Gold,Tier 1,1.481284747605179
3135,Restaurant_3135,Chinese,Pune,Area_7,2016,4.2,Low,False,2021-02-07,Bolt Partner,Tier 1,1.1182311068437245
3136,Restaurant_3136,Continental,Gurgaon,Area_9,2018,4.7,High,True,2022-05-03,Regular,Tier 2,1.6153921239309088
3137,Restaurant_3137,Italian,Jaipur,Area_12,2015,3.2,Medium,False,2020-06-20,Regular,Tier 2,1.972119974089104
3138,Restaurant_3138,South Indian,Bangalore,Area_14,2022,3.6,High,False,2022-02-06,Gold,Tier 1,1.9533537482460501
3139,Restaurant_3139,South Indian,Gurgaon,Area_2,2021,4.7,High,True,2021-03-21,Bolt Partner,Tier 1,1.4455592495476333
3140,Restaurant_3140,North Indian,Noida,Area_4,2023,3.3,Medium,False,2020-11-10,Bolt Partner,Tier 1,1.0360934959212622
3141,Restaurant_3141,South Indian,Jaipur,Area_17,2019,4.8,Low,True,2021-10-22,Bolt Partner,Tier 1,1.2609958871232623
3142,Restaurant_3142,South Indian,Lucknow,Area_9,2020,3.1,Low,False,2020-05-27,Bolt Partner,Tier 1,3.5525964458670005
3143,Restaurant_3143,Italian,Jaipur,Area_5,2022,3.4,Medium,False,2020-05-19,Gold,Tier 1,1.551271404527643
3144,Restaurant_3144,South Indian,Chennai,Area_9,2017,3.7,Low,True,2020-10-21,Toing Partner,Tier 3,1.4717535323384765
3145,Restaurant_3145,Bakery,Kolkata,Area_9,2022,3.8,Low,False,2020-05-24,Toing Partner,Tier 3,1.1694934709930767
3146,Restaurant_3146,Thai,Jaipur,Area_8,2011,3.4,Medium,False,2021-07-05,Toing Partner,Tier 3,1.258333500369161
3147,Restaurant_3147,Mexican,Pune,Area_7,2011,4.5,Medium,True,2022-01-02,Bolt Partner,Tier 1,3.0911655796593607
3148,Restaurant_3148,Chinese,Jaipur,Area_5,2017,4.9,Low,False,2021-03-27,Gold,Tier 1,1.731522031768144
3149,Restaurant_3149,South Indian,Jaipur,Area_15,2010,3.9,Low,False,2020-12-01,Regular,Tier 2,2.1687281647541923
3150,Restaurant_3150,North Indian,Hyderabad,Area_6,2018,3.8,Medium,False,2021-11-21,Bolt Partner,Tier 1,1.3537581954615892
3151,Restaurant_3151,Mexican,Pune,Area_3,2019,3.8,Low,False,2021-11-17,Gold,Tier 1,1.6445393731405515
3152,Restaurant_3152,Bakery,Gurgaon,Area_13,2012,4.5,Medium,False,2020-02-19,Regular,Tier 2,1.1534582474775186
3153,Restaurant_3153,North Indian,Ahmedabad,Area_10,2011,4.8,Low,False,2020-09-13,Gold,Tier 1,1.8425889860928089
3154,Restaurant_3154,Mughlai,Delhi,Area_9,2011,4.9,Medium,False,2022-04-08,Bolt Partner,Tier 1,1.3217541827211832
3155,Restaurant_3155,Japanese,Delhi,Area_17,2012,3.5,Low,True,2020-09-09,Toing Partner,Tier 3,1.3393537345185476
3156,Restaurant_3156,Italian,Kolkata,Area_5,2013,3.6,High,False,2021-02-02,Gold,Tier 1,1.6886744811843297
3157,Restaurant_3157,Fast Food,Mumbai,Area_14,2010,4.0,Medium,False,2020-07-11,Regular,Tier 2,3.9615417232594847
3158,Restaurant_3158,Street Food,Ahmedabad,Area_5,2020,4.1,Medium,False,2022-02-18,Toing Partner,Tier 3,1.0336262925343542
3159,Restaurant_3159,Bakery,Kolkata,Area_12,2014,4.7,Low,True,2022-07-15,Regular,Tier 2,2.388705488521815
3160,Restaurant_3160,South Indian,Pune,Area_5,2019,3.5,Low,False,2021-05-24,Gold,Tier 1,1.1887783986204838
3161,Restaurant_3161,South Indian,Kolkata,Area_18,2011,4.7,High,False,2022-08-31,Toing Partner,Tier 3,1.3410073223016103
3162,Restaurant_3162,North Indian,Mumbai,Area_1,2017,4.7,Medium,True,2022-06-26,Gold,Tier 1,1.0111400897768332
3163,Restaurant_3163,Street Food,Bangalore,Area_17,2016,3.3,High,True,2021-05-15,Regular,Tier 2,1.1961226845046276
3164,Restaurant_3164,Thai,Ahmedabad,Area_13,2017,3.9,High,True,2022-09-26,Toing Partner,Tier 3,1.417949452921601
3165,Restaurant_3165,Thai,Kolkata,Area_10,2011,4.3,Low,True,2021-08-11,Regular,Tier 2,1.0293297131018575
3166,Restaurant_3166,American,Pune,Area_9,2012,4.5,Low,True,2022-01-26,Regular,Tier 2,1.4017867554326857
3167,Restaurant_3167,Mughlai,Gurgaon,Area_1,2018,3.7,Medium,False,2020-11-13,Bolt Partner,Tier 1,3.7039737342081596
3168,Restaurant_3168,Healthy Food,Delhi,Area_15,2013,4.1,Medium,False,2020-04-17,Bolt Partner,Tier 1,1.0572651253116598
3169,Restaurant_3169,Street Food,Bangalore,Area_14,2022,3.1,Low,False,2021-02-22,Regular,Tier 2,2.0603922058514277
3170,Restaurant_3170,Healthy Food,Hyderabad,Area_9,2010,3.1,High,False,2022-04-19,Bolt Partner,Tier 1,1.301526336048906
3171,Restaurant_3171,South Indian,Noida,Area_8,2022,3.7,Medium,True,2021-07-30,Toing Partner,Tier 3,1.7029418484466659
3172,Restaurant_3172,Mexican,Mumbai,Area_15,2018,4.8,Medium,False,2020-05-26,Toing Partner,Tier 3,1.1626622695611024
3173,Restaurant_3173,South Indian,Chennai,Area_7,2015,4.4,Medium,False,2020-07-05,Regular,Tier 2,1.0907598464366752
3174,Restaurant_3174,Italian,Chennai,Area_14,2020,3.4,Medium,False,2020-11-21,Bolt Partner,Tier 1,1.0913900238791916
3175,Restaurant_3175,Continental,Lucknow,Area_6,2019,4.8,High,False,2020-05-31,Bolt Partner,Tier 1,1.0372260637300232
3176,Restaurant_3176,Continental,Jaipur,Area_13,2023,3.6,Medium,False,2020-02-04,Regular,Tier 2,1.1081372935986418
3177,Restaurant_3177,Italian,Kolkata,Area_15,2023,4.9,Low,False,2020-04-10,Gold,Tier 1,1.7257273812464116
3178,Restaurant_3178,Mughlai,Delhi,Area_2,2023,3.6,High,False,2020-09-11,Regular,Tier 2,2.907303665243039
3179,Restaurant_3179,Healthy Food,Bangalore,Area_9,2010,3.1,Medium,True,2021-08-21,Gold,Tier 1,2.319478280584447
3180,Restaurant_3180,South Indian,Hyderabad,Area_12,2010,3.7,Low,False,2022-03-10,Gold,Tier 1,1.7821215842510498
3181,Restaurant_3181,Mughlai,Bangalore,Area_18,2016,4.0,High,True,2020-09-17,Regular,Tier 2,1.0602551502116098
3182,Restaurant_3182,Japanese,Noida,Area_3,2019,3.2,Low,True,2020-06-17,Bolt Partner,Tier 1,1.1861031392421217
3183,Restaurant_3183,Street Food,Jaipur,Area_10,2019,4.1,Low,False,2020-04-29,Regular,Tier 2,1.2036900917293774
3184,Restaurant_3184,Street Food,Hyderabad,Area_13,2014,3.8,Medium,False,2020-11-24,Gold,Tier 1,1.154667397127531
3185,Restaurant_3185,American,Chennai,Area_8,2019,4.9,Medium,True,2020-10-22,Gold,Tier 1,1.435924695524827
3186,Restaurant_3186,Mughlai,Hyderabad,Area_19,2014,4.8,Medium,False,2021-03-10,Gold,Tier 1,1.4673452144289738
3187,Restaurant_3187,Street Food,Bangalore,Area_14,2021,3.9,Low,False,2022-08-09,Gold,Tier 1,1.246970012829693
3188,Restaurant_3188,North Indian,Chennai,Area_8,2017,5.0,Low,True,2021-03-24,Regular,Tier 2,1.2439785163993435
3189,Restaurant_3189,Japanese,Gurgaon,Area_5,2013,3.7,Low,False,2022-04-20,Gold,Tier 1,2.41511794757754
3190,Restaurant_3190,Mexican,Noida,Area_2,2013,3.3,Low,True,2020-09-07,Gold,Tier 1,2.1785140329818695
3191,Restaurant_3191,South Indian,Delhi,Area_10,2012,3.4,Low,True,2022-09-11,Toing Partner,Tier 3,1.201940294375029
3192,Restaurant_3192,Mexican,Jaipur,Area_7,2016,3.4,High,False,2020-07-11,Gold,Tier 1,3.4057852312607073
3193,Restaurant_3193,American,Jaipur,Area_14,2020,4.5,Medium,False,2022-03-11,Bolt Partner,Tier 1,4.603605482019879
3194,Restaurant_3194,Continental,Delhi,Area_10,2019,3.1,Low,False,2022-01-23,Bolt Partner,Tier 1,1.2187353648064678
3195,Restaurant_3195,American,Chennai,Area_17,2010,4.9,Low,False,2021-08-21,Toing Partner,Tier 3,1.2445909274082496
3196,Restaurant_3196,Continental,Chennai,Area_13,2018,4.1,Low,False,2022-04-24,Bolt Partner,Tier 1,1.4222494357036655
3197,Restaurant_3197,Continental,Hyderabad,Area_7,2010,4.4,Low,True,2020-09-24,Toing Partner,Tier 3,4.121156394439505
3198,Restaurant_3198,Japanese,Noida,Area_1,2021,4.3,High,False,2020-11-10,Gold,Tier 1,2.843474032371419
3199,Restaurant_3199,Mughlai,Gurgaon,Area_18,2017,4.9,High,True,2020-09-20,Bolt Partner,Tier 1,1.0555995959797282
3200,Restaurant_3200,Chinese,Gurgaon,Area_15,2012,3.6,High,False,2022-08-15,Gold,Tier 1,1.2832443250431371
3201,Restaurant_3201,Desserts,Delhi,Area_9,2017,4.9,Medium,False,2020-09-03,Toing Partner,Tier 3,1.4963274147517653
3202,Restaurant_3202,North Indian,Chennai,Area_13,2016,4.4,Low,False,2020-08-03,Gold,Tier 1,1.41866447202054
3203,Restaurant_3203,Mughlai,Hyderabad,Area_5,2019,3.5,Medium,False,2020-10-15,Gold,Tier 1,1.1137701926946422
3204,Restaurant_3204,Healthy Food,Mumbai,Area_12,2014,3.7,High,False,2022-09-27,Toing Partner,Tier 3,2.6613895363283815
3205,Restaurant_3205,Continental,Mumbai,Area_17,2011,3.4,High,True,2021-10-19,Gold,Tier 1,1.7593770879361954
3206,Restaurant_3206,Japanese,Hyderabad,Area_5,2023,4.4,Medium,False,2021-11-25,Toing Partner,Tier 3,2.4838176663832296
3207,Restaurant_3207,South Indian,Jaipur,Area_6,2014,4.3,High,False,2020-10-20,Bolt Partner,Tier 1,2.6608949229291445
3208,Restaurant_3208,Mughlai,Mumbai,Area_11,2018,3.7,Low,True,2020-06-15,Gold,Tier 1,1.9934556765066112
3209,Restaurant_3209,Mughlai,Lucknow,Area_8,2013,4.0,Medium,True,2020-10-17,Bolt Partner,Tier 1,1.3353653483918957
3210,Restaurant_3210,Desserts,Lucknow,Area_6,2023,4.4,Low,False,2020-10-02,Bolt Partner,Tier 1,1.6024051666972408
3211,Restaurant_3211,Bakery,Mumbai,Area_3,2017,3.5,Low,True,2021-03-02,Regular,Tier 2,1.0913268445638067
3212,Restaurant_3212,American,Ahmedabad,Area_2,2022,4.2,Low,True,2020-12-17,Toing Partner,Tier 3,1.7504718954443115
3213,Restaurant_3213,North Indian,Delhi,Area_15,2014,4.0,Medium,False,2022-05-22,Regular,Tier 2,1.1038127739911305
3214,Restaurant_3214,Street Food,Pune,Area_15,2013,3.7,Medium,True,2022-09-19,Gold,Tier 1,1.80760493167503
3215,Restaurant_3215,Bakery,Kolkata,Area_18,2017,4.7,Low,False,2020-09-03,Bolt Partner,Tier 1,1.1393085183877953
3216,Restaurant_3216,Italian,Gurgaon,Area_9,2015,3.4,Low,False,2020-03-09,Toing Partner,Tier 3,1.064523531907278
3217,Restaurant_3217,North Indian,Noida,Area_18,2021,4.3,Low,False,2021-05-23,Toing Partner,Tier 3,1.0945377844238025
3218,Restaurant_3218,South Indian,Kolkata,Area_9,2011,3.2,Low,True,2022-09-01,Gold,Tier 1,1.0009975583104964
3219,Restaurant_3219,Bakery,Chennai,Area_12,2019,4.1,High,True,2020-10-09,Gold,Tier 1,1.885583280993202
3220,Restaurant_3220,Continental,Mumbai,Area_14,2022,3.9,Medium,True,2020-06-12,Gold,Tier 1,1.933115471717444
3221,Restaurant_3221,Continental,Chennai,Area_14,2021,4.0,Low,False,2022-05-23,Toing Partner,Tier 3,1.435817663540329
3222,Restaurant_3222,Thai,Gurgaon,Area_7,2017,3.8,Medium,False,2021-05-04,Regular,Tier 2,1.0919756116509938
3223,Restaurant_3223,Italian,Ahmedabad,Area_1,2018,4.1,Low,False,2022-02-24,Toing Partner,Tier 3,1.0445918665065048
3224,Restaurant_3224,Desserts,Ahmedabad,Area_18,2017,3.6,Low,False,2020-06-03,Gold,Tier 1,1.0097039268626378
3225,Restaurant_3225,Mexican,Bangalore,Area_10,2017,3.5,Low,False,2021-05-30,Regular,Tier 2,1.0948419205556825
3226,Restaurant_3226,Japanese,Hyderabad,Area_3,2022,3.3,Medium,True,2021-11-25,Regular,Tier 2,3.026907446456146
3227,Restaurant_3227,Street Food,Chennai,Area_4,2018,3.8,Low,False,2022-08-11,Bolt Partner,Tier 1,1.1482402196582524
3228,Restaurant_3228,South Indian,Bangalore,Area_3,2016,3.1,High,False,2022-08-03,Gold,Tier 1,1.244442871885442
3229,Restaurant_3229,Street Food,Hyderabad,Area_9,2010,4.5,Low,False,2020-12-07,Regular,Tier 2,1.0572369201381124
3230,Restaurant_3230,North Indian,Bangalore,Area_1,2014,4.2,High,False,2021-12-19,Bolt Partner,Tier 1,1.133994814258526
3231,Restaurant_3231,Continental,Kolkata,Area_7,2019,5.0,High,True,2020-02-04,Gold,Tier 1,1.4422112131616576
3232,Restaurant_3232,Fast Food,Jaipur,Area_13,2016,3.6,Low,False,2022-09-25,Toing Partner,Tier 3,1.5966878083915645
3233,Restaurant_3233,North Indian,Lucknow,Area_6,2016,4.7,Low,True,2022-04-04,Regular,Tier 2,1.1511392911933513
3234,Restaurant_3234,Mexican,Lucknow,Area_7,2012,3.5,High,True,2022-06-13,Regular,Tier 2,1.0301792913796173
3235,Restaurant_3235,Mexican,Chennai,Area_5,2010,3.2,Low,False,2021-10-01,Gold,Tier 1,1.2814541560413724
3236,Restaurant_3236,Mexican,Kolkata,Area_5,2021,3.6,Medium,True,2020-03-09,Gold,Tier 1,1.142729068054637
3237,Restaurant_3237,Continental,Jaipur,Area_7,2015,3.2,Low,False,2021-07-20,Toing Partner,Tier 3,1.1319534021281914
3238,Restaurant_3238,Mexican,Pune,Area_16,2010,3.5,High,False,2022-07-17,Bolt Partner,Tier 1,4.991447165045785
3239,Restaurant_3239,Desserts,Hyderabad,Area_16,2011,3.4,High,False,2020-12-11,Bolt Partner,Tier 1,1.6143748211394169
3240,Restaurant_3240,Healthy Food,Ahmedabad,Area_17,2019,4.3,Low,False,2022-09-25,Toing Partner,Tier 3,1.5022373687348627
3241,Restaurant_3241,Fast Food,Lucknow,Area_19,2023,3.6,Medium,True,2022-03-20,Regular,Tier 2,1.3083079181882544
3242,Restaurant_3242,Healthy Food,Lucknow,Area_17,2012,4.9,Medium,True,2020-12-16,Regular,Tier 2,1.3233075103242748
3243,Restaurant_3243,Bakery,Pune,Area_17,2014,3.6,High,False,2021-11-26,Gold,Tier 1,1.4758720914440104
3244,Restaurant_3244,Desserts,Mumbai,Area_13,2011,3.0,Low,False,2021-04-15,Regular,Tier 2,1.8149741196368534
3245,Restaurant_3245,Street Food,Kolkata,Area_3,2020,4.3,Medium,False,2021-06-09,Toing Partner,Tier 3,1.832307468219967
3246,Restaurant_3246,Healthy Food,Lucknow,Area_6,2021,3.9,High,True,2020-04-18,Toing Partner,Tier 3,1.098764380639438
3247,Restaurant_3247,Italian,Hyderabad,Area_7,2012,3.8,Medium,False,2021-05-16,Bolt Partner,Tier 1,1.4143730448625262
3248,Restaurant_3248,Bakery,Pune,Area_3,2023,4.7,Medium,False,2020-03-22,Regular,Tier 2,1.3040548602156496
3249,Restaurant_3249,Healthy Food,Ahmedabad,Area_7,2022,4.3,Low,True,2021-06-22,Bolt Partner,Tier 1,2.7791394422491966
3250,Restaurant_3250,Desserts,Bangalore,Area_7,2012,3.8,High,False,2020-10-30,Toing Partner,Tier 3,1.6471512553464658
3251,Restaurant_3251,Mexican,Kolkata,Area_12,2013,5.0,High,False,2021-10-17,Regular,Tier 2,1.4625512090612598
3252,Restaurant_3252,Street Food,Mumbai,Area_4,2022,3.6,Medium,True,2020-10-25,Regular,Tier 2,1.0632250917947166
3253,Restaurant_3253,Fast Food,Noida,Area_3,2021,3.5,High,True,2021-01-17,Regular,Tier 2,1.5924008796775817
3254,Restaurant_3254,Desserts,Gurgaon,Area_4,2012,3.3,High,True,2020-07-28,Regular,Tier 2,1.0643140577267731
3255,Restaurant_3255,American,Gurgaon,Area_2,2010,3.8,Low,False,2021-10-20,Toing Partner,Tier 3,1.228318249752005
3256,Restaurant_3256,Bakery,Chennai,Area_2,2015,4.4,Medium,False,2022-04-14,Gold,Tier 1,1.0801138866016717
3257,Restaurant_3257,Fast Food,Gurgaon,Area_20,2022,3.3,Low,False,2021-02-09,Regular,Tier 2,1.8020903905365149
3258,Restaurant_3258,Mughlai,Lucknow,Area_19,2013,3.3,Medium,False,2021-12-06,Regular,Tier 2,1.1224285611037461
3259,Restaurant_3259,Continental,Chennai,Area_16,2014,3.6,Medium,True,2022-04-03,Toing Partner,Tier 3,1.2823246516182791
3260,Restaurant_3260,Chinese,Mumbai,Area_14,2019,3.2,Medium,False,2022-02-01,Regular,Tier 2,3.0960312843590563
3261,Restaurant_3261,South Indian,Kolkata,Area_15,2013,4.5,Low,True,2020-06-01,Regular,Tier 2,1.1210624137207699
3262,Restaurant_3262,Mexican,Ahmedabad,Area_20,2015,4.4,High,False,2021-03-10,Bolt Partner,Tier 1,1.42538252279575
3263,Restaurant_3263,Healthy Food,Jaipur,Area_10,2014,3.1,Medium,False,2022-03-22,Regular,Tier 2,1.312240659656688
3264,Restaurant_3264,Continental,Gurgaon,Area_9,2015,4.3,High,False,2020-03-04,Toing Partner,Tier 3,1.0091870912777121
3265,Restaurant_3265,Thai,Kolkata,Area_12,2010,3.8,High,False,2020-06-15,Regular,Tier 2,2.1966518554316377
3266,Restaurant_3266,Continental,Hyderabad,Area_11,2013,3.6,Medium,True,2020-10-11,Bolt Partner,Tier 1,1.0364201955481762
3267,Restaurant_3267,Street Food,Chennai,Area_4,2021,4.4,High,False,2020-08-10,Bolt Partner,Tier 1,1.3791529512653506
3268,Restaurant_3268,Thai,Chennai,Area_7,2015,3.0,Low,True,2021-12-20,Regular,Tier 2,1.5087200773133833
3269,Restaurant_3269,Desserts,Bangalore,Area_12,2011,5.0,High,True,2021-02-25,Toing Partner,Tier 3,1.640505187454622
3270,Restaurant_3270,Fast Food,Gurgaon,Area_2,2015,4.5,Low,True,2022-03-12,Regular,Tier 2,1.7921021172982057
3271,Restaurant_3271,Continental,Bangalore,Area_20,2012,3.0,Medium,False,2020-04-29,Toing Partner,Tier 3,1.1572278938797642
3272,Restaurant_3272,Healthy Food,Lucknow,Area_3,2011,4.9,High,False,2021-07-22,Bolt Partner,Tier 1,1.0050270425734158
3273,Restaurant_3273,Mexican,Lucknow,Area_13,2012,4.7,High,True,2021-10-07,Bolt Partner,Tier 1,1.901551939437454
3274,Restaurant_3274,Japanese,Bangalore,Area_10,2013,3.5,Medium,False,2020-10-16,Bolt Partner,Tier 1,1.467507607123288
3275,Restaurant_3275,Desserts,Chennai,Area_10,2013,4.4,Medium,False,2022-08-24,Toing Partner,Tier 3,2.4702105888676464
3276,Restaurant_3276,Japanese,Lucknow,Area_11,2012,3.1,Low,False,2021-09-01,Gold,Tier 1,2.3661655361417044
3277,Restaurant_3277,American,Jaipur,Area_20,2010,3.6,High,True,2022-01-26,Regular,Tier 2,2.5263979882656695
3278,Restaurant_3278,Italian,Kolkata,Area_3,2012,3.8,Low,True,2020-04-20,Gold,Tier 1,1.3935941097990432
3279,Restaurant_3279,Desserts,Delhi,Area_2,2010,4.9,High,False,2020-02-19,Regular,Tier 2,1.2250159936086151
3280,Restaurant_3280,Mexican,Noida,Area_3,2016,3.6,Low,False,2022-09-18,Regular,Tier 2,2.190320133698001
3281,Restaurant_3281,Bakery,Lucknow,Area_16,2011,3.5,High,True,2021-09-27,Bolt Partner,Tier 1,1.3499888768096506
3282,Restaurant_3282,Fast Food,Pune,Area_6,2015,4.9,High,False,2020-03-16,Toing Partner,Tier 3,1.1066404313387996
3283,Restaurant_3283,Chinese,Chennai,Area_4,2020,4.3,High,True,2021-12-16,Gold,Tier 1,2.625893419929194
3284,Restaurant_3284,North Indian,Gurgaon,Area_4,2010,3.1,High,False,2022-02-04,Bolt Partner,Tier 1,2.918043426923437
3285,Restaurant_3285,Thai,Mumbai,Area_16,2023,4.5,Medium,False,2020-11-02,Bolt Partner,Tier 1,1.3688484487208918
3286,Restaurant_3286,Desserts,Chennai,Area_8,2020,4.2,High,False,2020-12-17,Bolt Partner,Tier 1,1.0401439789237186
3287,Restaurant_3287,Mexican,Gurgaon,Area_19,2022,3.5,High,False,2021-01-10,Toing Partner,Tier 3,1.2780933984542262
3288,Restaurant_3288,Mexican,Noida,Area_7,2011,3.7,High,True,2022-04-15,Gold,Tier 1,2.2561103774750597
3289,Restaurant_3289,South Indian,Chennai,Area_10,2019,3.9,Medium,True,2022-09-18,Regular,Tier 2,3.1907063280863373
3290,Restaurant_3290,Thai,Kolkata,Area_10,2015,3.8,High,False,2020-06-10,Bolt Partner,Tier 1,1.1204685704731676
3291,Restaurant_3291,Healthy Food,Ahmedabad,Area_19,2012,4.3,Medium,False,2021-10-12,Gold,Tier 1,1.035268587416269
3292,Restaurant_3292,Desserts,Lucknow,Area_10,2012,4.9,Medium,True,2020-09-30,Toing Partner,Tier 3,2.855400465513298
3293,Restaurant_3293,North Indian,Ahmedabad,Area_7,2011,4.0,High,False,2021-09-10,Gold,Tier 1,1.2797447496658778
3294,Restaurant_3294,Mughlai,Hyderabad,Area_4,2021,3.5,Medium,False,2021-06-16,Toing Partner,Tier 3,1.4772498644252705
3295,Restaurant_3295,Bakery,Mumbai,Area_11,2015,3.5,Low,False,2020-07-08,Gold,Tier 1,5.59592727184244
3296,Restaurant_3296,Japanese,Jaipur,Area_18,2010,3.2,High,False,2021-10-26,Gold,Tier 1,1.0350418168756457
3297,Restaurant_3297,Thai,Ahmedabad,Area_16,2020,3.8,Medium,False,2021-01-23,Toing Partner,Tier 3,1.6862615381250807
3298,Restaurant_3298,South Indian,Gurgaon,Area_19,2013,3.3,Medium,False,2020-08-29,Bolt Partner,Tier 1,1.0392480772795887
3299,Restaurant_3299,Mughlai,Jaipur,Area_1,2014,3.3,High,False,2021-03-10,Gold,Tier 1,1.2653858534992248
3300,Restaurant_3300,Japanese,Chennai,Area_15,2014,3.2,High,False,2020-12-25,Toing Partner,Tier 3,2.2577018933063973
3301,Restaurant_3301,Chinese,Delhi,Area_8,2012,4.9,Medium,False,2020-05-05,Toing Partner,Tier 3,1.328585167447255
3302,Restaurant_3302,Japanese,Mumbai,Area_16,2011,4.5,Medium,False,2020-01-07,Regular,Tier 2,18.838953671135968
3303,Restaurant_3303,Italian,Kolkata,Area_10,2013,3.2,High,False,2020-03-02,Gold,Tier 1,1.5059477327691486
3304,Restaurant_3304,Mughlai,Pune,Area_4,2015,3.9,High,False,2021-06-27,Toing Partner,Tier 3,1.2137157179016946
3305,Restaurant_3305,North Indian,Hyderabad,Area_3,2011,4.6,High,True,2021-07-06,Gold,Tier 1,1.132357845208676
3306,Restaurant_3306,South Indian,Bangalore,Area_7,2010,4.2,High,False,2021-06-06,Regular,Tier 2,1.2408442930946055
3307,Restaurant_3307,Mughlai,Hyderabad,Area_11,2010,3.9,Medium,False,2022-04-02,Toing Partner,Tier 3,1.2624222771853775
3308,Restaurant_3308,Japanese,Hyderabad,Area_12,2022,4.3,High,True,2022-08-19,Toing Partner,Tier 3,1.03623531194837
3309,Restaurant_3309,Continental,Pune,Area_18,2020,3.4,High,False,2021-11-14,Regular,Tier 2,1.2594560318426669
3310,Restaurant_3310,North Indian,Gurgaon,Area_1,2010,4.0,Medium,False,2020-12-25,Bolt Partner,Tier 1,1.3661999247464665
3311,Restaurant_3311,Chinese,Delhi,Area_6,2015,4.4,Medium,True,2020-03-16,Gold,Tier 1,1.8991297196062302
3312,Restaurant_3312,Thai,Delhi,Area_4,2015,4.4,Medium,False,2021-08-13,Regular,Tier 2,1.706796521299274
3313,Restaurant_3313,Mexican,Kolkata,Area_12,2020,3.2,Medium,False,2020-01-06,Toing Partner,Tier 3,1.8530140205924477
3314,Restaurant_3314,Japanese,Delhi,Area_17,2021,3.5,High,False,2021-10-01,Toing Partner,Tier 3,1.0042082568049329
3315,Restaurant_3315,American,Bangalore,Area_7,2020,3.3,High,False,2020-04-24,Gold,Tier 1,1.1305877772129171
3316,Restaurant_3316,Healthy Food,Kolkata,Area_16,2015,3.7,High,True,2020-03-01,Toing Partner,Tier 3,1.719249538412057
3317,Restaurant_3317,Mughlai,Bangalore,Area_18,2017,4.3,Medium,True,2021-03-26,Regular,Tier 2,1.3921007744151825
3318,Restaurant_3318,Mexican,Hyderabad,Area_15,2014,4.1,Medium,False,2020-09-09,Bolt Partner,Tier 1,1.0026673723168966
3319,Restaurant_3319,Street Food,Chennai,Area_18,2011,4.6,Low,False,2020-06-20,Regular,Tier 2,2.2616253760824385
3320,Restaurant_3320,Mexican,Noida,Area_2,2019,3.7,Medium,False,2021-10-02,Regular,Tier 2,2.097997596779791
3321,Restaurant_3321,Continental,Gurgaon,Area_15,2012,3.5,Medium,False,2020-08-04,Bolt Partner,Tier 1,1.4881004495956285
3322,Restaurant_3322,Japanese,Delhi,Area_1,2013,4.2,Medium,False,2022-04-05,Bolt Partner,Tier 1,1.034985601460517
3323,Restaurant_3323,Italian,Lucknow,Area_9,2022,3.6,High,True,2021-11-10,Bolt Partner,Tier 1,2.069524411445164
3324,Restaurant_3324,Healthy Food,Pune,Area_16,2017,3.7,High,False,2020-10-13,Bolt Partner,Tier 1,1.5499007277944494
3325,Restaurant_3325,American,Delhi,Area_13,2012,3.6,High,False,2021-01-16,Gold,Tier 1,2.1415681070776187
3326,Restaurant_3326,Mexican,Hyderabad,Area_10,2014,4.0,High,False,2020-04-29,Bolt Partner,Tier 1,2.007024807956437
3327,Restaurant_3327,South Indian,Hyderabad,Area_3,2015,3.4,Low,False,2022-02-13,Gold,Tier 1,2.2530413935683584
3328,Restaurant_3328,Healthy Food,Mumbai,Area_10,2013,3.1,Medium,True,2021-11-21,Regular,Tier 2,1.44039005750458
3329,Restaurant_3329,Mughlai,Ahmedabad,Area_20,2016,3.9,Medium,False,2021-04-25,Bolt Partner,Tier 1,1.0785312413567383
3330,Restaurant_3330,Fast Food,Lucknow,Area_2,2016,4.3,Low,False,2022-01-31,Regular,Tier 2,1.7438374966988766
3331,Restaurant_3331,North Indian,Ahmedabad,Area_14,2012,4.7,High,False,2022-01-19,Bolt Partner,Tier 1,1.6232264485359194
3332,Restaurant_3332,Italian,Hyderabad,Area_20,2010,4.3,Low,False,2021-11-09,Bolt Partner,Tier 1,1.9697148002330582
3333,Restaurant_3333,Street Food,Delhi,Area_17,2012,4.4,High,False,2021-05-22,Regular,Tier 2,1.097563925929782
3334,Restaurant_3334,South Indian,Gurgaon,Area_19,2016,4.2,High,False,2020-07-28,Bolt Partner,Tier 1,1.1145392571557822
3335,Restaurant_3335,Chinese,Gurgaon,Area_14,2012,3.6,Medium,True,2020-03-20,Regular,Tier 2,3.020741623971642
3336,Restaurant_3336,American,Delhi,Area_16,2017,3.6,Medium,False,2021-07-21,Bolt Partner,Tier 1,1.99991119972275
3337,Restaurant_3337,Thai,Chennai,Area_15,2015,3.1,Low,True,2021-09-02,Bolt Partner,Tier 1,3.3010040572672854
3338,Restaurant_3338,Desserts,Lucknow,Area_14,2018,4.4,Medium,False,2020-11-04,Regular,Tier 2,2.035800079956633
3339,Restaurant_3339,Thai,Kolkata,Area_1,2015,3.1,High,False,2021-12-15,Toing Partner,Tier 3,1.5755463215993792
3340,Restaurant_3340,Italian,Pune,Area_7,2010,3.8,High,True,2020-02-05,Bolt Partner,Tier 1,1.7003771940088908
3341,Restaurant_3341,Mexican,Gurgaon,Area_3,2013,4.5,Low,False,2021-01-25,Toing Partner,Tier 3,3.0032321892200633
3342,Restaurant_3342,American,Hyderabad,Area_14,2023,4.6,Low,False,2021-01-25,Regular,Tier 2,1.5408462332301076
3343,Restaurant_3343,Mughlai,Lucknow,Area_11,2021,4.4,Medium,False,2021-12-03,Regular,Tier 2,1.6493283492263542
3344,Restaurant_3344,South Indian,Pune,Area_13,2021,3.1,High,True,2020-04-15,Toing Partner,Tier 3,1.0888083993841795
3345,Restaurant_3345,Japanese,Pune,Area_2,2023,4.4,High,False,2020-06-15,Toing Partner,Tier 3,1.3787153404844177
3346,Restaurant_3346,Bakery,Noida,Area_5,2023,3.1,Medium,True,2021-05-30,Bolt Partner,Tier 1,1.8777798543061603
3347,Restaurant_3347,Continental,Ahmedabad,Area_2,2017,4.6,High,False,2022-08-17,Regular,Tier 2,1.1711679203813294
3348,Restaurant_3348,South Indian,Gurgaon,Area_1,2017,4.9,Low,False,2020-02-14,Toing Partner,Tier 3,1.1196124818817372
3349,Restaurant_3349,American,Gurgaon,Area_20,2020,3.0,Low,False,2022-06-27,Regular,Tier 2,1.2072108407241682
3350,Restaurant_3350,Continental,Mumbai,Area_17,2022,4.9,High,False,2020-07-15,Regular,Tier 2,1.148212808605013
3351,Restaurant_3351,South Indian,Hyderabad,Area_6,2010,3.8,Medium,True,2021-12-15,Regular,Tier 2,1.128602496402051
3352,Restaurant_3352,Italian,Pune,Area_19,2011,4.8,High,False,2021-05-12,Regular,Tier 2,1.318589934322239
3353,Restaurant_3353,Fast Food,Pune,Area_16,2016,4.1,High,False,2020-01-11,Gold,Tier 1,3.2940126708202815
3354,Restaurant_3354,Japanese,Kolkata,Area_1,2016,3.5,Medium,True,2020-02-28,Regular,Tier 2,1.4243043937172026
3355,Restaurant_3355,Street Food,Gurgaon,Area_4,2016,4.3,Medium,False,2020-06-29,Toing Partner,Tier 3,1.1096875011838805
3356,Restaurant_3356,Thai,Mumbai,Area_12,2018,3.7,High,False,2020-07-27,Toing Partner,Tier 3,1.0408603964912733
3357,Restaurant_3357,South Indian,Kolkata,Area_13,2012,3.8,High,True,2020-03-14,Gold,Tier 1,1.8141565925699323
3358,Restaurant_3358,Thai,Hyderabad,Area_3,2020,4.0,High,True,2021-06-16,Toing Partner,Tier 3,1.272877490758154
3359,Restaurant_3359,Japanese,Delhi,Area_3,2020,4.4,Low,True,2022-08-20,Toing Partner,Tier 3,2.369102568985428
3360,Restaurant_3360,Chinese,Jaipur,Area_6,2012,3.3,Medium,False,2020-04-15,Bolt Partner,Tier 1,1.7137533213089773
3361,Restaurant_3361,Street Food,Mumbai,Area_13,2015,4.4,Medium,False,2021-10-03,Toing Partner,Tier 3,2.2153486243696943
3362,Restaurant_3362,Street Food,Noida,Area_9,2022,4.4,High,True,2021-04-09,Regular,Tier 2,1.1719746437875065
3363,Restaurant_3363,Thai,Chennai,Area_5,2022,4.8,High,False,2020-10-10,Regular,Tier 2,1.802925735743177
3364,Restaurant_3364,Fast Food,Jaipur,Area_19,2018,3.3,Medium,False,2021-04-23,Regular,Tier 2,1.1656800971517134
3365,Restaurant_3365,Mughlai,Noida,Area_13,2018,4.8,High,True,2022-07-24,Toing Partner,Tier 3,4.05115623167065
3366,Restaurant_3366,Fast Food,Delhi,Area_10,2020,4.1,Low,True,2020-12-29,Regular,Tier 2,1.658336668608913
3367,Restaurant_3367,South Indian,Ahmedabad,Area_14,2016,3.6,High,False,2021-05-06,Toing Partner,Tier 3,1.216721316109645
3368,Restaurant_3368,Mexican,Delhi,Area_6,2018,3.8,Low,True,2021-03-26,Toing Partner,Tier 3,1.1700203516817587
3369,Restaurant_3369,Continental,Gurgaon,Area_12,2021,3.5,High,False,2021-07-05,Bolt Partner,Tier 1,1.1117471747552046
3370,Restaurant_3370,Continental,Bangalore,Area_2,2017,3.2,High,False,2020-01-11,Bolt Partner,Tier 1,1.809650088609827
3371,Restaurant_3371,Japanese,Gurgaon,Area_3,2016,3.1,Low,False,2021-11-04,Bolt Partner,Tier 1,1.131345951871268
3372,Restaurant_3372,Chinese,Ahmedabad,Area_2,2021,4.7,Low,True,2020-12-16,Gold,Tier 1,1.5719370498249239
3373,Restaurant_3373,Thai,Lucknow,Area_3,2019,4.6,Low,True,2020-12-27,Regular,Tier 2,1.166134194005454
3374,Restaurant_3374,South Indian,Gurgaon,Area_13,2013,3.5,Low,True,2021-04-24,Bolt Partner,Tier 1,1.719973277222016
3375,Restaurant_3375,South Indian,Noida,Area_1,2022,3.3,High,False,2021-10-13,Regular,Tier 2,2.3245741422635797
3376,Restaurant_3376,North Indian,Hyderabad,Area_14,2010,3.6,Low,True,2022-01-25,Bolt Partner,Tier 1,2.122502475926511
3377,Restaurant_3377,Thai,Kolkata,Area_6,2018,4.5,Low,True,2021-01-20,Regular,Tier 2,2.0448714708168003
3378,Restaurant_3378,Mughlai,Pune,Area_17,2017,4.9,Low,False,2020-11-09,Gold,Tier 1,1.109552261760195
3379,Restaurant_3379,Italian,Bangalore,Area_15,2016,4.6,Medium,False,2020-12-09,Bolt Partner,Tier 1,1.047355833790207
3380,Restaurant_3380,Healthy Food,Kolkata,Area_14,2022,4.6,High,True,2022-02-22,Gold,Tier 1,1.8225516265573314
3381,Restaurant_3381,Desserts,Mumbai,Area_10,2022,4.4,Low,False,2020-02-10,Gold,Tier 1,1.2582321904598934
3382,Restaurant_3382,Continental,Hyderabad,Area_3,2012,4.6,High,True,2022-07-17,Bolt Partner,Tier 1,1.3272668128321732
3383,Restaurant_3383,Bakery,Mumbai,Area_13,2013,3.1,Medium,True,2022-03-24,Bolt Partner,Tier 1,1.0159481056449038
3384,Restaurant_3384,Fast Food,Chennai,Area_2,2011,4.5,Low,False,2022-05-25,Toing Partner,Tier 3,1.1621438492918736
3385,Restaurant_3385,Mughlai,Kolkata,Area_11,2017,3.3,Medium,False,2021-08-09,Gold,Tier 1,1.0172757873235456
3386,Restaurant_3386,Continental,Chennai,Area_5,2023,3.3,High,False,2020-07-30,Toing Partner,Tier 3,2.8770072713360655
3387,Restaurant_3387,Thai,Bangalore,Area_18,2010,3.2,Low,False,2020-10-10,Gold,Tier 1,1.1496506245723643
3388,Restaurant_3388,Healthy Food,Noida,Area_9,2011,3.3,Low,False,2020-06-09,Gold,Tier 1,1.5030155428392078
3389,Restaurant_3389,Mughlai,Noida,Area_4,2013,4.5,Low,False,2022-06-24,Bolt Partner,Tier 1,1.0200785925426568
3390,Restaurant_3390,North Indian,Gurgaon,Area_16,2023,4.8,Medium,True,2021-12-20,Gold,Tier 1,1.7325205349683366
3391,Restaurant_3391,Street Food,Kolkata,Area_4,2015,4.4,High,False,2020-12-24,Bolt Partner,Tier 1,1.215386580839092
3392,Restaurant_3392,Street Food,Lucknow,Area_20,2014,3.1,High,False,2022-05-05,Bolt Partner,Tier 1,3.1298818221275084
3393,Restaurant_3393,Street Food,Noida,Area_4,2018,4.1,Low,False,2021-08-05,Gold,Tier 1,2.9896493659166823
3394,Restaurant_3394,Continental,Kolkata,Area_1,2018,4.3,Medium,True,2020-07-09,Regular,Tier 2,1.2174233453216585
3395,Restaurant_3395,Chinese,Jaipur,Area_18,2010,4.0,Low,False,2021-09-05,Regular,Tier 2,3.1775811315843887
3396,Restaurant_3396,Fast Food,Lucknow,Area_12,2018,3.6,High,True,2020-08-04,Bolt Partner,Tier 1,16.132544320012272
3397,Restaurant_3397,Chinese,Mumbai,Area_11,2023,3.2,Low,False,2022-08-18,Gold,Tier 1,2.393301221188096
3398,Restaurant_3398,Chinese,Lucknow,Area_6,2019,4.0,Low,True,2021-06-27,Regular,Tier 2,2.5389490763043043
3399,Restaurant_3399,American,Chennai,Area_15,2016,3.1,High,False,2021-11-24,Toing Partner,Tier 3,1.1539382186570852
3400,Restaurant_3400,Bakery,Bangalore,Area_1,2013,4.8,Low,False,2020-01-03,Regular,Tier 2,1.537011427174648
3401,Restaurant_3401,South Indian,Delhi,Area_12,2012,4.0,High,True,2021-04-10,Gold,Tier 1,1.0354252414369167
3402,Restaurant_3402,Bakery,Delhi,Area_8,2015,4.2,High,False,2020-10-02,Gold,Tier 1,1.051129006636616
3403,Restaurant_3403,Fast Food,Gurgaon,Area_16,2011,3.1,High,True,2022-03-03,Gold,Tier 1,30.05038911887024
3404,Restaurant_3404,Bakery,Mumbai,Area_13,2022,3.4,High,True,2020-11-03,Toing Partner,Tier 3,1.2186418850650835
3405,Restaurant_3405,South Indian,Delhi,Area_18,2015,3.9,Medium,True,2020-12-31,Gold,Tier 1,1.9927749882226977
3406,Restaurant_3406,Street Food,Hyderabad,Area_19,2013,3.7,Low,False,2021-09-17,Gold,Tier 1,2.2742846396970524
3407,Restaurant_3407,Bakery,Hyderabad,Area_9,2019,4.0,High,True,2022-02-02,Toing Partner,Tier 3,2.6539419355251903
3408,Restaurant_3408,Street Food,Kolkata,Area_8,2023,4.6,Low,False,2021-08-22,Toing Partner,Tier 3,20.53382636820433
3409,Restaurant_3409,Thai,Pune,Area_15,2016,4.7,Medium,False,2021-03-19,Regular,Tier 2,1.1482096729906743
3410,Restaurant_3410,North Indian,Delhi,Area_5,2011,4.6,High,False,2021-05-21,Bolt Partner,Tier 1,1.0208072674788506
3411,Restaurant_3411,Fast Food,Delhi,Area_12,2012,3.2,Low,False,2021-08-18,Bolt Partner,Tier 1,1.3032057011736295
3412,Restaurant_3412,Healthy Food,Gurgaon,Area_19,2020,5.0,High,True,2020-06-15,Bolt Partner,Tier 1,1.0721622435445954
3413,Restaurant_3413,Chinese,Ahmedabad,Area_20,2018,4.8,Low,False,2021-12-20,Regular,Tier 2,1.011405134868107
3414,Restaurant_3414,South Indian,Chennai,Area_15,2020,4.4,High,False,2020-01-19,Regular,Tier 2,1.250417031986373
3415,Restaurant_3415,Japanese,Hyderabad,Area_19,2014,3.3,High,False,2022-01-30,Regular,Tier 2,2.1503549083746263
3416,Restaurant_3416,Thai,Noida,Area_3,2023,4.7,High,True,2021-03-31,Gold,Tier 1,1.518257939870185
3417,Restaurant_3417,Chinese,Ahmedabad,Area_14,2017,4.0,Low,True,2022-09-12,Gold,Tier 1,1.206289283263937
3418,Restaurant_3418,Continental,Kolkata,Area_11,2015,3.7,Medium,False,2022-08-17,Toing Partner,Tier 3,1.7008918378034688
3419,Restaurant_3419,Chinese,Lucknow,Area_2,2021,5.0,High,False,2022-09-18,Gold,Tier 1,1.141102167792384
3420,Restaurant_3420,Mexican,Lucknow,Area_4,2012,3.4,Low,False,2021-09-06,Bolt Partner,Tier 1,1.0072692241507277
3421,Restaurant_3421,Mughlai,Bangalore,Area_13,2022,4.6,Low,False,2020-06-22,Toing Partner,Tier 3,2.060010331679797
3422,Restaurant_3422,Continental,Mumbai,Area_8,2015,3.8,Low,False,2020-06-09,Regular,Tier 2,1.6302633105619069
3423,Restaurant_3423,Chinese,Gurgaon,Area_3,2020,3.7,Low,True,2020-01-13,Toing Partner,Tier 3,2.0511045910827512
3424,Restaurant_3424,Bakery,Chennai,Area_15,2018,4.4,High,True,2020-06-22,Regular,Tier 2,1.020056672129325
3425,Restaurant_3425,Continental,Delhi,Area_11,2021,4.5,Low,True,2022-06-04,Gold,Tier 1,2.4777964335735763
3426,Restaurant_3426,Mexican,Chennai,Area_9,2017,3.3,Low,False,2022-08-31,Regular,Tier 2,1.6212038336317955
3427,Restaurant_3427,Fast Food,Mumbai,Area_14,2023,4.7,Medium,False,2021-04-27,Regular,Tier 2,1.513407291213795
3428,Restaurant_3428,Continental,Delhi,Area_18,2016,3.1,Medium,False,2021-05-19,Bolt Partner,Tier 1,1.6321534675767029
3429,Restaurant_3429,Fast Food,Noida,Area_15,2019,4.3,Low,False,2022-05-11,Gold,Tier 1,2.71596020755126
3430,Restaurant_3430,Desserts,Kolkata,Area_20,2011,4.1,High,False,2020-03-07,Toing Partner,Tier 3,1.5559355122780554
3431,Restaurant_3431,South Indian,Mumbai,Area_3,2012,4.7,High,True,2020-07-09,Gold,Tier 1,1.5447822632639527
3432,Restaurant_3432,Mexican,Bangalore,Area_2,2016,4.7,High,True,2021-10-21,Regular,Tier 2,10.357916487841203
3433,Restaurant_3433,Bakery,Hyderabad,Area_11,2015,4.5,Low,False,2021-10-23,Regular,Tier 2,2.027476698182683
3434,Restaurant_3434,Continental,Pune,Area_1,2020,3.1,High,False,2021-06-05,Bolt Partner,Tier 1,1.339051455355252
3435,Restaurant_3435,Continental,Noida,Area_16,2021,4.2,Low,False,2021-12-12,Bolt Partner,Tier 1,1.848675189599113
3436,Restaurant_3436,Japanese,Ahmedabad,Area_15,2013,3.4,Low,False,2022-03-10,Gold,Tier 1,1.279561956049644
3437,Restaurant_3437,Bakery,Bangalore,Area_4,2021,3.3,High,True,2022-05-22,Bolt Partner,Tier 1,1.1387745130077842
3438,Restaurant_3438,American,Jaipur,Area_1,2021,3.5,High,False,2022-09-18,Toing Partner,Tier 3,1.5749532931726775
3439,Restaurant_3439,South Indian,Lucknow,Area_12,2018,4.1,High,False,2020-04-14,Bolt Partner,Tier 1,3.7315016958507576
3440,Restaurant_3440,North Indian,Kolkata,Area_12,2021,4.8,High,True,2022-07-22,Regular,Tier 2,3.7566259579537515
3441,Restaurant_3441,Healthy Food,Bangalore,Area_15,2022,3.8,Low,True,2021-01-25,Gold,Tier 1,1.2326954591234476
3442,Restaurant_3442,Desserts,Lucknow,Area_16,2013,3.8,Low,False,2020-07-11,Gold,Tier 1,1.4550592133320706
3443,Restaurant_3443,Italian,Pune,Area_17,2014,4.9,High,True,2021-10-18,Gold,Tier 1,1.1262546054184002
3444,Restaurant_3444,Italian,Gurgaon,Area_18,2023,3.7,Low,True,2022-01-02,Toing Partner,Tier 3,15.129146211064727
3445,Restaurant_3445,American,Kolkata,Area_8,2013,4.7,Low,False,2020-02-21,Gold,Tier 1,7.277378172209387
3446,Restaurant_3446,Thai,Kolkata,Area_12,2016,4.2,High,False,2020-10-22,Bolt Partner,Tier 1,1.689123955389572
3447,Restaurant_3447,Continental,Pune,Area_7,2014,3.4,High,False,2022-03-17,Bolt Partner,Tier 1,2.2611594254687706
3448,Restaurant_3448,American,Gurgaon,Area_1,2019,3.5,Medium,True,2022-01-21,Regular,Tier 2,1.8735008665703685
3449,Restaurant_3449,Healthy Food,Kolkata,Area_11,2015,4.6,Low,True,2020-03-19,Regular,Tier 2,1.5677876051351163
3450,Restaurant_3450,Bakery,Chennai,Area_5,2023,3.0,Low,False,2021-07-25,Regular,Tier 2,1.0277910248990143
3451,Restaurant_3451,Healthy Food,Gurgaon,Area_5,2016,4.7,Low,False,2022-01-19,Toing Partner,Tier 3,1.354278160349726
3452,Restaurant_3452,Thai,Chennai,Area_1,2012,3.9,Medium,False,2021-08-27,Regular,Tier 2,1.75353962932243
3453,Restaurant_3453,North Indian,Delhi,Area_10,2020,3.2,Low,False,2020-11-08,Regular,Tier 2,1.7609881274392123
3454,Restaurant_3454,Mexican,Kolkata,Area_20,2014,3.8,Medium,False,2021-03-17,Regular,Tier 2,1.263015556725495
3455,Restaurant_3455,Fast Food,Hyderabad,Area_17,2014,3.1,Low,False,2022-02-01,Toing Partner,Tier 3,4.141292232035997
3456,Restaurant_3456,Italian,Hyderabad,Area_2,2016,4.9,High,True,2021-12-18,Regular,Tier 2,1.0958991516907903
3457,Restaurant_3457,American,Noida,Area_9,2018,4.5,Medium,True,2020-07-20,Gold,Tier 1,1.4147221703283257
3458,Restaurant_3458,North Indian,Noida,Area_11,2014,3.3,High,False,2022-05-02,Bolt Partner,Tier 1,1.7986192659374085
3459,Restaurant_3459,Thai,Chennai,Area_7,2021,4.7,Medium,False,2020-01-04,Gold,Tier 1,1.8170883077840774
3460,Restaurant_3460,Thai,Lucknow,Area_14,2023,4.2,Low,False,2022-07-13,Gold,Tier 1,1.6870315167055898
3461,Restaurant_3461,Chinese,Bangalore,Area_2,2021,4.6,High,False,2021-08-08,Bolt Partner,Tier 1,1.1746739497105525
3462,Restaurant_3462,Chinese,Bangalore,Area_13,2012,3.1,Low,False,2022-06-08,Gold,Tier 1,1.088634090007399
3463,Restaurant_3463,Thai,Noida,Area_13,2010,3.7,Medium,False,2021-07-10,Bolt Partner,Tier 1,1.6573480153262838
3464,Restaurant_3464,South Indian,Kolkata,Area_1,2010,4.0,High,False,2022-07-06,Bolt Partner,Tier 1,1.5797613182524561
3465,Restaurant_3465,North Indian,Bangalore,Area_18,2022,4.8,Low,False,2020-07-28,Gold,Tier 1,1.1038818771808396
3466,Restaurant_3466,Healthy Food,Pune,Area_20,2013,3.4,Low,True,2022-04-20,Gold,Tier 1,1.8415836060093727
3467,Restaurant_3467,Japanese,Lucknow,Area_16,2019,3.6,Medium,False,2021-06-07,Regular,Tier 2,1.354784712092786
3468,Restaurant_3468,American,Ahmedabad,Area_13,2013,3.5,Low,False,2022-06-15,Bolt Partner,Tier 1,1.7348999224594484
3469,Restaurant_3469,Continental,Hyderabad,Area_10,2012,3.8,Medium,False,2022-06-03,Regular,Tier 2,2.4796807460563426
3470,Restaurant_3470,Desserts,Bangalore,Area_17,2014,4.5,Medium,True,2022-01-10,Bolt Partner,Tier 1,1.0974630726480048
3471,Restaurant_3471,Chinese,Gurgaon,Area_8,2021,3.7,Low,False,2020-02-18,Toing Partner,Tier 3,1.009712111456633
3472,Restaurant_3472,South Indian,Kolkata,Area_4,2011,3.8,Medium,False,2020-12-10,Bolt Partner,Tier 1,2.1276720303713965
3473,Restaurant_3473,Mexican,Hyderabad,Area_18,2023,3.9,High,True,2021-10-27,Regular,Tier 2,1.6006607357733424
3474,Restaurant_3474,Street Food,Hyderabad,Area_12,2022,4.5,High,True,2022-07-18,Regular,Tier 2,1.8246460909082522
3475,Restaurant_3475,Italian,Pune,Area_3,2015,3.1,Low,True,2021-11-18,Toing Partner,Tier 3,2.4857092186154484
3476,Restaurant_3476,Healthy Food,Kolkata,Area_9,2014,4.0,Low,True,2020-02-06,Regular,Tier 2,2.2519491821943296
3477,Restaurant_3477,Chinese,Jaipur,Area_19,2014,4.7,Medium,True,2022-08-09,Regular,Tier 2,5.058520785875925
3478,Restaurant_3478,Healthy Food,Kolkata,Area_7,2016,3.6,High,False,2020-08-29,Gold,Tier 1,1.4679478574865037
3479,Restaurant_3479,Bakery,Bangalore,Area_12,2015,4.0,Low,False,2021-12-11,Bolt Partner,Tier 1,1.398219410741387
3480,Restaurant_3480,Mexican,Mumbai,Area_19,2013,4.0,Medium,False,2020-03-04,Bolt Partner,Tier 1,1.2930295546294832
3481,Restaurant_3481,Healthy Food,Delhi,Area_5,2012,4.5,High,True,2022-02-11,Regular,Tier 2,1.087014985584481
3482,Restaurant_3482,Japanese,Pune,Area_18,2016,3.2,Medium,False,2021-04-20,Regular,Tier 2,1.5296300818615116
3483,Restaurant_3483,Thai,Mumbai,Area_11,2017,3.6,Low,True,2020-03-20,Toing Partner,Tier 3,1.1760739025969749
3484,Restaurant_3484,Continental,Mumbai,Area_14,2016,3.4,Low,False,2022-01-10,Regular,Tier 2,3.5647851691785517
3485,Restaurant_3485,Bakery,Gurgaon,Area_15,2014,3.4,Low,False,2021-05-12,Bolt Partner,Tier 1,1.548928440363899
3486,Restaurant_3486,Bakery,Pune,Area_15,2013,4.7,High,False,2020-07-04,Gold,Tier 1,1.5671751745233085
3487,Restaurant_3487,American,Bangalore,Area_16,2019,3.3,Medium,False,2021-01-02,Gold,Tier 1,1.24507289958107
3488,Restaurant_3488,South Indian,Ahmedabad,Area_16,2019,3.0,High,False,2020-04-13,Bolt Partner,Tier 1,1.0270542695548757
3489,Restaurant_3489,Continental,Gurgaon,Area_1,2015,3.6,Low,False,2022-03-25,Gold,Tier 1,1.0162600394719778
3490,Restaurant_3490,Thai,Bangalore,Area_19,2011,3.6,High,True,2021-08-21,Bolt Partner,Tier 1,1.3168559114826448
3491,Restaurant_3491,North Indian,Hyderabad,Area_19,2011,3.2,High,False,2020-05-23,Bolt Partner,Tier 1,1.0451685506863726
3492,Restaurant_3492,Bakery,Lucknow,Area_12,2013,3.2,Low,False,2022-06-02,Toing Partner,Tier 3,1.5948475606457069
3493,Restaurant_3493,Healthy Food,Chennai,Area_1,2012,4.2,Medium,False,2020-08-08,Regular,Tier 2,2.898526441159541
3494,Restaurant_3494,South Indian,Bangalore,Area_7,2014,4.5,Low,False,2022-06-13,Toing Partner,Tier 3,2.9224630546075745
3495,Restaurant_3495,North Indian,Noida,Area_8,2014,4.5,Medium,False,2022-09-09,Regular,Tier 2,1.7125833971851565
3496,Restaurant_3496,Thai,Chennai,Area_6,2011,3.3,Medium,False,2021-11-13,Bolt Partner,Tier 1,1.125966091794325
3497,Restaurant_3497,Italian,Noida,Area_19,2014,4.9,High,False,2020-12-06,Regular,Tier 2,2.701684891651483
3498,Restaurant_3498,Fast Food,Chennai,Area_9,2013,4.0,High,False,2021-05-11,Gold,Tier 1,2.9629588701086327
3499,Restaurant_3499,Mexican,Chennai,Area_11,2016,4.6,Low,False,2020-12-27,Bolt Partner,Tier 1,1.1157029207799123
3500,Restaurant_3500,Mughlai,Delhi,Area_1,2018,4.2,Medium,False,2020-01-21,Regular,Tier 2,1.9515254119081824
3501,Restaurant_3501,Thai,Bangalore,Area_6,2011,3.5,Medium,False,2020-02-20,Regular,Tier 2,1.1838834812805792
3502,Restaurant_3502,Fast Food,Chennai,Area_12,2019,4.0,High,True,2022-03-01,Bolt Partner,Tier 1,2.2509755380306027
3503,Restaurant_3503,Chinese,Ahmedabad,Area_13,2014,4.8,Medium,True,2021-09-26,Gold,Tier 1,19.027437036047267
3504,Restaurant_3504,Mexican,Mumbai,Area_11,2018,4.0,Low,False,2022-06-12,Gold,Tier 1,1.015359775928672
3505,Restaurant_3505,South Indian,Chennai,Area_4,2022,3.6,Medium,False,2022-09-19,Regular,Tier 2,3.1214335103229183
3506,Restaurant_3506,Thai,Pune,Area_19,2023,4.9,High,False,2022-06-11,Gold,Tier 1,1.6278583858672697
3507,Restaurant_3507,Desserts,Kolkata,Area_3,2019,3.5,Medium,True,2021-08-21,Toing Partner,Tier 3,6.1293912042249215
3508,Restaurant_3508,Healthy Food,Chennai,Area_2,2017,4.1,High,False,2021-06-01,Regular,Tier 2,1.3671840150473322
3509,Restaurant_3509,Street Food,Hyderabad,Area_12,2011,3.8,High,False,2020-08-29,Toing Partner,Tier 3,2.559797197595931
3510,Restaurant_3510,Mexican,Mumbai,Area_9,2021,3.3,High,False,2022-05-02,Gold,Tier 1,1.0327372143430185
3511,Restaurant_3511,Japanese,Mumbai,Area_4,2023,4.7,Low,True,2022-02-04,Toing Partner,Tier 3,1.2265360480627474
3512,Restaurant_3512,Street Food,Lucknow,Area_1,2011,3.1,Low,False,2021-05-11,Gold,Tier 1,1.0352924030283934
3513,Restaurant_3513,Japanese,Noida,Area_7,2012,4.6,High,False,2021-11-10,Toing Partner,Tier 3,6.368410620328571
3514,Restaurant_3514,Street Food,Lucknow,Area_16,2021,3.1,Low,False,2020-03-05,Bolt Partner,Tier 1,2.337456275986336
3515,Restaurant_3515,Mughlai,Pune,Area_7,2017,3.7,Medium,True,2021-11-22,Toing Partner,Tier 3,2.6041968778813853
3516,Restaurant_3516,Thai,Mumbai,Area_16,2015,4.4,Medium,True,2021-09-20,Toing Partner,Tier 3,4.01497103789296
3517,Restaurant_3517,Thai,Mumbai,Area_1,2015,4.0,High,False,2020-04-25,Gold,Tier 1,1.0454758700936184
3518,Restaurant_3518,Healthy Food,Delhi,Area_20,2013,3.9,Low,False,2022-05-19,Regular,Tier 2,1.2757734081842227
3519,Restaurant_3519,American,Jaipur,Area_11,2013,4.6,Low,False,2022-01-27,Toing Partner,Tier 3,1.0375291282791803
3520,Restaurant_3520,Desserts,Bangalore,Area_2,2010,3.1,Low,True,2021-06-09,Regular,Tier 2,1.1256530790145356
3521,Restaurant_3521,American,Pune,Area_3,2020,3.8,Medium,False,2022-01-23,Bolt Partner,Tier 1,1.1391367269581572
3522,Restaurant_3522,Continental,Gurgaon,Area_1,2019,4.3,Medium,False,2022-05-18,Bolt Partner,Tier 1,1.3724501746024342
3523,Restaurant_3523,Continental,Lucknow,Area_3,2014,3.5,Low,False,2021-01-05,Toing Partner,Tier 3,1.1692605309863333
3524,Restaurant_3524,South Indian,Pune,Area_15,2021,4.3,Medium,False,2022-07-06,Toing Partner,Tier 3,1.0546658068583057
3525,Restaurant_3525,Healthy Food,Mumbai,Area_19,2021,3.9,High,False,2022-08-10,Regular,Tier 2,1.09598738310821
3526,Restaurant_3526,Street Food,Lucknow,Area_3,2020,3.0,High,False,2022-02-15,Gold,Tier 1,1.0829181823731486
3527,Restaurant_3527,South Indian,Bangalore,Area_18,2015,4.8,Low,False,2022-02-03,Regular,Tier 2,6.094479835684527
3528,Restaurant_3528,North Indian,Jaipur,Area_17,2011,4.9,Low,True,2020-08-31,Toing Partner,Tier 3,2.0382394125210994
3529,Restaurant_3529,Continental,Gurgaon,Area_20,2020,3.8,Medium,False,2022-07-13,Regular,Tier 2,5.569450555808274
3530,Restaurant_3530,Bakery,Gurgaon,Area_4,2012,4.0,High,True,2020-11-12,Gold,Tier 1,1.3359966836635695
3531,Restaurant_3531,Italian,Kolkata,Area_20,2015,4.5,High,True,2022-04-21,Bolt Partner,Tier 1,1.1771783150149087
3532,Restaurant_3532,American,Delhi,Area_10,2014,3.9,Medium,True,2022-08-16,Gold,Tier 1,2.2265872980553376
3533,Restaurant_3533,Street Food,Kolkata,Area_12,2013,4.5,Low,False,2021-08-09,Gold,Tier 1,1.2182933501065785
3534,Restaurant_3534,Street Food,Pune,Area_20,2022,3.8,High,False,2021-04-04,Bolt Partner,Tier 1,1.1947025216022173
3535,Restaurant_3535,Healthy Food,Bangalore,Area_5,2021,4.1,High,True,2021-12-20,Gold,Tier 1,1.1414647470363974
3536,Restaurant_3536,Bakery,Lucknow,Area_19,2018,4.3,Medium,True,2020-09-12,Bolt Partner,Tier 1,1.0719147898653711
3537,Restaurant_3537,Street Food,Noida,Area_10,2014,3.4,Medium,False,2022-08-28,Toing Partner,Tier 3,1.1597081931906847
3538,Restaurant_3538,Street Food,Lucknow,Area_18,2022,3.9,Low,False,2020-12-21,Regular,Tier 2,1.245454358075766
3539,Restaurant_3539,Chinese,Chennai,Area_20,2016,3.3,Low,True,2021-03-22,Toing Partner,Tier 3,1.7514080522001008
3540,Restaurant_3540,Italian,Gurgaon,Area_6,2020,4.6,Medium,True,2021-10-31,Regular,Tier 2,1.0328312775115283
3541,Restaurant_3541,Chinese,Mumbai,Area_4,2023,4.0,High,False,2021-07-09,Toing Partner,Tier 3,1.1254490568279512
3542,Restaurant_3542,Street Food,Gurgaon,Area_6,2020,4.2,High,False,2022-01-17,Regular,Tier 2,2.2882854260350083
3543,Restaurant_3543,Bakery,Delhi,Area_15,2014,4.9,High,False,2021-10-23,Regular,Tier 2,1.0826936994919973
3544,Restaurant_3544,Healthy Food,Bangalore,Area_13,2010,3.4,Medium,False,2022-09-10,Bolt Partner,Tier 1,1.2333889779656722
3545,Restaurant_3545,Japanese,Hyderabad,Area_6,2010,3.8,High,True,2020-08-13,Gold,Tier 1,2.718223633436268
3546,Restaurant_3546,Street Food,Chennai,Area_2,2015,4.3,Low,False,2020-12-30,Gold,Tier 1,1.0878085122522803
3547,Restaurant_3547,Desserts,Chennai,Area_4,2020,4.3,High,True,2020-06-13,Toing Partner,Tier 3,1.0441262715629147
3548,Restaurant_3548,Mexican,Bangalore,Area_14,2019,3.1,Medium,False,2021-11-04,Bolt Partner,Tier 1,1.3928414117586532
3549,Restaurant_3549,Healthy Food,Jaipur,Area_12,2010,3.2,Low,False,2022-06-26,Toing Partner,Tier 3,1.1972996003691445
3550,Restaurant_3550,Mexican,Gurgaon,Area_8,2018,4.6,Low,False,2020-07-20,Bolt Partner,Tier 1,1.5134298466040899
3551,Restaurant_3551,Bakery,Gurgaon,Area_12,2014,3.1,Medium,False,2021-01-08,Gold,Tier 1,2.257646342163445
3552,Restaurant_3552,Bakery,Noida,Area_8,2011,4.8,High,False,2021-05-02,Gold,Tier 1,1.0765444536343995
3553,Restaurant_3553,North Indian,Kolkata,Area_13,2017,3.5,Low,False,2020-05-11,Bolt Partner,Tier 1,1.5443192845996494
3554,Restaurant_3554,Continental,Hyderabad,Area_3,2020,4.2,Low,False,2020-08-10,Bolt Partner,Tier 1,1.4220690973456165
3555,Restaurant_3555,South Indian,Noida,Area_13,2020,4.8,Medium,False,2022-09-07,Bolt Partner,Tier 1,1.0808939966609517
3556,Restaurant_3556,North Indian,Kolkata,Area_1,2015,4.3,High,True,2021-09-06,Regular,Tier 2,1.6308168982952538
3557,Restaurant_3557,Bakery,Mumbai,Area_9,2023,3.6,Low,True,2022-06-02,Bolt Partner,Tier 1,1.1733407797336008
3558,Restaurant_3558,South Indian,Mumbai,Area_13,2019,4.2,Medium,False,2021-02-10,Bolt Partner,Tier 1,1.3973164208073008
3559,Restaurant_3559,Japanese,Delhi,Area_3,2019,3.5,Medium,False,2021-02-12,Bolt Partner,Tier 1,1.0438619938826719
3560,Restaurant_3560,Japanese,Chennai,Area_7,2011,3.8,Medium,False,2022-04-25,Bolt Partner,Tier 1,1.3603038389022637
3561,Restaurant_3561,Italian,Pune,Area_1,2013,4.6,Medium,False,2021-12-02,Regular,Tier 2,1.20078520640353
3562,Restaurant_3562,Chinese,Noida,Area_3,2018,3.6,Medium,True,2022-05-18,Bolt Partner,Tier 1,2.372769481647723
3563,Restaurant_3563,Chinese,Kolkata,Area_6,2013,4.0,Medium,False,2022-08-25,Regular,Tier 2,1.0297676753354774
3564,Restaurant_3564,Japanese,Noida,Area_11,2020,4.0,Medium,True,2021-07-01,Bolt Partner,Tier 1,1.3114906641503083
3565,Restaurant_3565,American,Jaipur,Area_15,2021,3.6,Medium,False,2021-06-27,Gold,Tier 1,1.3588554845925818
3566,Restaurant_3566,Italian,Kolkata,Area_8,2014,3.9,Low,False,2021-10-11,Toing Partner,Tier 3,1.9069462461999163
3567,Restaurant_3567,Thai,Pune,Area_1,2023,3.7,High,False,2020-02-21,Bolt Partner,Tier 1,1.5326459330601196
3568,Restaurant_3568,Italian,Hyderabad,Area_7,2021,3.7,Low,True,2021-12-22,Toing Partner,Tier 3,1.7334702441491743
3569,Restaurant_3569,Japanese,Ahmedabad,Area_5,2016,3.6,High,False,2021-11-25,Toing Partner,Tier 3,2.1178517975863254
3570,Restaurant_3570,Italian,Kolkata,Area_15,2018,3.6,Medium,False,2021-10-16,Bolt Partner,Tier 1,2.6938913588031186
3571,Restaurant_3571,Italian,Delhi,Area_17,2017,4.6,Low,True,2020-03-30,Bolt Partner,Tier 1,1.2072536727755627
3572,Restaurant_3572,Chinese,Mumbai,Area_20,2020,4.3,High,False,2020-11-26,Toing Partner,Tier 3,1.4712608694385243
3573,Restaurant_3573,Continental,Noida,Area_9,2021,4.1,High,False,2020-03-15,Gold,Tier 1,2.5008447908163154
3574,Restaurant_3574,North Indian,Jaipur,Area_7,2019,3.2,Medium,False,2021-02-11,Toing Partner,Tier 3,9.73636955595312
3575,Restaurant_3575,Japanese,Ahmedabad,Area_11,2015,4.0,Low,False,2020-06-29,Toing Partner,Tier 3,3.008547087180047
3576,Restaurant_3576,Chinese,Mumbai,Area_17,2021,4.0,Low,True,2022-09-11,Toing Partner,Tier 3,1.2613512690896636
3577,Restaurant_3577,Street Food,Kolkata,Area_1,2023,4.5,Medium,False,2022-09-08,Bolt Partner,Tier 1,1.1146717180909733
3578,Restaurant_3578,Italian,Mumbai,Area_10,2011,4.2,Low,True,2020-03-25,Bolt Partner,Tier 1,1.3994468892783107
3579,Restaurant_3579,American,Jaipur,Area_7,2019,4.1,Low,True,2020-04-14,Gold,Tier 1,1.9673814957761917
3580,Restaurant_3580,Japanese,Ahmedabad,Area_3,2019,4.1,High,False,2022-01-19,Bolt Partner,Tier 1,1.4038203459169223
3581,Restaurant_3581,Bakery,Chennai,Area_6,2020,3.5,Low,False,2021-07-13,Gold,Tier 1,1.391011456410031
3582,Restaurant_3582,Bakery,Jaipur,Area_3,2023,4.8,Medium,False,2022-08-23,Regular,Tier 2,2.4862887935569837
3583,Restaurant_3583,Continental,Mumbai,Area_16,2022,4.5,Medium,False,2020-10-22,Regular,Tier 2,1.2513731372930794
3584,Restaurant_3584,North Indian,Mumbai,Area_7,2023,4.7,Medium,False,2021-12-06,Bolt Partner,Tier 1,2.670654734199415
3585,Restaurant_3585,Mexican,Gurgaon,Area_13,2018,4.6,Medium,False,2020-03-23,Gold,Tier 1,1.298378114110615
3586,Restaurant_3586,Healthy Food,Mumbai,Area_3,2017,4.9,Medium,True,2021-12-31,Toing Partner,Tier 3,1.22008672348611
3587,Restaurant_3587,Mexican,Jaipur,Area_10,2012,3.8,Medium,True,2022-01-14,Gold,Tier 1,1.353317401892813
3588,Restaurant_3588,Desserts,Lucknow,Area_1,2019,3.1,Medium,False,2022-04-12,Gold,Tier 1,2.0517276088529144
3589,Restaurant_3589,Thai,Gurgaon,Area_20,2015,3.1,Low,True,2022-02-27,Toing Partner,Tier 3,1.069657615517541
3590,Restaurant_3590,Healthy Food,Delhi,Area_6,2014,3.3,Low,True,2021-11-02,Regular,Tier 2,1.1155402082424197
3591,Restaurant_3591,Bakery,Kolkata,Area_1,2015,4.2,High,False,2022-05-25,Regular,Tier 2,4.538185471222114
3592,Restaurant_3592,Street Food,Noida,Area_18,2019,4.0,Low,False,2021-12-15,Bolt Partner,Tier 1,1.1012919505580314
3593,Restaurant_3593,Bakery,Noida,Area_17,2013,3.4,Low,False,2020-01-31,Toing Partner,Tier 3,1.5209715992550665
3594,Restaurant_3594,Healthy Food,Gurgaon,Area_12,2010,4.0,Medium,False,2022-05-11,Toing Partner,Tier 3,1.5417757523114612
3595,Restaurant_3595,North Indian,Lucknow,Area_17,2020,4.2,Low,False,2021-01-24,Bolt Partner,Tier 1,1.3997648212059244
3596,Restaurant_3596,Street Food,Bangalore,Area_18,2020,3.5,Medium,True,2022-05-31,Regular,Tier 2,1.6777608358758265
3597,Restaurant_3597,Bakery,Jaipur,Area_20,2022,4.9,High,False,2020-06-28,Bolt Partner,Tier 1,1.1394775626747002
3598,Restaurant_3598,North Indian,Pune,Area_1,2015,3.6,Medium,False,2020-01-16,Gold,Tier 1,1.4951412863417697
3599,Restaurant_3599,Continental,Mumbai,Area_6,2015,3.3,Low,False,2021-10-12,Gold,Tier 1,1.2620602660341524
3600,Restaurant_3600,Bakery,Noida,Area_4,2015,3.4,Medium,False,2020-05-04,Regular,Tier 2,1.719206271723661
3601,Restaurant_3601,Thai,Gurgaon,Area_1,2010,4.6,Medium,True,2021-06-10,Regular,Tier 2,1.079095633347564
3602,Restaurant_3602,Chinese,Delhi,Area_4,2021,3.8,High,False,2020-03-11,Bolt Partner,Tier 1,1.5265439583771865
3603,Restaurant_3603,Mughlai,Lucknow,Area_1,2022,4.5,Medium,False,2022-07-31,Gold,Tier 1,1.1078813221166133
3604,Restaurant_3604,Italian,Hyderabad,Area_12,2015,3.3,Low,False,2020-07-28,Toing Partner,Tier 3,1.1774023376600202
3605,Restaurant_3605,Desserts,Mumbai,Area_6,2012,4.7,Low,False,2020-09-17,Toing Partner,Tier 3,1.1313417433468154
3606,Restaurant_3606,Continental,Pune,Area_7,2015,4.3,High,True,2020-05-13,Toing Partner,Tier 3,1.106231090642961
3607,Restaurant_3607,South Indian,Jaipur,Area_3,2011,3.2,High,False,2021-09-06,Gold,Tier 1,2.3953277762348106
3608,Restaurant_3608,Mexican,Delhi,Area_17,2019,3.7,Low,False,2022-06-09,Regular,Tier 2,1.1832103924235904
3609,Restaurant_3609,Mughlai,Lucknow,Area_15,2014,4.3,Medium,False,2021-04-14,Toing Partner,Tier 3,3.70430797349809
3610,Restaurant_3610,Italian,Bangalore,Area_20,2016,3.9,Medium,False,2022-03-06,Bolt Partner,Tier 1,5.766445550324366
3611,Restaurant_3611,Thai,Delhi,Area_7,2018,4.9,Medium,False,2020-09-11,Gold,Tier 1,1.5272257439369918
3612,Restaurant_3612,American,Mumbai,Area_20,2018,3.7,Medium,False,2021-07-08,Regular,Tier 2,1.0802141788127957
3613,Restaurant_3613,Chinese,Bangalore,Area_14,2020,3.3,Low,False,2020-10-03,Regular,Tier 2,1.2644541661824644
3614,Restaurant_3614,Bakery,Chennai,Area_19,2014,4.2,High,False,2020-04-10,Bolt Partner,Tier 1,2.223497741236503
3615,Restaurant_3615,Chinese,Mumbai,Area_16,2014,4.6,Medium,False,2020-04-07,Toing Partner,Tier 3,1.2572806271142916
3616,Restaurant_3616,Mughlai,Lucknow,Area_4,2015,3.2,High,True,2021-03-05,Bolt Partner,Tier 1,1.046571024072478
3617,Restaurant_3617,Italian,Hyderabad,Area_19,2017,4.8,Medium,False,2021-05-19,Gold,Tier 1,1.502078850840162
3618,Restaurant_3618,American,Lucknow,Area_3,2013,3.0,Low,False,2020-07-31,Toing Partner,Tier 3,2.540993322987599
3619,Restaurant_3619,Continental,Hyderabad,Area_14,2011,4.4,High,False,2021-02-22,Bolt Partner,Tier 1,2.213637857212113
3620,Restaurant_3620,Desserts,Kolkata,Area_18,2013,3.5,Low,False,2020-05-24,Bolt Partner,Tier 1,1.1010459396719467
3621,Restaurant_3621,Thai,Noida,Area_1,2018,3.6,High,True,2022-06-24,Bolt Partner,Tier 1,1.7481144793710643
3622,Restaurant_3622,Chinese,Bangalore,Area_1,2011,3.7,Low,False,2020-01-03,Regular,Tier 2,1.1326432154907908
3623,Restaurant_3623,Thai,Kolkata,Area_19,2017,4.8,Low,True,2022-01-21,Gold,Tier 1,1.130978267389959
3624,Restaurant_3624,Fast Food,Ahmedabad,Area_8,2022,4.8,High,False,2021-08-17,Regular,Tier 2,2.817983566577109
3625,Restaurant_3625,Healthy Food,Noida,Area_8,2013,4.1,Low,False,2021-09-07,Gold,Tier 1,1.1544457824130245
3626,Restaurant_3626,Fast Food,Pune,Area_11,2019,4.9,High,False,2020-11-23,Gold,Tier 1,1.1650354641481793
3627,Restaurant_3627,Bakery,Bangalore,Area_11,2020,3.3,High,False,2022-04-19,Bolt Partner,Tier 1,1.0003268555626776
3628,Restaurant_3628,American,Noida,Area_12,2014,4.9,Low,True,2020-06-30,Gold,Tier 1,2.780665441888149
3629,Restaurant_3629,North Indian,Jaipur,Area_4,2021,4.5,Low,True,2022-07-12,Regular,Tier 2,2.19578691881034
3630,Restaurant_3630,Mexican,Lucknow,Area_5,2018,3.7,Low,False,2022-06-24,Gold,Tier 1,1.6380877508792306
3631,Restaurant_3631,American,Chennai,Area_12,2011,4.4,High,False,2022-06-29,Regular,Tier 2,2.0010639040725637
3632,Restaurant_3632,Thai,Gurgaon,Area_10,2020,4.2,Low,False,2022-07-07,Bolt Partner,Tier 1,1.085961705444424
3633,Restaurant_3633,Mughlai,Pune,Area_2,2023,3.5,Low,False,2022-08-26,Regular,Tier 2,1.358720226661483
3634,Restaurant_3634,Chinese,Ahmedabad,Area_19,2016,3.9,High,False,2021-08-14,Bolt Partner,Tier 1,1.241512419129378
3635,Restaurant_3635,Italian,Ahmedabad,Area_17,2016,4.7,Medium,False,2022-04-16,Gold,Tier 1,1.0504668367576184
3636,Restaurant_3636,North Indian,Kolkata,Area_6,2010,4.2,Low,False,2020-11-14,Toing Partner,Tier 3,1.394997961554003
3637,Restaurant_3637,Fast Food,Gurgaon,Area_6,2012,4.0,High,True,2021-12-16,Gold,Tier 1,3.551992237904719
3638,Restaurant_3638,Thai,Bangalore,Area_1,2023,4.5,Low,True,2022-01-07,Bolt Partner,Tier 1,1.0206521537197697
3639,Restaurant_3639,North Indian,Ahmedabad,Area_20,2023,4.0,Medium,False,2022-04-17,Regular,Tier 2,1.1880045212532373
3640,Restaurant_3640,Street Food,Kolkata,Area_17,2016,4.9,High,False,2021-11-18,Regular,Tier 2,1.1233409257953006
3641,Restaurant_3641,South Indian,Ahmedabad,Area_8,2011,4.0,High,True,2022-01-21,Toing Partner,Tier 3,1.1456825814034424
3642,Restaurant_3642,Japanese,Jaipur,Area_17,2010,3.4,High,False,2022-03-11,Toing Partner,Tier 3,3.304716337045955
3643,Restaurant_3643,North Indian,Mumbai,Area_12,2019,3.1,High,True,2020-03-11,Toing Partner,Tier 3,1.3711102315269061
3644,Restaurant_3644,Japanese,Jaipur,Area_9,2017,3.3,High,False,2022-09-09,Gold,Tier 1,1.3688351844087503
3645,Restaurant_3645,Japanese,Pune,Area_13,2017,4.9,Low,False,2022-02-10,Regular,Tier 2,2.043693834002046
3646,Restaurant_3646,Italian,Bangalore,Area_11,2016,3.1,Low,False,2020-12-30,Toing Partner,Tier 3,1.0875298643296
3647,Restaurant_3647,Healthy Food,Noida,Area_7,2019,3.9,High,True,2021-06-02,Gold,Tier 1,1.3965409280237444
3648,Restaurant_3648,Mughlai,Bangalore,Area_2,2013,3.5,Medium,False,2022-03-14,Toing Partner,Tier 3,1.3245151781228717
3649,Restaurant_3649,North Indian,Chennai,Area_7,2011,4.7,High,False,2022-04-03,Bolt Partner,Tier 1,1.575068187546002
3650,Restaurant_3650,Japanese,Bangalore,Area_18,2013,3.5,High,False,2020-02-14,Bolt Partner,Tier 1,47.54919032738751
3651,Restaurant_3651,Street Food,Delhi,Area_4,2013,3.1,High,False,2021-05-06,Gold,Tier 1,2.0826505007939784
3652,Restaurant_3652,Fast Food,Ahmedabad,Area_10,2019,4.9,High,False,2021-06-18,Regular,Tier 2,1.2887044184701228
3653,Restaurant_3653,Italian,Pune,Area_1,2018,3.3,Low,True,2020-01-15,Bolt Partner,Tier 1,2.408087393125605
3654,Restaurant_3654,North Indian,Kolkata,Area_16,2011,4.9,Medium,False,2021-09-16,Bolt Partner,Tier 1,1.0981112913361484
3655,Restaurant_3655,Chinese,Lucknow,Area_8,2017,3.8,Low,True,2022-08-12,Regular,Tier 2,1.0155889336774493
3656,Restaurant_3656,Mughlai,Chennai,Area_9,2013,4.7,High,False,2022-04-21,Gold,Tier 1,1.1211554069585568
3657,Restaurant_3657,Chinese,Ahmedabad,Area_1,2011,5.0,Low,False,2022-02-12,Bolt Partner,Tier 1,1.2312988700974152
3658,Restaurant_3658,Thai,Pune,Area_18,2018,3.3,High,False,2022-01-11,Bolt Partner,Tier 1,1.4294187670753482
3659,Restaurant_3659,Healthy Food,Hyderabad,Area_8,2023,4.7,Medium,False,2021-08-17,Toing Partner,Tier 3,1.61191629324751
3660,Restaurant_3660,Fast Food,Noida,Area_6,2010,3.8,Low,False,2021-02-09,Bolt Partner,Tier 1,3.344607257559366
3661,Restaurant_3661,South Indian,Mumbai,Area_3,2022,4.6,Low,True,2020-10-20,Gold,Tier 1,1.4283586620475548
3662,Restaurant_3662,Street Food,Lucknow,Area_1,2018,3.7,Medium,True,2020-04-18,Toing Partner,Tier 3,1.4160210556183956
3663,Restaurant_3663,Thai,Lucknow,Area_1,2017,3.8,High,False,2022-01-27,Gold,Tier 1,1.0261095998011909
3664,Restaurant_3664,Japanese,Ahmedabad,Area_2,2014,4.3,Medium,False,2020-03-30,Regular,Tier 2,1.017926549016753
3665,Restaurant_3665,South Indian,Mumbai,Area_12,2022,4.3,High,False,2021-11-27,Gold,Tier 1,1.4926370064205212
3666,Restaurant_3666,Continental,Lucknow,Area_5,2013,4.4,Low,True,2021-08-04,Regular,Tier 2,1.3341383441630335
3667,Restaurant_3667,North Indian,Hyderabad,Area_20,2015,4.2,High,False,2020-07-26,Gold,Tier 1,2.4936213315461
3668,Restaurant_3668,Desserts,Ahmedabad,Area_3,2017,3.1,Medium,True,2021-01-09,Toing Partner,Tier 3,1.0915310808989196
3669,Restaurant_3669,Japanese,Kolkata,Area_8,2020,4.2,Medium,False,2021-08-08,Toing Partner,Tier 3,1.0127246500251692
3670,Restaurant_3670,Japanese,Kolkata,Area_15,2022,3.5,Medium,False,2022-09-16,Gold,Tier 1,1.3472229716482855
3671,Restaurant_3671,Street Food,Kolkata,Area_12,2010,3.6,High,False,2021-05-31,Toing Partner,Tier 3,1.145180566189738
3672,Restaurant_3672,South Indian,Jaipur,Area_8,2017,3.1,Low,False,2021-07-18,Gold,Tier 1,1.025770181455578
3673,Restaurant_3673,Chinese,Lucknow,Area_12,2014,4.4,Medium,True,2022-06-23,Regular,Tier 2,1.9055339081468734
3674,Restaurant_3674,American,Gurgaon,Area_16,2012,5.0,Medium,False,2022-02-02,Gold,Tier 1,1.0609477939027592
3675,Restaurant_3675,Desserts,Mumbai,Area_2,2015,4.1,Low,False,2021-02-16,Gold,Tier 1,1.5978427069166514
3676,Restaurant_3676,South Indian,Noida,Area_18,2017,4.9,Low,True,2022-08-31,Toing Partner,Tier 3,1.1793713692583103
3677,Restaurant_3677,Fast Food,Pune,Area_4,2011,4.2,Low,False,2021-11-19,Gold,Tier 1,1.0999616235196619
3678,Restaurant_3678,Thai,Bangalore,Area_14,2010,3.4,Low,False,2021-10-06,Bolt Partner,Tier 1,1.269746857592453
3679,Restaurant_3679,Continental,Hyderabad,Area_9,2012,4.8,High,False,2020-01-25,Regular,Tier 2,2.244194196527142
3680,Restaurant_3680,Bakery,Chennai,Area_18,2015,4.4,High,False,2021-10-08,Gold,Tier 1,1.282571643809314
3681,Restaurant_3681,Street Food,Gurgaon,Area_11,2016,3.2,High,False,2021-06-06,Gold,Tier 1,2.0030857234487542
3682,Restaurant_3682,Continental,Mumbai,Area_14,2021,3.6,Low,False,2020-09-21,Bolt Partner,Tier 1,1.0693421619027719
3683,Restaurant_3683,Fast Food,Ahmedabad,Area_8,2020,3.5,Low,True,2021-04-02,Gold,Tier 1,2.0978214535006843
3684,Restaurant_3684,Bakery,Hyderabad,Area_13,2012,4.8,High,True,2022-09-02,Bolt Partner,Tier 1,1.144771361784924
3685,Restaurant_3685,Desserts,Hyderabad,Area_11,2011,4.7,Low,True,2020-11-18,Gold,Tier 1,1.7606101211566128
3686,Restaurant_3686,Italian,Jaipur,Area_7,2012,3.8,Medium,False,2022-02-22,Gold,Tier 1,1.5175599832161768
3687,Restaurant_3687,Mexican,Ahmedabad,Area_8,2017,3.3,Medium,False,2020-01-06,Gold,Tier 1,3.7567637286567495
3688,Restaurant_3688,Bakery,Chennai,Area_12,2012,3.4,High,False,2020-11-14,Bolt Partner,Tier 1,1.2775680451509817
3689,Restaurant_3689,Thai,Pune,Area_3,2015,4.8,Low,False,2021-05-02,Regular,Tier 2,1.0348203730546568
3690,Restaurant_3690,Healthy Food,Bangalore,Area_19,2012,3.1,Low,False,2020-01-31,Toing Partner,Tier 3,1.0097175764636335
3691,Restaurant_3691,Continental,Pune,Area_1,2015,4.9,High,False,2021-05-18,Gold,Tier 1,2.40325297516628
3692,Restaurant_3692,Japanese,Noida,Area_13,2015,4.7,High,False,2020-04-04,Regular,Tier 2,1.4505489032097545
3693,Restaurant_3693,Continental,Kolkata,Area_12,2021,3.9,Low,False,2020-05-23,Regular,Tier 2,2.1093293853934743
3694,Restaurant_3694,American,Mumbai,Area_20,2015,4.3,Low,False,2021-07-18,Bolt Partner,Tier 1,1.142894910335449
3695,Restaurant_3695,North Indian,Ahmedabad,Area_16,2015,4.1,Medium,False,2020-12-25,Gold,Tier 1,1.2356831235489873
3696,Restaurant_3696,Mexican,Jaipur,Area_2,2015,4.2,High,True,2021-02-23,Toing Partner,Tier 3,1.0154005335473062
3697,Restaurant_3697,Bakery,Chennai,Area_17,2012,3.2,Medium,True,2020-10-06,Toing Partner,Tier 3,5.095963969642137
3698,Restaurant_3698,Desserts,Kolkata,Area_5,2023,5.0,Low,True,2020-06-21,Regular,Tier 2,1.7351801813106364
3699,Restaurant_3699,Fast Food,Delhi,Area_16,2018,3.1,High,True,2021-06-24,Bolt Partner,Tier 1,3.8692635148885697
3700,Restaurant_3700,Chinese,Bangalore,Area_16,2021,4.2,Medium,True,2021-08-12,Toing Partner,Tier 3,1.166817778771111
3701,Restaurant_3701,South Indian,Kolkata,Area_17,2018,4.9,Medium,True,2021-08-06,Gold,Tier 1,1.604294705828448
3702,Restaurant_3702,Chinese,Gurgaon,Area_3,2010,3.8,High,False,2021-09-15,Toing Partner,Tier 3,1.763638171487518
3703,Restaurant_3703,Fast Food,Gurgaon,Area_17,2017,3.2,Medium,False,2021-09-21,Regular,Tier 2,1.210499140952565
3704,Restaurant_3704,Chinese,Mumbai,Area_11,2023,3.5,High,True,2022-04-09,Toing Partner,Tier 3,2.565868028267665
3705,Restaurant_3705,Continental,Ahmedabad,Area_14,2017,3.2,Low,False,2020-03-04,Regular,Tier 2,4.350354093493168
3706,Restaurant_3706,Continental,Noida,Area_12,2016,3.5,Medium,False,2020-10-28,Gold,Tier 1,2.9469833346534906
3707,Restaurant_3707,Bakery,Gurgaon,Area_5,2018,3.4,Medium,True,2022-08-02,Toing Partner,Tier 3,1.957651927097565
3708,Restaurant_3708,Street Food,Pune,Area_15,2020,4.6,Medium,False,2021-12-22,Regular,Tier 2,1.1764418327049921
3709,Restaurant_3709,Japanese,Gurgaon,Area_10,2012,3.5,Medium,False,2020-10-14,Gold,Tier 1,1.1798361185931743
3710,Restaurant_3710,Italian,Hyderabad,Area_20,2016,4.6,Low,False,2022-02-03,Gold,Tier 1,5.224252589285977
3711,Restaurant_3711,Street Food,Delhi,Area_10,2011,4.5,Low,False,2022-07-29,Regular,Tier 2,1.0051822550642326
3712,Restaurant_3712,Chinese,Chennai,Area_16,2023,3.9,Medium,False,2020-07-30,Bolt Partner,Tier 1,1.8766316779102985
3713,Restaurant_3713,Mughlai,Hyderabad,Area_12,2020,3.9,High,False,2022-04-05,Gold,Tier 1,1.845050364558725
3714,Restaurant_3714,Fast Food,Chennai,Area_9,2011,3.7,High,False,2020-06-28,Bolt Partner,Tier 1,1.6279856707779452
3715,Restaurant_3715,Continental,Delhi,Area_14,2015,4.9,High,False,2021-08-01,Gold,Tier 1,10.054871392187826
3716,Restaurant_3716,Street Food,Kolkata,Area_14,2017,4.7,High,False,2021-11-21,Toing Partner,Tier 3,1.2055014347915411
3717,Restaurant_3717,Italian,Kolkata,Area_15,2013,4.9,High,True,2021-03-30,Bolt Partner,Tier 1,1.2308886733015798
3718,Restaurant_3718,Japanese,Noida,Area_1,2010,3.4,High,False,2020-06-05,Gold,Tier 1,1.0419716389082878
3719,Restaurant_3719,Mughlai,Bangalore,Area_19,2014,3.8,Low,True,2022-06-06,Toing Partner,Tier 3,1.3396573152647122
3720,Restaurant_3720,American,Noida,Area_13,2019,3.9,Medium,False,2022-07-18,Toing Partner,Tier 3,1.1633008359697534
3721,Restaurant_3721,Desserts,Pune,Area_5,2014,3.2,Low,False,2022-03-31,Gold,Tier 1,1.234085254208984
3722,Restaurant_3722,Chinese,Mumbai,Area_5,2020,4.1,Medium,False,2022-08-16,Toing Partner,Tier 3,2.4586415405508277
3723,Restaurant_3723,Bakery,Jaipur,Area_20,2018,4.7,High,False,2020-08-28,Toing Partner,Tier 3,3.9370235427945297
3724,Restaurant_3724,Japanese,Noida,Area_1,2017,3.8,High,False,2021-01-28,Regular,Tier 2,1.1081960606121526
3725,Restaurant_3725,Desserts,Bangalore,Area_4,2012,4.3,High,True,2022-09-26,Gold,Tier 1,1.2623977904294565
3726,Restaurant_3726,Continental,Kolkata,Area_16,2020,4.0,High,False,2022-08-01,Regular,Tier 2,3.7432071513236824
3727,Restaurant_3727,Mexican,Ahmedabad,Area_20,2016,4.4,High,False,2021-03-02,Gold,Tier 1,1.0324148529387756
3728,Restaurant_3728,Chinese,Noida,Area_10,2019,3.2,Medium,True,2021-03-21,Bolt Partner,Tier 1,1.049647106163024
3729,Restaurant_3729,Desserts,Ahmedabad,Area_9,2021,3.5,High,False,2022-02-15,Gold,Tier 1,1.0929066110021952
3730,Restaurant_3730,Italian,Noida,Area_18,2012,4.6,Low,True,2020-01-29,Gold,Tier 1,1.5717614500898076
3731,Restaurant_3731,Desserts,Chennai,Area_16,2015,4.8,Medium,True,2021-07-16,Gold,Tier 1,1.0849537381439205
3732,Restaurant_3732,Thai,Kolkata,Area_3,2021,4.6,Medium,True,2022-08-27,Bolt Partner,Tier 1,5.59685355622877
3733,Restaurant_3733,Bakery,Lucknow,Area_9,2014,3.2,Low,False,2020-02-18,Regular,Tier 2,1.3443902876515186
3734,Restaurant_3734,South Indian,Kolkata,Area_14,2010,3.0,Low,False,2022-01-27,Toing Partner,Tier 3,1.4163651828406103
3735,Restaurant_3735,Continental,Pune,Area_9,2014,3.3,Medium,False,2022-03-14,Regular,Tier 2,1.1521369025459947
3736,Restaurant_3736,Mexican,Noida,Area_1,2016,3.8,High,False,2022-02-08,Gold,Tier 1,1.3748516802429387
3737,Restaurant_3737,Thai,Chennai,Area_7,2017,3.1,Low,True,2020-02-02,Toing Partner,Tier 3,1.7198325745313314
3738,Restaurant_3738,Mughlai,Ahmedabad,Area_17,2019,4.7,Low,True,2021-10-05,Gold,Tier 1,2.004725241147081
3739,Restaurant_3739,Thai,Hyderabad,Area_6,2013,3.3,High,False,2020-12-15,Bolt Partner,Tier 1,2.0156542223694545
3740,Restaurant_3740,Continental,Hyderabad,Area_2,2015,4.6,Low,False,2021-03-24,Toing Partner,Tier 3,1.5391741182459433
3741,Restaurant_3741,Japanese,Ahmedabad,Area_8,2011,4.2,High,True,2022-08-22,Gold,Tier 1,3.2335509279442256
3742,Restaurant_3742,Healthy Food,Jaipur,Area_13,2017,3.6,High,False,2021-09-01,Regular,Tier 2,2.3402321727393107
3743,Restaurant_3743,Chinese,Bangalore,Area_18,2023,3.6,Low,False,2021-10-27,Gold,Tier 1,2.0288029291837657
3744,Restaurant_3744,Desserts,Bangalore,Area_16,2018,4.6,Low,False,2022-09-18,Toing Partner,Tier 3,1.0290187314919226
3745,Restaurant_3745,Continental,Bangalore,Area_5,2021,4.4,Low,True,2021-10-11,Bolt Partner,Tier 1,1.003456823290729
3746,Restaurant_3746,Thai,Lucknow,Area_15,2017,4.7,Low,True,2021-04-01,Regular,Tier 2,1.1268346197097328
3747,Restaurant_3747,Fast Food,Delhi,Area_1,2021,4.4,High,False,2021-12-06,Toing Partner,Tier 3,1.723942163799508
3748,Restaurant_3748,South Indian,Kolkata,Area_1,2021,4.8,High,False,2021-10-04,Toing Partner,Tier 3,1.3032123088861958
3749,Restaurant_3749,Continental,Pune,Area_4,2020,3.6,Low,False,2020-03-06,Regular,Tier 2,1.2935909841042283
3750,Restaurant_3750,Mughlai,Delhi,Area_7,2010,5.0,Medium,False,2022-05-25,Bolt Partner,Tier 1,2.943556828048138
3751,Restaurant_3751,Italian,Gurgaon,Area_2,2023,3.6,Low,False,2020-11-17,Toing Partner,Tier 3,3.0943717691087325
3752,Restaurant_3752,Fast Food,Kolkata,Area_3,2023,3.1,High,False,2021-10-14,Bolt Partner,Tier 1,3.3181646177301825
3753,Restaurant_3753,American,Pune,Area_6,2012,4.1,Low,False,2021-08-10,Toing Partner,Tier 3,1.2072559423875697
3754,Restaurant_3754,Chinese,Kolkata,Area_12,2010,3.6,Medium,False,2021-09-16,Bolt Partner,Tier 1,1.7991193965881136
3755,Restaurant_3755,Street Food,Lucknow,Area_13,2022,3.2,High,False,2020-02-07,Toing Partner,Tier 3,1.1717229154108142
3756,Restaurant_3756,North Indian,Mumbai,Area_6,2010,3.3,High,False,2020-10-08,Bolt Partner,Tier 1,1.1115296142929598
3757,Restaurant_3757,South Indian,Noida,Area_1,2017,3.4,Medium,False,2022-04-03,Bolt Partner,Tier 1,1.1074478650802344
3758,Restaurant_3758,American,Ahmedabad,Area_8,2022,3.4,High,True,2022-08-23,Regular,Tier 2,1.2328850097485853
3759,Restaurant_3759,Mughlai,Jaipur,Area_15,2019,3.4,Medium,True,2021-09-17,Regular,Tier 2,1.3244831194835562
3760,Restaurant_3760,North Indian,Lucknow,Area_8,2010,3.4,High,False,2020-07-19,Gold,Tier 1,2.4321555533641046
3761,Restaurant_3761,Mughlai,Mumbai,Area_18,2020,3.1,High,False,2022-02-05,Regular,Tier 2,1.0659376249748764
3762,Restaurant_3762,Mexican,Noida,Area_8,2011,3.9,Low,True,2021-12-08,Bolt Partner,Tier 1,1.942299995411616
3763,Restaurant_3763,Chinese,Delhi,Area_5,2019,4.0,Low,False,2022-08-09,Toing Partner,Tier 3,1.460912840807475
3764,Restaurant_3764,North Indian,Kolkata,Area_17,2018,3.5,Low,True,2020-06-10,Toing Partner,Tier 3,1.1850681723077874
3765,Restaurant_3765,Bakery,Kolkata,Area_17,2013,3.1,High,True,2020-10-12,Gold,Tier 1,1.4041670005928353
3766,Restaurant_3766,Italian,Hyderabad,Area_16,2018,4.7,Medium,False,2021-12-15,Bolt Partner,Tier 1,1.1951791553611382
3767,Restaurant_3767,Mexican,Lucknow,Area_17,2019,3.2,High,True,2022-01-10,Regular,Tier 2,1.5734515417106414
3768,Restaurant_3768,Mexican,Ahmedabad,Area_19,2023,3.5,Medium,False,2020-12-15,Bolt Partner,Tier 1,1.3290212141041258
3769,Restaurant_3769,Desserts,Ahmedabad,Area_2,2016,3.9,Low,False,2021-07-31,Gold,Tier 1,1.0939619613069713
3770,Restaurant_3770,Healthy Food,Mumbai,Area_19,2014,4.3,Low,True,2021-12-05,Gold,Tier 1,1.0639400126954355
3771,Restaurant_3771,American,Hyderabad,Area_11,2022,4.8,High,False,2021-09-09,Regular,Tier 2,1.4852688472232025
3772,Restaurant_3772,Thai,Gurgaon,Area_8,2023,5.0,High,True,2021-11-11,Toing Partner,Tier 3,3.201135741718474
3773,Restaurant_3773,Fast Food,Ahmedabad,Area_6,2023,3.7,High,False,2021-01-10,Bolt Partner,Tier 1,1.2346221785315434
3774,Restaurant_3774,American,Bangalore,Area_16,2016,3.6,Medium,False,2020-11-03,Regular,Tier 2,1.935282887878715
3775,Restaurant_3775,Japanese,Mumbai,Area_1,2015,3.7,High,False,2022-08-14,Gold,Tier 1,1.7116196743995966
3776,Restaurant_3776,Italian,Hyderabad,Area_10,2011,3.8,Low,False,2021-11-25,Toing Partner,Tier 3,3.822336030368143
3777,Restaurant_3777,Bakery,Bangalore,Area_14,2013,3.2,High,False,2022-03-10,Gold,Tier 1,2.363471978100851
3778,Restaurant_3778,Desserts,Mumbai,Area_4,2015,4.6,Low,False,2022-05-18,Regular,Tier 2,1.5190014254265694
3779,Restaurant_3779,Thai,Jaipur,Area_12,2015,4.9,Low,False,2021-08-20,Toing Partner,Tier 3,1.7075453577601327
3780,Restaurant_3780,Desserts,Bangalore,Area_7,2023,3.2,Low,True,2021-10-17,Regular,Tier 2,3.137070099210148
3781,Restaurant_3781,Healthy Food,Noida,Area_11,2019,5.0,Low,True,2020-12-29,Regular,Tier 2,1.290477054581804
3782,Restaurant_3782,Thai,Jaipur,Area_9,2018,3.2,High,False,2020-08-16,Toing Partner,Tier 3,1.2187825812133417
3783,Restaurant_3783,Mexican,Noida,Area_15,2017,3.6,Low,True,2022-04-21,Toing Partner,Tier 3,1.0054497702864413
3784,Restaurant_3784,Japanese,Ahmedabad,Area_19,2023,3.9,Low,True,2020-05-05,Gold,Tier 1,2.4011218108587467
3785,Restaurant_3785,Healthy Food,Bangalore,Area_4,2018,5.0,Low,True,2022-09-18,Bolt Partner,Tier 1,2.2415705039450162
3786,Restaurant_3786,South Indian,Gurgaon,Area_14,2021,4.7,High,True,2020-11-19,Toing Partner,Tier 3,1.056710873736799
3787,Restaurant_3787,Healthy Food,Noida,Area_14,2011,4.3,Medium,True,2020-11-29,Toing Partner,Tier 3,1.5372928780484507
3788,Restaurant_3788,Thai,Mumbai,Area_6,2017,3.7,Medium,False,2021-09-26,Regular,Tier 2,1.3658725929654731
3789,Restaurant_3789,American,Delhi,Area_19,2017,3.3,Low,False,2020-10-24,Bolt Partner,Tier 1,1.065222560948044
3790,Restaurant_3790,Mexican,Bangalore,Area_19,2017,4.2,Medium,False,2022-06-27,Regular,Tier 2,7.173709509161589
3791,Restaurant_3791,Mughlai,Kolkata,Area_2,2016,4.3,Medium,False,2022-04-21,Toing Partner,Tier 3,1.1284467344576308
3792,Restaurant_3792,Thai,Noida,Area_4,2018,3.8,Medium,False,2021-05-10,Bolt Partner,Tier 1,1.0354131784221448
3793,Restaurant_3793,North Indian,Lucknow,Area_10,2018,3.3,Low,True,2021-07-08,Bolt Partner,Tier 1,1.571052412245772
3794,Restaurant_3794,North Indian,Jaipur,Area_14,2019,3.2,High,False,2021-12-09,Regular,Tier 2,1.9569009877680428
3795,Restaurant_3795,Fast Food,Kolkata,Area_20,2017,3.2,Medium,False,2020-04-21,Toing Partner,Tier 3,1.0166274231687058
3796,Restaurant_3796,Desserts,Jaipur,Area_8,2016,4.4,Medium,False,2021-06-11,Toing Partner,Tier 3,1.711760807486094
3797,Restaurant_3797,Continental,Ahmedabad,Area_14,2023,3.5,Low,False,2021-12-18,Toing Partner,Tier 3,1.4622194053023796
3798,Restaurant_3798,North Indian,Noida,Area_3,2016,4.8,Low,False,2022-03-31,Regular,Tier 2,1.0560097834146331
3799,Restaurant_3799,Continental,Pune,Area_1,2015,4.8,Medium,False,2020-02-05,Gold,Tier 1,1.0993152799681853
3800,Restaurant_3800,Chinese,Bangalore,Area_1,2014,3.9,High,True,2022-02-18,Regular,Tier 2,1.5214062897789904
3801,Restaurant_3801,Street Food,Bangalore,Area_16,2016,4.9,Low,False,2020-11-22,Regular,Tier 2,1.1921310606555515
3802,Restaurant_3802,North Indian,Bangalore,Area_11,2023,3.8,Low,False,2022-05-25,Toing Partner,Tier 3,4.026361646757636
3803,Restaurant_3803,Desserts,Gurgaon,Area_13,2016,4.5,Medium,False,2020-08-08,Toing Partner,Tier 3,2.3488175708856542
3804,Restaurant_3804,Chinese,Gurgaon,Area_8,2018,3.3,Medium,False,2020-06-19,Bolt Partner,Tier 1,7.800892645946527
3805,Restaurant_3805,Healthy Food,Delhi,Area_16,2012,3.6,Medium,True,2020-07-02,Toing Partner,Tier 3,1.1622179318015413
3806,Restaurant_3806,Healthy Food,Gurgaon,Area_1,2017,3.1,High,False,2020-03-28,Bolt Partner,Tier 1,5.747091585129186
3807,Restaurant_3807,Mexican,Ahmedabad,Area_3,2010,3.0,High,True,2021-07-25,Regular,Tier 2,1.3259682856322152
3808,Restaurant_3808,Chinese,Jaipur,Area_10,2012,4.4,Low,False,2021-12-08,Gold,Tier 1,1.237986751461558
3809,Restaurant_3809,Thai,Gurgaon,Area_6,2012,4.6,Low,False,2020-11-11,Gold,Tier 1,1.0261671447637124
3810,Restaurant_3810,Fast Food,Noida,Area_5,2012,3.7,Medium,True,2021-09-30,Bolt Partner,Tier 1,1.027474827569699
3811,Restaurant_3811,Japanese,Noida,Area_15,2022,4.6,Low,False,2022-02-02,Bolt Partner,Tier 1,1.8019078513066353
3812,Restaurant_3812,Thai,Lucknow,Area_16,2013,3.4,High,True,2021-05-17,Bolt Partner,Tier 1,1.3582255969793902
3813,Restaurant_3813,Continental,Delhi,Area_3,2016,4.4,High,True,2021-08-13,Regular,Tier 2,1.137040442956141
3814,Restaurant_3814,Fast Food,Mumbai,Area_18,2011,4.5,Low,False,2022-05-22,Regular,Tier 2,1.6094950446339518
3815,Restaurant_3815,South Indian,Ahmedabad,Area_3,2019,4.4,Medium,False,2021-02-16,Gold,Tier 1,1.1569070272466644
3816,Restaurant_3816,Mexican,Delhi,Area_19,2021,4.1,High,False,2020-01-11,Bolt Partner,Tier 1,1.5387014750434111
3817,Restaurant_3817,American,Noida,Area_12,2017,4.7,High,True,2022-01-17,Bolt Partner,Tier 1,1.2492280077311242
3818,Restaurant_3818,Thai,Kolkata,Area_7,2017,3.8,High,False,2022-01-24,Toing Partner,Tier 3,2.3806300366676902
3819,Restaurant_3819,Mexican,Bangalore,Area_17,2012,4.7,High,True,2021-11-14,Bolt Partner,Tier 1,2.361593830810514
3820,Restaurant_3820,Continental,Chennai,Area_3,2022,5.0,Low,True,2021-09-07,Gold,Tier 1,1.3832309189929586
3821,Restaurant_3821,Fast Food,Mumbai,Area_12,2016,4.6,Low,True,2020-10-04,Toing Partner,Tier 3,1.24112960845249
3822,Restaurant_3822,Mexican,Gurgaon,Area_12,2013,4.4,Medium,True,2020-06-06,Regular,Tier 2,1.25250732521708
3823,Restaurant_3823,Japanese,Pune,Area_4,2021,3.7,High,False,2020-05-25,Regular,Tier 2,2.2687144334288334
3824,Restaurant_3824,Chinese,Noida,Area_15,2016,3.0,Low,True,2022-02-02,Toing Partner,Tier 3,1.2200380305177279
3825,Restaurant_3825,Chinese,Kolkata,Area_3,2013,4.8,High,True,2020-01-18,Toing Partner,Tier 3,1.1244186964017868
3826,Restaurant_3826,South Indian,Hyderabad,Area_20,2019,4.4,High,True,2020-03-30,Toing Partner,Tier 3,1.0452387527626594
3827,Restaurant_3827,Italian,Lucknow,Area_5,2011,4.0,Low,True,2021-12-23,Bolt Partner,Tier 1,1.3693403549602214
3828,Restaurant_3828,South Indian,Jaipur,Area_18,2018,4.2,Low,False,2021-08-18,Toing Partner,Tier 3,1.3896022334887344
3829,Restaurant_3829,Fast Food,Mumbai,Area_16,2012,4.2,Medium,False,2020-04-19,Regular,Tier 2,2.507129683896162
3830,Restaurant_3830,North Indian,Pune,Area_8,2013,3.1,Low,False,2021-01-12,Toing Partner,Tier 3,1.1331771753383233
3831,Restaurant_3831,Desserts,Jaipur,Area_16,2011,4.9,High,False,2022-09-13,Gold,Tier 1,1.2710177461538308
3832,Restaurant_3832,Continental,Delhi,Area_19,2010,4.6,Medium,False,2022-04-14,Toing Partner,Tier 3,2.2845925267781535
3833,Restaurant_3833,North Indian,Delhi,Area_3,2010,3.7,Medium,True,2020-05-17,Toing Partner,Tier 3,2.381111739549068
3834,Restaurant_3834,Bakery,Ahmedabad,Area_13,2016,4.6,Low,False,2020-03-24,Regular,Tier 2,1.2747504158014988
3835,Restaurant_3835,Thai,Hyderabad,Area_19,2013,3.1,Medium,False,2021-10-22,Regular,Tier 2,1.3597252228575416
3836,Restaurant_3836,Mexican,Hyderabad,Area_18,2016,4.5,High,False,2020-04-18,Toing Partner,Tier 3,1.1980438034929015
3837,Restaurant_3837,Continental,Gurgaon,Area_11,2018,3.8,Low,True,2020-03-24,Bolt Partner,Tier 1,3.850567394743014
3838,Restaurant_3838,Mughlai,Delhi,Area_1,2019,3.1,Medium,False,2021-07-11,Gold,Tier 1,1.0651830808665474
3839,Restaurant_3839,Italian,Jaipur,Area_14,2011,4.7,Medium,False,2020-03-17,Regular,Tier 2,3.8851265308825194
3840,Restaurant_3840,Mexican,Kolkata,Area_5,2018,4.5,Low,False,2020-01-30,Regular,Tier 2,1.778544382209608
3841,Restaurant_3841,Mexican,Hyderabad,Area_17,2011,4.3,Low,True,2021-09-20,Toing Partner,Tier 3,1.4610956485887847
3842,Restaurant_3842,Fast Food,Lucknow,Area_19,2015,4.0,High,False,2021-02-15,Gold,Tier 1,1.0167407170616167
3843,Restaurant_3843,Bakery,Hyderabad,Area_13,2016,4.1,High,True,2022-03-04,Bolt Partner,Tier 1,1.3809154275899516
3844,Restaurant_3844,Italian,Mumbai,Area_7,2010,3.4,High,False,2021-05-29,Bolt Partner,Tier 1,1.2994116929387556
3845,Restaurant_3845,Mexican,Bangalore,Area_20,2010,4.7,Medium,True,2021-04-17,Bolt Partner,Tier 1,1.0918818808218862
3846,Restaurant_3846,Street Food,Ahmedabad,Area_5,2021,4.1,Low,True,2022-04-07,Bolt Partner,Tier 1,1.7060018260831862
3847,Restaurant_3847,American,Noida,Area_4,2016,3.8,High,False,2020-12-02,Toing Partner,Tier 3,5.887540680051302
3848,Restaurant_3848,Street Food,Pune,Area_16,2014,4.4,High,False,2022-03-16,Bolt Partner,Tier 1,1.511320494762912
3849,Restaurant_3849,Mughlai,Jaipur,Area_11,2012,4.3,High,True,2021-03-20,Toing Partner,Tier 3,1.8723613499785317
3850,Restaurant_3850,South Indian,Lucknow,Area_11,2012,4.3,High,True,2021-09-06,Bolt Partner,Tier 1,1.0360888986547354
3851,Restaurant_3851,South Indian,Pune,Area_13,2016,3.1,Low,False,2020-07-28,Regular,Tier 2,1.310431420171425
3852,Restaurant_3852,Healthy Food,Jaipur,Area_14,2023,3.9,Low,True,2022-04-18,Toing Partner,Tier 3,1.0638047967618751
3853,Restaurant_3853,Desserts,Hyderabad,Area_16,2018,3.5,Medium,False,2020-12-15,Regular,Tier 2,1.607052224168395
3854,Restaurant_3854,South Indian,Lucknow,Area_10,2013,3.2,Medium,True,2020-01-15,Bolt Partner,Tier 1,4.031804401067324
3855,Restaurant_3855,Continental,Noida,Area_20,2014,3.3,High,False,2020-05-18,Toing Partner,Tier 3,1.7194870192018832
3856,Restaurant_3856,Chinese,Bangalore,Area_5,2022,4.6,High,False,2020-08-04,Bolt Partner,Tier 1,1.0407653360576756
3857,Restaurant_3857,Italian,Mumbai,Area_4,2022,3.4,Medium,True,2021-07-02,Bolt Partner,Tier 1,1.2448235490468613
3858,Restaurant_3858,American,Chennai,Area_8,2018,3.3,High,False,2020-10-02,Toing Partner,Tier 3,1.4918119876624962
3859,Restaurant_3859,American,Lucknow,Area_8,2011,4.3,Low,False,2021-02-13,Bolt Partner,Tier 1,1.2944593442510235
3860,Restaurant_3860,Mughlai,Gurgaon,Area_2,2013,3.1,Medium,True,2022-02-25,Gold,Tier 1,2.45177594090964
3861,Restaurant_3861,Fast Food,Gurgaon,Area_6,2023,4.5,Low,False,2022-05-17,Bolt Partner,Tier 1,2.322888234802481
3862,Restaurant_3862,Japanese,Jaipur,Area_15,2015,4.6,Low,False,2020-06-23,Toing Partner,Tier 3,1.6050537730602792
3863,Restaurant_3863,Continental,Pune,Area_7,2021,4.3,Low,False,2022-08-21,Bolt Partner,Tier 1,1.2633534958917463
3864,Restaurant_3864,Mexican,Delhi,Area_5,2022,4.7,High,False,2021-09-23,Toing Partner,Tier 3,1.1588305331275492
3865,Restaurant_3865,Italian,Kolkata,Area_3,2017,4.5,High,False,2022-01-04,Bolt Partner,Tier 1,1.0575495271411943
3866,Restaurant_3866,Bakery,Kolkata,Area_13,2015,4.2,Low,False,2021-10-30,Bolt Partner,Tier 1,1.245046865595401
3867,Restaurant_3867,Italian,Hyderabad,Area_9,2012,5.0,High,False,2021-03-04,Toing Partner,Tier 3,1.3054035143685003
3868,Restaurant_3868,American,Pune,Area_3,2017,4.4,Medium,False,2022-03-19,Toing Partner,Tier 3,1.7563410435718374
3869,Restaurant_3869,Fast Food,Bangalore,Area_20,2010,4.1,Low,False,2020-09-17,Gold,Tier 1,1.710363612549793
3870,Restaurant_3870,Mughlai,Pune,Area_7,2018,4.4,High,False,2020-02-29,Regular,Tier 2,1.0370119879371416
3871,Restaurant_3871,American,Noida,Area_10,2021,4.4,Medium,False,2022-04-05,Bolt Partner,Tier 1,1.285924309394004
3872,Restaurant_3872,Japanese,Hyderabad,Area_9,2014,3.6,Low,False,2021-06-25,Toing Partner,Tier 3,1.105515036453863
3873,Restaurant_3873,Fast Food,Chennai,Area_11,2012,3.2,Low,False,2021-12-14,Bolt Partner,Tier 1,1.0890253094067404
3874,Restaurant_3874,Thai,Lucknow,Area_14,2014,3.1,High,False,2022-06-01,Bolt Partner,Tier 1,2.4063374731227456
3875,Restaurant_3875,South Indian,Noida,Area_8,2012,4.6,Medium,False,2021-05-29,Regular,Tier 2,1.0216403300694694
3876,Restaurant_3876,Street Food,Bangalore,Area_9,2023,3.1,Medium,False,2021-08-11,Bolt Partner,Tier 1,1.3121403595095398
3877,Restaurant_3877,Continental,Chennai,Area_13,2017,3.3,High,True,2020-08-15,Toing Partner,Tier 3,1.0964567268991654
3878,Restaurant_3878,Continental,Mumbai,Area_13,2023,4.8,Low,False,2020-07-12,Gold,Tier 1,2.8787286612497187
3879,Restaurant_3879,Japanese,Delhi,Area_12,2014,3.6,High,False,2021-01-03,Gold,Tier 1,1.502512163051669
3880,Restaurant_3880,Continental,Bangalore,Area_18,2015,4.2,High,False,2020-11-20,Bolt Partner,Tier 1,1.1406288166646115
3881,Restaurant_3881,South Indian,Bangalore,Area_16,2021,3.8,Medium,False,2021-09-11,Regular,Tier 2,1.417658813812436
3882,Restaurant_3882,South Indian,Mumbai,Area_18,2013,3.2,Low,False,2020-05-24,Bolt Partner,Tier 1,1.9298200924727087
3883,Restaurant_3883,Thai,Jaipur,Area_2,2021,3.0,Medium,True,2020-03-06,Gold,Tier 1,4.886369898670693
3884,Restaurant_3884,Italian,Hyderabad,Area_2,2023,3.9,High,True,2021-09-30,Bolt Partner,Tier 1,1.1326008912195902
3885,Restaurant_3885,South Indian,Hyderabad,Area_17,2017,3.4,Medium,False,2020-03-01,Regular,Tier 2,2.9641084556904365
3886,Restaurant_3886,South Indian,Noida,Area_19,2021,4.6,Low,True,2020-05-31,Toing Partner,Tier 3,3.901493731879921
3887,Restaurant_3887,Bakery,Ahmedabad,Area_18,2012,3.1,High,True,2021-11-08,Regular,Tier 2,3.458997366272789
3888,Restaurant_3888,Italian,Gurgaon,Area_17,2022,4.3,Low,False,2020-09-13,Bolt Partner,Tier 1,1.6561520961835734
3889,Restaurant_3889,American,Bangalore,Area_8,2020,4.8,High,False,2021-07-07,Bolt Partner,Tier 1,1.6435915823104283
3890,Restaurant_3890,Mughlai,Pune,Area_14,2013,3.2,High,False,2020-06-08,Gold,Tier 1,1.2944624644645473
3891,Restaurant_3891,Continental,Lucknow,Area_8,2016,3.8,Low,False,2020-07-06,Gold,Tier 1,2.009661083456006
3892,Restaurant_3892,Japanese,Gurgaon,Area_1,2023,3.4,Medium,False,2020-06-28,Toing Partner,Tier 3,1.460662070621914
3893,Restaurant_3893,Mughlai,Noida,Area_13,2011,5.0,High,False,2022-05-25,Gold,Tier 1,1.7607327664754806
3894,Restaurant_3894,North Indian,Ahmedabad,Area_12,2012,3.7,Medium,False,2021-04-20,Gold,Tier 1,1.3227442684034225
3895,Restaurant_3895,Thai,Pune,Area_3,2018,3.8,Medium,False,2020-06-07,Regular,Tier 2,1.92985640367971
3896,Restaurant_3896,Desserts,Bangalore,Area_20,2010,3.1,Medium,True,2020-06-10,Regular,Tier 2,2.386855903163813
3897,Restaurant_3897,Chinese,Delhi,Area_6,2019,4.8,High,True,2021-10-21,Toing Partner,Tier 3,1.0823856361498394
3898,Restaurant_3898,Japanese,Mumbai,Area_12,2010,3.7,Low,False,2021-09-19,Bolt Partner,Tier 1,2.4465291462884604
3899,Restaurant_3899,Mughlai,Hyderabad,Area_15,2022,3.9,High,False,2020-03-06,Toing Partner,Tier 3,1.4748950221657067
3900,Restaurant_3900,Chinese,Delhi,Area_5,2011,3.6,High,False,2020-10-22,Gold,Tier 1,2.5372695644820533
3901,Restaurant_3901,Mughlai,Delhi,Area_5,2015,3.5,High,True,2020-03-18,Gold,Tier 1,1.326047366607118
3902,Restaurant_3902,Healthy Food,Pune,Area_17,2019,3.9,High,True,2022-06-01,Bolt Partner,Tier 1,1.2690196795272444
3903,Restaurant_3903,Desserts,Hyderabad,Area_14,2014,4.0,Low,False,2022-02-08,Toing Partner,Tier 3,3.4311977176184874
3904,Restaurant_3904,North Indian,Gurgaon,Area_15,2023,3.8,Low,False,2021-12-31,Gold,Tier 1,1.1556016947876293
3905,Restaurant_3905,Bakery,Lucknow,Area_14,2012,4.8,Low,False,2021-03-25,Toing Partner,Tier 3,2.5335731767381384
3906,Restaurant_3906,American,Kolkata,Area_11,2014,5.0,Medium,False,2021-08-13,Gold,Tier 1,1.3921428680650685
3907,Restaurant_3907,Desserts,Ahmedabad,Area_13,2016,4.8,Low,False,2021-12-11,Gold,Tier 1,1.4345791473779361
3908,Restaurant_3908,Thai,Lucknow,Area_10,2013,5.0,Low,False,2021-09-01,Gold,Tier 1,1.2025245395436837
3909,Restaurant_3909,Chinese,Pune,Area_2,2014,3.2,High,False,2022-02-08,Bolt Partner,Tier 1,1.5304090468633362
3910,Restaurant_3910,Italian,Noida,Area_5,2021,3.1,Low,False,2021-05-19,Toing Partner,Tier 3,1.217351698351679
3911,Restaurant_3911,Thai,Noida,Area_3,2023,3.1,Medium,False,2021-12-21,Bolt Partner,Tier 1,1.0202325878046365
3912,Restaurant_3912,Fast Food,Delhi,Area_5,2015,4.7,Low,False,2021-03-25,Regular,Tier 2,1.172016954709372
3913,Restaurant_3913,Bakery,Mumbai,Area_7,2013,4.1,High,False,2021-07-26,Bolt Partner,Tier 1,1.0032048628496255
3914,Restaurant_3914,Mexican,Pune,Area_3,2011,3.5,High,True,2021-08-26,Toing Partner,Tier 3,6.7970281512765345
3915,Restaurant_3915,Chinese,Jaipur,Area_4,2018,3.3,Low,False,2020-06-09,Bolt Partner,Tier 1,5.403212187409018
3916,Restaurant_3916,Healthy Food,Mumbai,Area_2,2022,3.4,High,False,2022-03-19,Gold,Tier 1,1.2858137314451215
3917,Restaurant_3917,Chinese,Ahmedabad,Area_1,2016,4.8,Medium,True,2020-07-03,Bolt Partner,Tier 1,1.9187209439890907
3918,Restaurant_3918,American,Delhi,Area_11,2021,4.8,Medium,False,2020-10-11,Gold,Tier 1,1.236365148418662
3919,Restaurant_3919,Continental,Kolkata,Area_18,2017,3.3,Medium,True,2022-06-21,Gold,Tier 1,1.7436669884675369
3920,Restaurant_3920,Mughlai,Gurgaon,Area_3,2019,4.4,High,False,2022-09-19,Toing Partner,Tier 3,2.2670552720432338
3921,Restaurant_3921,Healthy Food,Delhi,Area_19,2021,3.4,Low,False,2020-07-07,Bolt Partner,Tier 1,4.3337680207472395
3922,Restaurant_3922,North Indian,Gurgaon,Area_19,2013,3.2,Medium,False,2022-01-19,Regular,Tier 2,1.2912228818040619
3923,Restaurant_3923,Healthy Food,Gurgaon,Area_5,2020,3.8,Medium,False,2021-06-27,Regular,Tier 2,2.1481693863465714
3924,Restaurant_3924,Desserts,Delhi,Area_20,2018,3.4,Low,False,2021-03-08,Gold,Tier 1,1.1671610978505098
3925,Restaurant_3925,Mexican,Chennai,Area_12,2010,4.6,Low,False,2021-01-15,Toing Partner,Tier 3,10.17041097347106
3926,Restaurant_3926,Fast Food,Mumbai,Area_18,2012,5.0,High,False,2022-06-03,Regular,Tier 2,1.0131392976862532
3927,Restaurant_3927,South Indian,Jaipur,Area_18,2015,3.2,High,False,2021-05-01,Bolt Partner,Tier 1,1.5881597345153096
3928,Restaurant_3928,North Indian,Hyderabad,Area_2,2020,4.1,Medium,False,2021-03-15,Bolt Partner,Tier 1,1.7137412744778302
3929,Restaurant_3929,Healthy Food,Pune,Area_12,2015,3.2,Medium,False,2021-08-13,Bolt Partner,Tier 1,1.7904179049366145
3930,Restaurant_3930,Healthy Food,Lucknow,Area_19,2019,3.3,Medium,False,2022-04-18,Regular,Tier 2,1.0662384095643052
3931,Restaurant_3931,Street Food,Noida,Area_10,2022,4.7,Low,True,2021-08-21,Toing Partner,Tier 3,4.033365958533671
3932,Restaurant_3932,Healthy Food,Hyderabad,Area_15,2019,3.4,Medium,False,2021-04-24,Bolt Partner,Tier 1,1.1051129004000102
3933,Restaurant_3933,Japanese,Kolkata,Area_2,2021,4.7,Low,False,2021-11-23,Bolt Partner,Tier 1,1.6281234619394078
3934,Restaurant_3934,Street Food,Delhi,Area_3,2023,3.0,Medium,False,2021-06-11,Gold,Tier 1,1.1342243944694923
3935,Restaurant_3935,Bakery,Lucknow,Area_1,2012,3.3,Low,True,2021-04-18,Bolt Partner,Tier 1,1.201437563422105
3936,Restaurant_3936,Street Food,Kolkata,Area_12,2012,3.5,Low,False,2020-03-02,Toing Partner,Tier 3,1.4848804999052498
3937,Restaurant_3937,Continental,Lucknow,Area_18,2019,4.4,High,False,2021-12-29,Bolt Partner,Tier 1,1.3098988964728255
3938,Restaurant_3938,Continental,Jaipur,Area_5,2023,4.2,Low,False,2021-09-17,Bolt Partner,Tier 1,1.0912359990601816
3939,Restaurant_3939,Chinese,Chennai,Area_10,2013,3.9,Medium,False,2021-08-12,Regular,Tier 2,1.0982623021292268
3940,Restaurant_3940,Mexican,Kolkata,Area_15,2018,3.4,Medium,False,2022-04-17,Regular,Tier 2,1.3109693423283044
3941,Restaurant_3941,Japanese,Gurgaon,Area_7,2017,4.0,High,False,2020-07-09,Bolt Partner,Tier 1,2.0297842709464584
3942,Restaurant_3942,Japanese,Chennai,Area_15,2020,5.0,Low,False,2021-03-27,Toing Partner,Tier 3,3.13057897382484
3943,Restaurant_3943,Continental,Jaipur,Area_5,2017,4.5,Low,False,2021-05-04,Bolt Partner,Tier 1,1.0449187661460675
3944,Restaurant_3944,Mexican,Lucknow,Area_11,2018,3.9,Low,False,2021-06-22,Regular,Tier 2,1.283638780843504
3945,Restaurant_3945,North Indian,Pune,Area_7,2010,3.3,High,False,2021-07-23,Gold,Tier 1,1.0542363866523592
3946,Restaurant_3946,Bakery,Pune,Area_19,2021,3.8,Medium,False,2020-01-01,Bolt Partner,Tier 1,1.008400930286922
3947,Restaurant_3947,Mexican,Chennai,Area_14,2019,4.4,Low,False,2022-05-21,Bolt Partner,Tier 1,1.7193369372459404
3948,Restaurant_3948,Bakery,Jaipur,Area_16,2016,3.3,Medium,False,2022-08-06,Toing Partner,Tier 3,1.5860023128093736
3949,Restaurant_3949,Thai,Hyderabad,Area_11,2014,4.9,High,True,2022-08-09,Regular,Tier 2,1.0930555402734545
3950,Restaurant_3950,Italian,Pune,Area_15,2021,3.6,Low,False,2022-06-13,Gold,Tier 1,1.142437797307159
3951,Restaurant_3951,Desserts,Jaipur,Area_3,2018,3.0,Medium,True,2020-08-20,Regular,Tier 2,1.0120689007820465
3952,Restaurant_3952,American,Lucknow,Area_19,2014,4.2,Medium,False,2022-05-14,Gold,Tier 1,2.4614360637849684
3953,Restaurant_3953,South Indian,Ahmedabad,Area_9,2016,4.9,Medium,False,2021-12-16,Toing Partner,Tier 3,6.285778038578956
3954,Restaurant_3954,North Indian,Chennai,Area_17,2018,3.2,Medium,True,2021-08-10,Bolt Partner,Tier 1,1.075492380203973
3955,Restaurant_3955,Street Food,Delhi,Area_16,2017,3.3,Medium,False,2022-09-27,Gold,Tier 1,1.1406989994211434
3956,Restaurant_3956,Italian,Pune,Area_16,2017,4.9,Medium,True,2021-06-28,Gold,Tier 1,2.756688985270981
3957,Restaurant_3957,Continental,Noida,Area_14,2015,3.2,High,True,2020-04-09,Toing Partner,Tier 3,3.687647513788107
3958,Restaurant_3958,North Indian,Jaipur,Area_12,2015,3.4,Low,False,2021-11-05,Regular,Tier 2,1.3126427469383042
3959,Restaurant_3959,Street Food,Kolkata,Area_11,2010,3.8,Medium,False,2021-08-02,Regular,Tier 2,1.0263146452903047
3960,Restaurant_3960,Street Food,Jaipur,Area_20,2021,3.8,Low,False,2020-06-01,Gold,Tier 1,1.0202975947132358
3961,Restaurant_3961,Mexican,Lucknow,Area_18,2021,3.3,High,False,2022-03-20,Regular,Tier 2,1.5320383860556002
3962,Restaurant_3962,American,Bangalore,Area_1,2017,4.4,Low,True,2020-10-05,Gold,Tier 1,1.2834180240038489
3963,Restaurant_3963,Italian,Noida,Area_7,2022,4.1,Medium,True,2020-07-16,Gold,Tier 1,1.0146416143572097
3964,Restaurant_3964,Fast Food,Pune,Area_9,2012,3.3,High,False,2022-07-10,Gold,Tier 1,1.5490428884540175
3965,Restaurant_3965,Chinese,Noida,Area_9,2011,3.6,High,True,2020-06-19,Regular,Tier 2,1.0056996292617484
3966,Restaurant_3966,Continental,Ahmedabad,Area_10,2017,3.3,Medium,False,2020-01-28,Bolt Partner,Tier 1,2.1686513162760117
3967,Restaurant_3967,Street Food,Chennai,Area_3,2016,4.6,Medium,False,2022-02-19,Toing Partner,Tier 3,1.2007586776994945
3968,Restaurant_3968,North Indian,Jaipur,Area_13,2020,3.5,Medium,False,2021-09-26,Regular,Tier 2,1.0207579013196726
3969,Restaurant_3969,Mughlai,Pune,Area_12,2018,3.3,Medium,False,2020-06-11,Regular,Tier 2,1.5586087560187136
3970,Restaurant_3970,Mughlai,Lucknow,Area_10,2011,4.7,High,False,2020-01-27,Regular,Tier 2,1.2885104628531752
3971,Restaurant_3971,American,Mumbai,Area_20,2020,3.5,High,True,2022-05-18,Toing Partner,Tier 3,6.178069368015058
3972,Restaurant_3972,Desserts,Chennai,Area_4,2012,4.7,Low,False,2020-01-27,Regular,Tier 2,1.481194880735239
3973,Restaurant_3973,South Indian,Noida,Area_7,2017,4.0,Medium,False,2022-09-14,Bolt Partner,Tier 1,1.174634213791404
3974,Restaurant_3974,American,Mumbai,Area_20,2011,3.6,Low,False,2022-04-30,Bolt Partner,Tier 1,1.8551594292128017
3975,Restaurant_3975,Desserts,Bangalore,Area_19,2018,3.7,High,True,2020-02-25,Toing Partner,Tier 3,1.1716093748795005
3976,Restaurant_3976,Mexican,Kolkata,Area_5,2013,3.1,Medium,True,2020-06-01,Regular,Tier 2,3.231583597248457
3977,Restaurant_3977,Chinese,Pune,Area_11,2014,3.4,Medium,False,2021-03-19,Toing Partner,Tier 3,1.2646298118344874
3978,Restaurant_3978,Mexican,Lucknow,Area_18,2018,3.2,Low,True,2020-06-06,Toing Partner,Tier 3,1.4904943270739708
3979,Restaurant_3979,Chinese,Noida,Area_18,2012,4.2,High,False,2020-07-03,Gold,Tier 1,1.0262879617105387
3980,Restaurant_3980,American,Gurgaon,Area_19,2012,3.4,High,False,2022-04-17,Toing Partner,Tier 3,1.3200486083900986
3981,Restaurant_3981,Italian,Bangalore,Area_19,2013,3.5,Medium,True,2022-07-09,Bolt Partner,Tier 1,2.442394194333561
3982,Restaurant_3982,South Indian,Noida,Area_1,2014,3.0,Low,True,2021-04-24,Regular,Tier 2,2.2683308154857325
3983,Restaurant_3983,Bakery,Jaipur,Area_6,2016,3.4,Low,False,2020-07-12,Gold,Tier 1,1.1354246007287345
3984,Restaurant_3984,Italian,Lucknow,Area_10,2019,4.7,Medium,True,2021-10-03,Bolt Partner,Tier 1,1.136715296742065
3985,Restaurant_3985,Bakery,Lucknow,Area_2,2020,4.2,Low,False,2021-07-26,Regular,Tier 2,2.339575367652108
3986,Restaurant_3986,Bakery,Hyderabad,Area_4,2014,3.9,Low,False,2020-02-25,Gold,Tier 1,3.790447198995279
3987,Restaurant_3987,Healthy Food,Ahmedabad,Area_6,2020,4.7,Low,False,2020-10-12,Regular,Tier 2,1.0513863340217546
3988,Restaurant_3988,South Indian,Mumbai,Area_20,2020,3.6,Low,False,2020-12-29,Bolt Partner,Tier 1,1.3484716119350002
3989,Restaurant_3989,Healthy Food,Lucknow,Area_2,2015,4.3,Medium,False,2021-12-20,Regular,Tier 2,1.2285478415843376
3990,Restaurant_3990,Japanese,Noida,Area_11,2011,4.9,High,False,2020-04-05,Toing Partner,Tier 3,2.7808742484534346
3991,Restaurant_3991,Fast Food,Ahmedabad,Area_12,2014,4.8,High,False,2020-05-11,Bolt Partner,Tier 1,1.0445750984040298
3992,Restaurant_3992,Bakery,Mumbai,Area_2,2017,3.7,High,False,2021-03-11,Gold,Tier 1,1.1258905212214816
3993,Restaurant_3993,Bakery,Chennai,Area_4,2017,3.9,Low,False,2022-02-08,Bolt Partner,Tier 1,2.0099470694274655
3994,Restaurant_3994,Street Food,Kolkata,Area_9,2010,4.5,Low,False,2021-05-15,Regular,Tier 2,1.0266777302611338
3995,Restaurant_3995,Bakery,Bangalore,Area_13,2015,4.7,Low,False,2020-03-18,Toing Partner,Tier 3,1.403773746069952
3996,Restaurant_3996,Chinese,Jaipur,Area_16,2011,4.3,High,True,2021-05-26,Regular,Tier 2,1.3388272935320888
3997,Restaurant_3997,American,Mumbai,Area_13,2018,3.9,High,False,2020-03-11,Bolt Partner,Tier 1,1.2257269301897467
3998,Restaurant_3998,Thai,Jaipur,Area_17,2011,4.5,Low,False,2020-08-05,Gold,Tier 1,1.2851945105060836
3999,Restaurant_3999,Chinese,Lucknow,Area_18,2012,3.7,Medium,True,2022-07-25,Toing Partner,Tier 3,1.458557729177149
4000,Restaurant_4000,Chinese,Jaipur,Area_12,2018,5.0,Low,True,2020-08-05,Gold,Tier 1,1.0919785786770084
